model,gpu,level,problem,compiled,correct,speedup,ref_ms,sol_ms,turns,total_tokens,estimated_cost_usd,op_type,baseline_type,precision_used,run_dir,solution_link,baseline_link
Gemini 3 Flash Preview,RTX3090,1,23_Softmax.py,True,True,0.8951751421946333,0.058480000123381615,0.06532799825072289,10,53909,0.03818,softmax,pytorch,fp32,run_20260226_235356,/data/kernelbench-v3/solutions/Gemini 3 Flash Preview_RTX3090_23_Softmax.py.txt,/data/kernelbench-v3/references/23_Softmax.py
Gemini 3 Flash Preview,RTX3090,1,1_Square_matrix_multiplication_.py,True,True,1.433775829041933,0.689520001411438,0.4809119999408722,10,77287,0.055596,gemm,pytorch,fp32,run_20260226_235356,/data/kernelbench-v3/solutions/Gemini 3 Flash Preview_RTX3090_1_Square_matrix_multiplication_.py.txt,/data/kernelbench-v3/references/1_Square_matrix_multiplication_.py
Gemini 3 Flash Preview,RTX3090,1,2_Standard_matrix_multiplication_.py,False,False,,,,10,76740,0.058478,,,,run_20260226_235356,,/data/kernelbench-v3/references/2_Standard_matrix_multiplication_.py
Gemini 3 Flash Preview,RTX3090,1,36_RMSNorm_.py,True,True,0.16782472743570548,1.6223199963569641,9.666751861572266,6,42708,0.037487,layernorm,pytorch,fp32,run_20260226_235356,/data/kernelbench-v3/solutions/Gemini 3 Flash Preview_RTX3090_36_RMSNorm_.py.txt,/data/kernelbench-v3/references/36_RMSNorm_.py
Gemini 3 Flash Preview,RTX3090,1,3_Batched_matrix_multiplication.py,True,True,0.9936146172973896,0.209136001765728,0.2104799970984459,10,61727,0.044288,gemm,pytorch,fp32,run_20260226_235356,/data/kernelbench-v3/solutions/Gemini 3 Flash Preview_RTX3090_3_Batched_matrix_multiplication.py.txt,/data/kernelbench-v3/references/3_Batched_matrix_multiplication.py
Gemini 3 Flash Preview,RTX3090,1,40_LayerNorm.py,True,True,2.5328228268575166,13.820864200592041,5.4567039012908936,8,60809,0.046121,layernorm,pytorch,fp32,run_20260226_235356,/data/kernelbench-v3/solutions/Gemini 3 Flash Preview_RTX3090_40_LayerNorm.py.txt,/data/kernelbench-v3/references/40_LayerNorm.py
Gemini 3 Flash Preview,RTX3090,1,26_GELU_.py,True,True,0.9970304154255226,0.04297599941492081,0.04310400038957596,9,75902,0.056064,elementwise,pytorch,fp32,run_20260226_235356,/data/kernelbench-v3/solutions/Gemini 3 Flash Preview_RTX3090_26_GELU_.py.txt,/data/kernelbench-v3/references/26_GELU_.py
Gemini 3 Flash Preview,RTX3090,1,47_Sum_reduction_over_a_dimension.py,True,True,1.2344666062708145,0.033695999532938004,0.027295999228954315,5,26826,0.022306,reduction,pytorch,fp32,run_20260226_235356,/data/kernelbench-v3/solutions/Gemini 3 Flash Preview_RTX3090_47_Sum_reduction_over_a_dimension.py.txt,/data/kernelbench-v3/references/47_Sum_reduction_over_a_dimension.py
Gemini 3 Flash Preview,RTX3090,1,4_Matrix_vector_multiplication_.py,True,True,0.37037037539015183,0.16288000345230103,0.4397760033607483,9,51972,0.037684,gemm,pytorch,fp32,run_20260226_235356,/data/kernelbench-v3/solutions/Gemini 3 Flash Preview_RTX3090_4_Matrix_vector_multiplication_.py.txt,/data/kernelbench-v3/references/4_Matrix_vector_multiplication_.py
Gemini 3 Flash Preview,RTX3090,1,42_Max_Pooling_2D.py,True,True,1.4677025325298345,1.1320800185203552,0.7713279724121094,5,29447,0.024613,reduction,pytorch,fp32,run_20260226_235356,/data/kernelbench-v3/solutions/Gemini 3 Flash Preview_RTX3090_42_Max_Pooling_2D.py.txt,/data/kernelbench-v3/references/42_Max_Pooling_2D.py
Gemini 3 Flash Preview,RTX3090,1,63_conv_standard_2D__square_input__square_kernel.py,True,True,0.08211394278709906,0.4413920044898987,5.375360012054443,10,61767,0.044118,conv,pytorch,fp32,run_20260226_235356,/data/kernelbench-v3/solutions/Gemini 3 Flash Preview_RTX3090_63_conv_standard_2D__square_input__square_kernel.py.txt,/data/kernelbench-v3/references/63_conv_standard_2D__square_input__square_kernel.py
Gemini 3 Flash Preview,RTX3090,1,95_CrossEntropyLoss.py,True,True,3.7234424871781386,0.13291200250387192,0.03569599986076355,4,18034,0.01451,reduction,pytorch,fp32,run_20260226_235356,/data/kernelbench-v3/solutions/Gemini 3 Flash Preview_RTX3090_95_CrossEntropyLoss.py.txt,/data/kernelbench-v3/references/95_CrossEntropyLoss.py
Gemini 3 Flash Preview,RTX3090,1,82_conv_depthwise_2D_square_input_square_kernel.py,True,True,1.371035982343922,0.06225600093603134,0.04540799930691719,6,53539,0.048367,conv,pytorch,fp32,run_20260226_235356,/data/kernelbench-v3/solutions/Gemini 3 Flash Preview_RTX3090_82_conv_depthwise_2D_square_input_square_kernel.py.txt,/data/kernelbench-v3/references/82_conv_depthwise_2D_square_input_square_kernel.py
Gemini 3 Flash Preview,RTX3090,1,9_Tall_skinny_matrix_multiplication_.py,False,False,,,,4,23546,0.022184,,,,run_20260226_235356,,/data/kernelbench-v3/references/9_Tall_skinny_matrix_multiplication_.py
Gemini 3 Flash Preview,RTX3090,1,8_Matmul_with_irregular_shapes_.py,True,True,0.9995005229852298,22.99039936065674,23.001888275146484,7,42829,0.034141,gemm,pytorch,fp32,run_20260226_235356,/data/kernelbench-v3/solutions/Gemini 3 Flash Preview_RTX3090_8_Matmul_with_irregular_shapes_.py.txt,/data/kernelbench-v3/references/8_Matmul_with_irregular_shapes_.py
Gemini 3 Flash Preview,RTX3090,2,40_Matmul_Scaling_ResidualAdd.py,True,True,1.4840230642136776,0.2519040107727051,0.16974399983882904,5,45870,0.042284,fused,pytorch,fp32,run_20260226_235356,/data/kernelbench-v3/solutions/Gemini 3 Flash Preview_RTX3090_40_Matmul_Scaling_ResidualAdd.py.txt,/data/kernelbench-v3/references/40_Matmul_Scaling_ResidualAdd.py
Gemini 3 Flash Preview,RTX3090,2,37_Matmul_Swish_Sum_GroupNorm.py,True,True,1.6146224002202563,0.268544003367424,0.16632000356912613,10,145261,0.108318,fused,pytorch,fp32,run_20260226_235356,/data/kernelbench-v3/solutions/Gemini 3 Flash Preview_RTX3090_37_Matmul_Swish_Sum_GroupNorm.py.txt,/data/kernelbench-v3/references/37_Matmul_Swish_Sum_GroupNorm.py
Gemini 3 Flash Preview,RTX3090,2,52_Conv2d_Activation_BatchNorm.py,True,True,1.7763200500787466,1.130847990512848,0.6366240084171295,6,38141,0.032469,fused,pytorch,fp32,run_20260226_235356,/data/kernelbench-v3/solutions/Gemini 3 Flash Preview_RTX3090_52_Conv2d_Activation_BatchNorm.py.txt,/data/kernelbench-v3/references/52_Conv2d_Activation_BatchNorm.py
Gemini 3 Flash Preview,RTX3090,2,59_Matmul_Swish_Scaling.py,True,True,0.9020124865896436,0.25171199440956116,0.27905599772930145,5,44564,0.040788,fused,pytorch,fp32,run_20260226_235356,/data/kernelbench-v3/solutions/Gemini 3 Flash Preview_RTX3090_59_Matmul_Swish_Scaling.py.txt,/data/kernelbench-v3/references/59_Matmul_Swish_Scaling.py
Gemini 3 Flash Preview,RTX3090,2,55_Matmul_MaxPool_Sum_Scale.py,True,False,,,,12,122501,0.081998,,,fp32,run_20260226_235356,/data/kernelbench-v3/solutions/Gemini 3 Flash Preview_RTX3090_55_Matmul_MaxPool_Sum_Scale.py.txt,/data/kernelbench-v3/references/55_Matmul_MaxPool_Sum_Scale.py
Gemini 3 Flash Preview,RTX3090,2,66_Matmul_Dropout_Mean_Softmax.py,True,True,0.367515374846282,0.25150400400161743,0.6843360066413879,10,94643,0.069418,fused,pytorch,fp32,run_20260226_235356,/data/kernelbench-v3/solutions/Gemini 3 Flash Preview_RTX3090_66_Matmul_Dropout_Mean_Softmax.py.txt,/data/kernelbench-v3/references/66_Matmul_Dropout_Mean_Softmax.py
Gemini 3 Flash Preview,RTX3090,2,46_Conv2d_Subtract_Tanh_Subtract_AvgPool.py,True,True,3.7414100692038437,0.9373280107975006,0.2505280077457428,9,99446,0.082518,fused,pytorch,fp32,run_20260226_235356,/data/kernelbench-v3/solutions/Gemini 3 Flash Preview_RTX3090_46_Conv2d_Subtract_Tanh_Subtract_AvgPool.py.txt,/data/kernelbench-v3/references/46_Conv2d_Subtract_Tanh_Subtract_AvgPool.py
Gemini 3 Flash Preview,RTX3090,2,6_Conv3d_Softmax_MaxPool_MaxPool.py,True,True,1.0005156697370343,6.364256143569946,6.360975980758667,11,103781,0.074613,fused,pytorch,fp32,run_20260226_235356,/data/kernelbench-v3/solutions/Gemini 3 Flash Preview_RTX3090_6_Conv3d_Softmax_MaxPool_MaxPool.py.txt,/data/kernelbench-v3/references/6_Conv3d_Softmax_MaxPool_MaxPool.py
Gemini 3 Flash Preview,RTX3090,2,82_Conv2d_Tanh_Scaling_BiasAdd_Max.py,True,True,2.388888971606945,0.9563200175762177,0.40031999349594116,3,17995,0.018009,fused,pytorch,fp32,run_20260226_235356,/data/kernelbench-v3/solutions/Gemini 3 Flash Preview_RTX3090_82_Conv2d_Tanh_Scaling_BiasAdd_Max.py.txt,/data/kernelbench-v3/references/82_Conv2d_Tanh_Scaling_BiasAdd_Max.py
Gemini 3 Flash Preview,RTX3090,2,73_Conv2d_BatchNorm_Scaling.py,True,True,1.5441963816264208,0.7426719963550568,0.4809440076351166,9,121526,0.10261,fused,pytorch,fp32,run_20260226_235356,/data/kernelbench-v3/solutions/Gemini 3 Flash Preview_RTX3090_73_Conv2d_BatchNorm_Scaling.py.txt,/data/kernelbench-v3/references/73_Conv2d_BatchNorm_Scaling.py
Gemini 3 Flash Preview,RTX3090,2,85_Conv2d_GroupNorm_Scale_MaxPool_Clamp.py,True,True,0.041223172838701874,0.9516319930553436,23.084879875183105,6,79723,0.074963,fused,pytorch,fp32,run_20260226_235356,/data/kernelbench-v3/solutions/Gemini 3 Flash Preview_RTX3090_85_Conv2d_GroupNorm_Scale_MaxPool_Clamp.py.txt,/data/kernelbench-v3/references/85_Conv2d_GroupNorm_Scale_MaxPool_Clamp.py
Gemini 3 Flash Preview,RTX3090,2,86_Matmul_Divide_GELU.py,True,True,1.5321510682204642,0.24742400646209717,0.16148799657821655,7,74838,0.065638,fused,pytorch,fp32,run_20260226_235356,/data/kernelbench-v3/solutions/Gemini 3 Flash Preview_RTX3090_86_Matmul_Divide_GELU.py.txt,/data/kernelbench-v3/references/86_Matmul_Divide_GELU.py
Gemini 3 Flash Preview,RTX3090,2,17_Conv2d_InstanceNorm_Divide.py,True,True,1.1179834938650524,0.8569119870662689,0.7664799988269806,6,60233,0.056459,fused,pytorch,fp32,run_20260226_235356,/data/kernelbench-v3/solutions/Gemini 3 Flash Preview_RTX3090_17_Conv2d_InstanceNorm_Divide.py.txt,/data/kernelbench-v3/references/17_Conv2d_InstanceNorm_Divide.py
Gemini 3 Flash Preview,RTX3090,2,99_Matmul_GELU_Softmax.py,True,False,,,,8,73685,0.058964,,,fp32,run_20260226_235356,/data/kernelbench-v3/solutions/Gemini 3 Flash Preview_RTX3090_99_Matmul_GELU_Softmax.py.txt,/data/kernelbench-v3/references/99_Matmul_GELU_Softmax.py
Gemini 3 Flash Preview,RTX3090,3,43_MinGPTCausalAttention.py,True,True,1.6476349576129556,32.34323310852051,19.630096435546875,5,30533,0.025346,attention,pytorch,fp32,run_20260226_235356,/data/kernelbench-v3/solutions/Gemini 3 Flash Preview_RTX3090_43_MinGPTCausalAttention.py.txt,/data/kernelbench-v3/references/43_MinGPTCausalAttention.py
Gemini 3 Flash Preview,RTX3090,2,98_Matmul_AvgPool_GELU_Scale_Max.py,True,True,0.8893593386662242,0.2587679922580719,0.29095999896526337,12,205973,0.163181,fused,pytorch,fp32,run_20260226_235356,/data/kernelbench-v3/solutions/Gemini 3 Flash Preview_RTX3090_98_Matmul_AvgPool_GELU_Scale_Max.py.txt,/data/kernelbench-v3/references/98_Matmul_AvgPool_GELU_Scale_Max.py
Gemini 3 Flash Preview,RTX3090,3,31_VisionAttention.py,False,False,,,,12,163778,0.119854,,,,run_20260226_235356,,/data/kernelbench-v3/references/31_VisionAttention.py
Gemini 3 Flash Preview,RTX3090,4,1_DeepSeek_MLA.py,False,False,,,,12,219676,0.167952,,,,run_20260226_235356,,/data/kernelbench-v3/references/1_DeepSeek_MLA.py
Gemini 3 Flash Preview,RTX3090,4,3_GroupedQueryAttention.py,False,False,,,,14,187124,0.121763,,,,run_20260226_235356,,/data/kernelbench-v3/references/3_GroupedQueryAttention.py
Gemini 3 Flash Preview,RTX3090,4,2_DeepSeek_MoE.py,False,False,,,,15,307825,0.232104,,,,run_20260226_235356,,/data/kernelbench-v3/references/2_DeepSeek_MoE.py
Gemini 3 Flash Preview,RTX3090,4,4_FP8_Matmul.py,False,False,,,,7,102511,0.084576,,,,run_20260226_235356,,/data/kernelbench-v3/references/4_FP8_Matmul.py
Gemini 3 Flash Preview,RTX3090,3,44_MiniGPTBlock.py,False,False,,,,7,67984,0.053988,,,,run_20260226_235356,,/data/kernelbench-v3/references/44_MiniGPTBlock.py
Gemini 3 Flash Preview,RTX3090,4,5_MoE_GatedGEMM.py,False,False,,,,10,174002,0.129293,,,,run_20260226_235356,,/data/kernelbench-v3/references/5_MoE_GatedGEMM.py
Gemini 3 Flash Preview,RTX3090,1,bloom.py,True,True,3.5338679417937433,0.5993439853191376,0.1695999950170517,7,58967,0.049073,fused,pytorch,fp32,run_20260226_235356,/data/kernelbench-v3/solutions/Gemini 3 Flash Preview_RTX3090_bloom.py.txt,/data/kernelbench-v3/references/bloom.py
Gemini 3 Flash Preview,RTX3090,4,7_GatedDeltaNet.py,True,True,1.0655146521651315,77.61977767944336,72.84721755981445,15,109693,0.071562,model,pytorch,fp32,run_20260226_235356,/data/kernelbench-v3/solutions/Gemini 3 Flash Preview_RTX3090_7_GatedDeltaNet.py.txt,/data/kernelbench-v3/references/7_GatedDeltaNet.py
Gemini 3 Flash Preview,RTX3090,1,particles.py,True,True,1.0349815097468333,7.027392148971558,6.789872169494629,10,55507,0.036969,fused,pytorch,fp32,run_20260226_235356,/data/kernelbench-v3/solutions/Gemini 3 Flash Preview_RTX3090_particles.py.txt,/data/kernelbench-v3/references/particles.py
Gemini 3 Flash Preview,RTX3090,4,6_INT4_Quantized_GEMM.py,True,True,0.008362925812037264,34.539167404174805,4130.033935546875,8,121276,0.094154,gemm,pytorch,fp16,run_20260226_235356,/data/kernelbench-v3/solutions/Gemini 3 Flash Preview_RTX3090_6_INT4_Quantized_GEMM.py.txt,/data/kernelbench-v3/references/6_INT4_Quantized_GEMM.py
Gemini 3 Flash Preview,RTX3090,4,8_KimiDeltaAttention.py,True,True,0.9997258465538048,79.87492752075195,79.89683151245117,15,336372,0.243774,attention,pytorch,fp32,run_20260226_235356,/data/kernelbench-v3/solutions/Gemini 3 Flash Preview_RTX3090_8_KimiDeltaAttention.py.txt,/data/kernelbench-v3/references/8_KimiDeltaAttention.py
Gemini 3 Flash Preview,H100,1,23_Softmax.py,True,True,0.5932083581012731,0.026832000352442265,0.04523199982941151,3,11158,0.00821,softmax,pytorch,fp32,run_20260227_030206,/data/kernelbench-v3/solutions/Gemini 3 Flash Preview_H100_23_Softmax.py.txt,/data/kernelbench-v3/references/23_Softmax.py
Gemini 3 Flash Preview,H100,1,2_Standard_matrix_multiplication_.py,False,False,,,,0,0,,,,,run_20260227_030206,,/data/kernelbench-v3/references/2_Standard_matrix_multiplication_.py
Gemini 3 Flash Preview,H100,1,3_Batched_matrix_multiplication.py,False,False,,,,10,61400,0.044427,,,,run_20260227_030206,,/data/kernelbench-v3/references/3_Batched_matrix_multiplication.py
Gemini 3 Flash Preview,H100,1,1_Square_matrix_multiplication_.py,True,True,1.7100941071075195,0.3664800077676773,0.21430400013923645,10,60650,0.042452,gemm,pytorch,fp32,run_20260227_030206,/data/kernelbench-v3/solutions/Gemini 3 Flash Preview_H100_1_Square_matrix_multiplication_.py.txt,/data/kernelbench-v3/references/1_Square_matrix_multiplication_.py
Gemini 3 Flash Preview,H100,1,26_GELU_.py,True,True,0.828504672388788,0.02836799994111061,0.0342399999499321,5,28094,0.023025,elementwise,pytorch,fp32,run_20260227_030206,/data/kernelbench-v3/solutions/Gemini 3 Flash Preview_H100_26_GELU_.py.txt,/data/kernelbench-v3/references/26_GELU_.py
Gemini 3 Flash Preview,H100,1,36_RMSNorm_.py,True,True,0.2807852195818129,0.5343679785728455,1.9031200408935547,5,45858,0.035848,layernorm,pytorch,fp32,run_20260227_030206,/data/kernelbench-v3/solutions/Gemini 3 Flash Preview_H100_36_RMSNorm_.py.txt,/data/kernelbench-v3/references/36_RMSNorm_.py
Gemini 3 Flash Preview,H100,1,4_Matrix_vector_multiplication_.py,True,True,0.7318376341222268,0.06576000154018402,0.08985599875450134,7,40458,0.031388,gemm,pytorch,fp32,run_20260227_030206,/data/kernelbench-v3/solutions/Gemini 3 Flash Preview_H100_4_Matrix_vector_multiplication_.py.txt,/data/kernelbench-v3/references/4_Matrix_vector_multiplication_.py
Gemini 3 Flash Preview,H100,1,47_Sum_reduction_over_a_dimension.py,True,True,0.4094899174939888,0.027615999802947044,0.06743999943137169,10,68493,0.04951,reduction,pytorch,fp32,run_20260227_030206,/data/kernelbench-v3/solutions/Gemini 3 Flash Preview_H100_47_Sum_reduction_over_a_dimension.py.txt,/data/kernelbench-v3/references/47_Sum_reduction_over_a_dimension.py
Gemini 3 Flash Preview,H100,1,42_Max_Pooling_2D.py,True,True,1.2063121153671081,0.42136000096797943,0.3492960035800934,7,48523,0.032473,reduction,pytorch,fp32,run_20260227_030206,/data/kernelbench-v3/solutions/Gemini 3 Flash Preview_H100_42_Max_Pooling_2D.py.txt,/data/kernelbench-v3/references/42_Max_Pooling_2D.py
Gemini 3 Flash Preview,H100,1,63_conv_standard_2D__square_input__square_kernel.py,True,True,1.0046763831676109,0.26124800741672516,0.2600319981575012,10,97437,0.072247,conv,pytorch,fp32,run_20260227_030206,/data/kernelbench-v3/solutions/Gemini 3 Flash Preview_H100_63_conv_standard_2D__square_input__square_kernel.py.txt,/data/kernelbench-v3/references/63_conv_standard_2D__square_input__square_kernel.py
Gemini 3 Flash Preview,H100,1,95_CrossEntropyLoss.py,True,True,0.5495652487791142,0.035392001271247864,0.06439999863505363,5,24283,0.019385,reduction,pytorch,fp32,run_20260227_030206,/data/kernelbench-v3/solutions/Gemini 3 Flash Preview_H100_95_CrossEntropyLoss.py.txt,/data/kernelbench-v3/references/95_CrossEntropyLoss.py
Gemini 3 Flash Preview,H100,1,40_LayerNorm.py,True,True,2.438791464063424,8.1112642288208,3.325935959815979,7,65443,0.05735,layernorm,pytorch,fp32,run_20260227_030206,/data/kernelbench-v3/solutions/Gemini 3 Flash Preview_H100_40_LayerNorm.py.txt,/data/kernelbench-v3/references/40_LayerNorm.py
Gemini 3 Flash Preview,H100,1,82_conv_depthwise_2D_square_input_square_kernel.py,True,False,,,,10,60037,0.041148,,,fp32,run_20260227_030206,/data/kernelbench-v3/solutions/Gemini 3 Flash Preview_H100_82_conv_depthwise_2D_square_input_square_kernel.py.txt,/data/kernelbench-v3/references/82_conv_depthwise_2D_square_input_square_kernel.py
Gemini 3 Flash Preview,H100,1,8_Matmul_with_irregular_shapes_.py,True,True,0.914033842096765,6.435119867324829,7.040351867675781,10,99265,0.078238,gemm,pytorch,fp32,run_20260227_030206,/data/kernelbench-v3/solutions/Gemini 3 Flash Preview_H100_8_Matmul_with_irregular_shapes_.py.txt,/data/kernelbench-v3/references/8_Matmul_with_irregular_shapes_.py
Gemini 3 Flash Preview,H100,1,9_Tall_skinny_matrix_multiplication_.py,True,True,0.578142182570225,0.48795200884342194,0.8440000116825104,10,58765,0.041529,gemm,pytorch,fp32,run_20260227_030206,/data/kernelbench-v3/solutions/Gemini 3 Flash Preview_H100_9_Tall_skinny_matrix_multiplication_.py.txt,/data/kernelbench-v3/references/9_Tall_skinny_matrix_multiplication_.py
Gemini 3 Flash Preview,H100,2,37_Matmul_Swish_Sum_GroupNorm.py,True,True,1.9603918736923236,0.22411199659109116,0.11431999877095222,4,34130,0.035652,fused,pytorch,fp32,run_20260227_030206,/data/kernelbench-v3/solutions/Gemini 3 Flash Preview_H100_37_Matmul_Swish_Sum_GroupNorm.py.txt,/data/kernelbench-v3/references/37_Matmul_Swish_Sum_GroupNorm.py
Gemini 3 Flash Preview,H100,2,17_Conv2d_InstanceNorm_Divide.py,False,False,,,,3,22973,0.038104,,,,run_20260227_030206,,/data/kernelbench-v3/references/17_Conv2d_InstanceNorm_Divide.py
Gemini 3 Flash Preview,H100,2,40_Matmul_Scaling_ResidualAdd.py,False,False,,,,12,105125,0.075696,,,,run_20260227_030206,,/data/kernelbench-v3/references/40_Matmul_Scaling_ResidualAdd.py
Gemini 3 Flash Preview,H100,2,59_Matmul_Swish_Scaling.py,True,True,1.6522610909108726,0.21104000508785248,0.12772800028324127,7,44606,0.033405,fused,pytorch,fp32,run_20260227_030206,/data/kernelbench-v3/solutions/Gemini 3 Flash Preview_H100_59_Matmul_Swish_Scaling.py.txt,/data/kernelbench-v3/references/59_Matmul_Swish_Scaling.py
Gemini 3 Flash Preview,H100,2,55_Matmul_MaxPool_Sum_Scale.py,True,False,,,,12,165693,0.125351,,,fp32,run_20260227_030206,/data/kernelbench-v3/solutions/Gemini 3 Flash Preview_H100_55_Matmul_MaxPool_Sum_Scale.py.txt,/data/kernelbench-v3/references/55_Matmul_MaxPool_Sum_Scale.py
Gemini 3 Flash Preview,H100,2,46_Conv2d_Subtract_Tanh_Subtract_AvgPool.py,True,True,2.6144505073184714,0.40990400314331055,0.15678399801254272,7,70556,0.063054,fused,pytorch,fp32,run_20260227_030206,/data/kernelbench-v3/solutions/Gemini 3 Flash Preview_H100_46_Conv2d_Subtract_Tanh_Subtract_AvgPool.py.txt,/data/kernelbench-v3/references/46_Conv2d_Subtract_Tanh_Subtract_AvgPool.py
Gemini 3 Flash Preview,H100,2,66_Matmul_Dropout_Mean_Softmax.py,True,True,1.4438736402222225,0.21136000007390976,0.14638400077819824,9,103390,0.083382,fused,pytorch,fp32,run_20260227_030206,/data/kernelbench-v3/solutions/Gemini 3 Flash Preview_H100_66_Matmul_Dropout_Mean_Softmax.py.txt,/data/kernelbench-v3/references/66_Matmul_Dropout_Mean_Softmax.py
Gemini 3 Flash Preview,H100,2,52_Conv2d_Activation_BatchNorm.py,True,True,1.1191281640765967,0.4658080041408539,0.41622400283813477,6,54187,0.049866,fused,pytorch,fp32,run_20260227_030206,/data/kernelbench-v3/solutions/Gemini 3 Flash Preview_H100_52_Conv2d_Activation_BatchNorm.py.txt,/data/kernelbench-v3/references/52_Conv2d_Activation_BatchNorm.py
Gemini 3 Flash Preview,H100,2,85_Conv2d_GroupNorm_Scale_MaxPool_Clamp.py,True,True,0.024698162106979067,0.5213600099086761,21.10926342010498,12,116566,0.080212,unknown,pytorch,fp32,run_20260227_030206,/data/kernelbench-v3/solutions/Gemini 3 Flash Preview_H100_85_Conv2d_GroupNorm_Scale_MaxPool_Clamp.py.txt,/data/kernelbench-v3/references/85_Conv2d_GroupNorm_Scale_MaxPool_Clamp.py
Gemini 3 Flash Preview,H100,2,73_Conv2d_BatchNorm_Scaling.py,True,True,0.5254195665849773,0.3421279937028885,0.6511519849300385,11,101034,0.075886,fused,pytorch,fp32,run_20260227_030206,/data/kernelbench-v3/solutions/Gemini 3 Flash Preview_H100_73_Conv2d_BatchNorm_Scaling.py.txt,/data/kernelbench-v3/references/73_Conv2d_BatchNorm_Scaling.py
Gemini 3 Flash Preview,H100,2,6_Conv3d_Softmax_MaxPool_MaxPool.py,True,True,1.0508190318418078,1.593999981880188,1.5169119834899902,11,125785,0.095173,fused,pytorch,fp32,run_20260227_030206,/data/kernelbench-v3/solutions/Gemini 3 Flash Preview_H100_6_Conv3d_Softmax_MaxPool_MaxPool.py.txt,/data/kernelbench-v3/references/6_Conv3d_Softmax_MaxPool_MaxPool.py
Gemini 3 Flash Preview,H100,2,86_Matmul_Divide_GELU.py,True,True,1.996731528874714,0.20526400208473206,0.10280000045895576,11,119909,0.082786,fused,pytorch,fp32,run_20260227_030206,/data/kernelbench-v3/solutions/Gemini 3 Flash Preview_H100_86_Matmul_Divide_GELU.py.txt,/data/kernelbench-v3/references/86_Matmul_Divide_GELU.py
Gemini 3 Flash Preview,H100,2,98_Matmul_AvgPool_GELU_Scale_Max.py,False,False,,,,12,107801,0.072868,,,,run_20260227_030206,,/data/kernelbench-v3/references/98_Matmul_AvgPool_GELU_Scale_Max.py
Gemini 3 Flash Preview,H100,3,43_MinGPTCausalAttention.py,True,True,1.6292768420182127,6.547919988632202,4.018911838531494,3,13336,0.00926,attention,pytorch,fp32,run_20260227_030206,/data/kernelbench-v3/solutions/Gemini 3 Flash Preview_H100_43_MinGPTCausalAttention.py.txt,/data/kernelbench-v3/references/43_MinGPTCausalAttention.py
Gemini 3 Flash Preview,H100,2,99_Matmul_GELU_Softmax.py,True,False,,,,8,87180,0.067669,,,fp32,run_20260227_030206,/data/kernelbench-v3/solutions/Gemini 3 Flash Preview_H100_99_Matmul_GELU_Softmax.py.txt,/data/kernelbench-v3/references/99_Matmul_GELU_Softmax.py
Gemini 3 Flash Preview,H100,3,31_VisionAttention.py,True,True,1.4618202305599644,21.599247932434082,14.77558422088623,10,82212,0.060842,attention,pytorch,fp32,run_20260227_030206,/data/kernelbench-v3/solutions/Gemini 3 Flash Preview_H100_31_VisionAttention.py.txt,/data/kernelbench-v3/references/31_VisionAttention.py
Gemini 3 Flash Preview,H100,3,44_MiniGPTBlock.py,True,True,1.402055196192008,30.367775917053223,21.659472465515137,14,131742,0.085346,model,pytorch,fp32,run_20260227_030206,/data/kernelbench-v3/solutions/Gemini 3 Flash Preview_H100_44_MiniGPTBlock.py.txt,/data/kernelbench-v3/references/44_MiniGPTBlock.py
Gemini 3 Flash Preview,H100,2,82_Conv2d_Tanh_Scaling_BiasAdd_Max.py,True,True,2.320263214640489,0.42321600019931793,0.18239999562501907,12,147210,0.116718,fused,pytorch,fp32,run_20260227_030206,/data/kernelbench-v3/solutions/Gemini 3 Flash Preview_H100_82_Conv2d_Tanh_Scaling_BiasAdd_Max.py.txt,/data/kernelbench-v3/references/82_Conv2d_Tanh_Scaling_BiasAdd_Max.py
Gemini 3 Flash Preview,H100,4,1_DeepSeek_MLA.py,False,False,,,,9,138061,0.110829,,,,run_20260227_030206,,/data/kernelbench-v3/references/1_DeepSeek_MLA.py
Gemini 3 Flash Preview,H100,4,2_DeepSeek_MoE.py,False,False,,,,14,258594,0.184136,,,,run_20260227_030206,,/data/kernelbench-v3/references/2_DeepSeek_MoE.py
Gemini 3 Flash Preview,H100,4,3_GroupedQueryAttention.py,True,True,1.5581709353590447,26.938207626342773,17.288352012634277,12,303636,0.230751,attention,pytorch,fp32,run_20260227_030206,/data/kernelbench-v3/solutions/Gemini 3 Flash Preview_H100_3_GroupedQueryAttention.py.txt,/data/kernelbench-v3/references/3_GroupedQueryAttention.py
Gemini 3 Flash Preview,H100,4,4_FP8_Matmul.py,True,True,1.0047274244969373,1.2649759650230408,1.2590240240097046,13,190014,0.136185,gemm,pytorch,fp16,run_20260227_030206,/data/kernelbench-v3/solutions/Gemini 3 Flash Preview_H100_4_FP8_Matmul.py.txt,/data/kernelbench-v3/references/4_FP8_Matmul.py
Gemini 3 Flash Preview,H100,4,6_INT4_Quantized_GEMM.py,True,True,0.17435114139088742,2.007983922958374,11.516895771026611,9,126219,0.099445,gemm,pytorch,fp16,run_20260227_030206,/data/kernelbench-v3/solutions/Gemini 3 Flash Preview_H100_6_INT4_Quantized_GEMM.py.txt,/data/kernelbench-v3/references/6_INT4_Quantized_GEMM.py
Gemini 3 Flash Preview,H100,1,gemm_bf16.py,True,True,0.625,0.04399999976158142,0.07039999961853027,5,24227,0.018376,gemm,pytorch,bf16,run_20260227_030206,/data/kernelbench-v3/solutions/Gemini 3 Flash Preview_H100_gemm_bf16.py.txt,/data/kernelbench-v3/references/gemm_bf16.py
Gemini 3 Flash Preview,H100,1,gemm_bias_gelu.py,True,True,0.8851543966891519,0.10913599655032158,0.12329600006341934,10,67881,0.044482,gemm_epilogue,pytorch,fp16,run_20260227_030206,/data/kernelbench-v3/solutions/Gemini 3 Flash Preview_H100_gemm_bias_gelu.py.txt,/data/kernelbench-v3/references/gemm_bias_gelu.py
Gemini 3 Flash Preview,H100,4,7_GatedDeltaNet.py,True,False,,,,15,147248,0.09905,,,fp32,run_20260227_030206,/data/kernelbench-v3/solutions/Gemini 3 Flash Preview_H100_7_GatedDeltaNet.py.txt,/data/kernelbench-v3/references/7_GatedDeltaNet.py
Gemini 3 Flash Preview,H100,4,5_MoE_GatedGEMM.py,False,False,,,,14,236663,0.175916,,,,run_20260227_030206,,/data/kernelbench-v3/references/5_MoE_GatedGEMM.py
Gemini 3 Flash Preview,H100,1,gemm_bias_relu.py,True,True,0.9806866905307375,0.10236799716949463,0.10438399761915207,7,37676,0.027801,gemm_epilogue,pytorch,fp16,run_20260227_030206,/data/kernelbench-v3/solutions/Gemini 3 Flash Preview_H100_gemm_bias_relu.py.txt,/data/kernelbench-v3/references/gemm_bias_relu.py
Gemini 3 Flash Preview,H100,1,gemm_bias_silu.py,True,True,0.9600814467833869,0.11313599720597267,0.1178399994969368,7,56260,0.047623,gemm_epilogue,pytorch,fp16,run_20260227_030206,/data/kernelbench-v3/solutions/Gemini 3 Flash Preview_H100_gemm_bias_silu.py.txt,/data/kernelbench-v3/references/gemm_bias_silu.py
Gemini 3 Flash Preview,H100,4,8_KimiDeltaAttention.py,True,True,0.9996165077219403,11.176432132720947,11.18071985244751,10,164738,0.12098,attention,pytorch,fp32,run_20260227_030206,/data/kernelbench-v3/solutions/Gemini 3 Flash Preview_H100_8_KimiDeltaAttention.py.txt,/data/kernelbench-v3/references/8_KimiDeltaAttention.py
Gemini 3 Flash Preview,H100,1,gemm_fp8.py,True,True,1.7348919189852063,0.4404959976673126,0.25390399992465973,3,17575,0.017811,gemm,pytorch,int8,run_20260227_030206,/data/kernelbench-v3/solutions/Gemini 3 Flash Preview_H100_gemm_fp8.py.txt,/data/kernelbench-v3/references/gemm_fp8.py
Gemini 3 Flash Preview,H100,1,gemm_mixed_fp8_fp16.py,True,True,0.8034894379552295,0.08399999886751175,0.10454399883747101,7,36382,0.026471,gemm,pytorch,int8,run_20260227_030206,/data/kernelbench-v3/solutions/Gemini 3 Flash Preview_H100_gemm_mixed_fp8_fp16.py.txt,/data/kernelbench-v3/references/gemm_mixed_fp8_fp16.py
Gemini 3 Flash Preview,H100,1,gemm_residual_add.py,True,True,0.7488378443447892,0.08763200044631958,0.1170240007340908,5,26875,0.02141,gemm_epilogue,pytorch,fp16,run_20260227_030206,/data/kernelbench-v3/solutions/Gemini 3 Flash Preview_H100_gemm_residual_add.py.txt,/data/kernelbench-v3/references/gemm_residual_add.py
Gemini 3 Flash Preview,H100,1,gemv_bf16.py,True,True,0.05423639656646434,0.06611200049519539,1.2189600467681885,7,40133,0.031229,gemv,pytorch,bf16,run_20260227_030206,/data/kernelbench-v3/solutions/Gemini 3 Flash Preview_H100_gemv_bf16.py.txt,/data/kernelbench-v3/references/gemv_bf16.py
Gemini 3 Flash Preview,H100,1,gemv_fp16.py,True,True,0.1448116649788379,0.0692639984190464,0.478303998708725,3,14195,0.012829,gemv,pytorch,fp16,run_20260227_030206,/data/kernelbench-v3/solutions/Gemini 3 Flash Preview_H100_gemv_fp16.py.txt,/data/kernelbench-v3/references/gemv_fp16.py
Gemini 3 Flash Preview,H100,1,gemm_fp4.py,True,True,0.5680703404670311,0.4187360107898712,0.7371200025081635,7,57640,0.049665,gemm,pytorch,int8,run_20260227_030206,/data/kernelbench-v3/solutions/Gemini 3 Flash Preview_H100_gemm_fp4.py.txt,/data/kernelbench-v3/references/gemm_fp4.py
Gemini 3 Flash Preview,H100,1,moe_grouped_gemm.py,True,False,,,,10,91034,0.070597,,,fp32,run_20260227_030206,/data/kernelbench-v3/solutions/Gemini 3 Flash Preview_H100_moe_grouped_gemm.py.txt,/data/kernelbench-v3/references/moe_grouped_gemm.py
Gemini 3 Flash Preview,H100,1,gemv_fp4.py,True,True,0.3094197475233482,0.606031984090805,1.9586079716682434,10,62356,0.044814,gemv,pytorch,int8,run_20260227_030206,/data/kernelbench-v3/solutions/Gemini 3 Flash Preview_H100_gemv_fp4.py.txt,/data/kernelbench-v3/references/gemv_fp4.py
Gemini 3 Flash Preview,H100,1,gemv_fp8.py,True,True,0.9530403075319155,0.5935840010643005,0.6228320002555847,10,68769,0.046174,gemv,pytorch,int8,run_20260227_030206,/data/kernelbench-v3/solutions/Gemini 3 Flash Preview_H100_gemv_fp8.py.txt,/data/kernelbench-v3/references/gemv_fp8.py
Gemini 3 Flash Preview,B200,1,1_Square_matrix_multiplication_.py,False,False,,,,10,76621,0.058122,,,,run_20260227_035338,,/data/kernelbench-v3/references/1_Square_matrix_multiplication_.py
Gemini 3 Flash Preview,B200,1,26_GELU_.py,True,True,1.0926365466220085,0.022079999558627605,0.02020800020545721,5,29898,0.025216,elementwise,pytorch,fp32,run_20260227_035338,/data/kernelbench-v3/solutions/Gemini 3 Flash Preview_B200_26_GELU_.py.txt,/data/kernelbench-v3/references/26_GELU_.py
Gemini 3 Flash Preview,B200,1,23_Softmax.py,True,True,0.68987628832773,0.024096000008285046,0.03492800146341324,7,46815,0.035123,softmax,pytorch,fp32,run_20260227_035338,/data/kernelbench-v3/solutions/Gemini 3 Flash Preview_B200_23_Softmax.py.txt,/data/kernelbench-v3/references/23_Softmax.py
Gemini 3 Flash Preview,B200,1,2_Standard_matrix_multiplication_.py,True,True,2.215756796234197,0.3253440111875534,0.14683200418949127,10,71305,0.050252,gemm,pytorch,fp32,run_20260227_035338,/data/kernelbench-v3/solutions/Gemini 3 Flash Preview_B200_2_Standard_matrix_multiplication_.py.txt,/data/kernelbench-v3/references/2_Standard_matrix_multiplication_.py
Gemini 3 Flash Preview,B200,1,36_RMSNorm_.py,True,True,0.25025366949519023,0.3591039925813675,1.4349599480628967,5,25979,0.01986,layernorm,pytorch,fp32,run_20260227_035338,/data/kernelbench-v3/solutions/Gemini 3 Flash Preview_B200_36_RMSNorm_.py.txt,/data/kernelbench-v3/references/36_RMSNorm_.py
Gemini 3 Flash Preview,B200,1,3_Batched_matrix_multiplication.py,True,True,1.1224755555314552,0.11027199774980545,0.09823999926447868,10,64472,0.04606,gemm,pytorch,fp32,run_20260227_035338,/data/kernelbench-v3/solutions/Gemini 3 Flash Preview_B200_3_Batched_matrix_multiplication.py.txt,/data/kernelbench-v3/references/3_Batched_matrix_multiplication.py
Gemini 3 Flash Preview,B200,1,40_LayerNorm.py,True,True,2.430647217017426,9.236576080322266,3.800047993659973,9,63076,0.045399,layernorm,pytorch,fp32,run_20260227_035338,/data/kernelbench-v3/solutions/Gemini 3 Flash Preview_B200_40_LayerNorm.py.txt,/data/kernelbench-v3/references/40_LayerNorm.py
Gemini 3 Flash Preview,B200,1,47_Sum_reduction_over_a_dimension.py,True,True,0.9914794534395295,0.020479999482631683,0.020655999891459942,7,42324,0.032539,reduction,pytorch,fp32,run_20260227_035338,/data/kernelbench-v3/solutions/Gemini 3 Flash Preview_B200_47_Sum_reduction_over_a_dimension.py.txt,/data/kernelbench-v3/references/47_Sum_reduction_over_a_dimension.py
Gemini 3 Flash Preview,B200,1,63_conv_standard_2D__square_input__square_kernel.py,True,False,,,,10,84751,0.063753,,,fp32,run_20260227_035338,/data/kernelbench-v3/solutions/Gemini 3 Flash Preview_B200_63_conv_standard_2D__square_input__square_kernel.py.txt,/data/kernelbench-v3/references/63_conv_standard_2D__square_input__square_kernel.py
Gemini 3 Flash Preview,B200,1,4_Matrix_vector_multiplication_.py,True,True,0.7323481405362096,0.04995200037956238,0.068207997828722,10,66764,0.048335,gemm,pytorch,fp32,run_20260227_035338,/data/kernelbench-v3/solutions/Gemini 3 Flash Preview_B200_4_Matrix_vector_multiplication_.py.txt,/data/kernelbench-v3/references/4_Matrix_vector_multiplication_.py
Gemini 3 Flash Preview,B200,1,42_Max_Pooling_2D.py,False,False,,,,10,79271,0.0475,,,,run_20260227_035338,,/data/kernelbench-v3/references/42_Max_Pooling_2D.py
Gemini 3 Flash Preview,B200,1,8_Matmul_with_irregular_shapes_.py,True,True,0.9645467539606573,4.564543962478638,4.732320070266724,10,64952,0.046653,gemm,pytorch,fp32,run_20260227_035338,/data/kernelbench-v3/solutions/Gemini 3 Flash Preview_B200_8_Matmul_with_irregular_shapes_.py.txt,/data/kernelbench-v3/references/8_Matmul_with_irregular_shapes_.py
Gemini 3 Flash Preview,B200,1,82_conv_depthwise_2D_square_input_square_kernel.py,True,True,0.8690476182015283,0.045552000403404236,0.05241600051522255,10,90563,0.067863,conv,pytorch,fp32,run_20260227_035338,/data/kernelbench-v3/solutions/Gemini 3 Flash Preview_B200_82_conv_depthwise_2D_square_input_square_kernel.py.txt,/data/kernelbench-v3/references/82_conv_depthwise_2D_square_input_square_kernel.py
Gemini 3 Flash Preview,B200,1,9_Tall_skinny_matrix_multiplication_.py,True,True,0.985124178281126,0.36555200815200806,0.3710720092058182,10,113374,0.090004,gemm,pytorch,fp32,run_20260227_035338,/data/kernelbench-v3/solutions/Gemini 3 Flash Preview_B200_9_Tall_skinny_matrix_multiplication_.py.txt,/data/kernelbench-v3/references/9_Tall_skinny_matrix_multiplication_.py
Gemini 3 Flash Preview,B200,1,95_CrossEntropyLoss.py,True,True,1.0969441530313127,0.03331200033426285,0.030368000268936157,10,77083,0.049465,reduction,pytorch,fp32,run_20260227_035338,/data/kernelbench-v3/solutions/Gemini 3 Flash Preview_B200_95_CrossEntropyLoss.py.txt,/data/kernelbench-v3/references/95_CrossEntropyLoss.py
Gemini 3 Flash Preview,B200,2,37_Matmul_Swish_Sum_GroupNorm.py,True,True,1.6637905068398142,0.17585600167512894,0.10569600015878677,8,71016,0.053745,fused,pytorch,fp32,run_20260227_035338,/data/kernelbench-v3/solutions/Gemini 3 Flash Preview_B200_37_Matmul_Swish_Sum_GroupNorm.py.txt,/data/kernelbench-v3/references/37_Matmul_Swish_Sum_GroupNorm.py
Gemini 3 Flash Preview,B200,2,40_Matmul_Scaling_ResidualAdd.py,True,False,,,,8,61788,0.045435,,,fp32,run_20260227_035338,/data/kernelbench-v3/solutions/Gemini 3 Flash Preview_B200_40_Matmul_Scaling_ResidualAdd.py.txt,/data/kernelbench-v3/references/40_Matmul_Scaling_ResidualAdd.py
Gemini 3 Flash Preview,B200,2,17_Conv2d_InstanceNorm_Divide.py,False,False,,,,6,35766,0.0284,,,,run_20260227_035338,,/data/kernelbench-v3/references/17_Conv2d_InstanceNorm_Divide.py
Gemini 3 Flash Preview,B200,2,55_Matmul_MaxPool_Sum_Scale.py,True,True,0.19383670780386608,0.16273599863052368,0.8395520150661469,6,50019,0.040717,fused,pytorch,fp32,run_20260227_035338,/data/kernelbench-v3/solutions/Gemini 3 Flash Preview_B200_55_Matmul_MaxPool_Sum_Scale.py.txt,/data/kernelbench-v3/references/55_Matmul_MaxPool_Sum_Scale.py
Gemini 3 Flash Preview,B200,2,52_Conv2d_Activation_BatchNorm.py,True,True,1.28356478563502,0.31939199566841125,0.24883200228214264,7,41745,0.032016,fused,pytorch,fp32,run_20260227_035338,/data/kernelbench-v3/solutions/Gemini 3 Flash Preview_B200_52_Conv2d_Activation_BatchNorm.py.txt,/data/kernelbench-v3/references/52_Conv2d_Activation_BatchNorm.py
Gemini 3 Flash Preview,B200,2,66_Matmul_Dropout_Mean_Softmax.py,True,False,,,,5,35928,0.03198,,,fp32,run_20260227_035338,/data/kernelbench-v3/solutions/Gemini 3 Flash Preview_B200_66_Matmul_Dropout_Mean_Softmax.py.txt,/data/kernelbench-v3/references/66_Matmul_Dropout_Mean_Softmax.py
Gemini 3 Flash Preview,B200,2,59_Matmul_Swish_Scaling.py,True,True,1.8020984240128917,0.15939200669527054,0.08844800293445587,8,81344,0.066239,fused,pytorch,fp32,run_20260227_035338,/data/kernelbench-v3/solutions/Gemini 3 Flash Preview_B200_59_Matmul_Swish_Scaling.py.txt,/data/kernelbench-v3/references/59_Matmul_Swish_Scaling.py
Gemini 3 Flash Preview,B200,2,46_Conv2d_Subtract_Tanh_Subtract_AvgPool.py,True,True,0.7948005017749049,0.26071999967098236,0.3280320018529892,9,68763,0.050494,fused,pytorch,fp32,run_20260227_035338,/data/kernelbench-v3/solutions/Gemini 3 Flash Preview_B200_46_Conv2d_Subtract_Tanh_Subtract_AvgPool.py.txt,/data/kernelbench-v3/references/46_Conv2d_Subtract_Tanh_Subtract_AvgPool.py
Gemini 3 Flash Preview,B200,2,73_Conv2d_BatchNorm_Scaling.py,True,True,0.8159847952447897,0.2409439980983734,0.29528000950813293,6,36670,0.02879,fused,pytorch,fp32,run_20260227_035338,/data/kernelbench-v3/solutions/Gemini 3 Flash Preview_B200_73_Conv2d_BatchNorm_Scaling.py.txt,/data/kernelbench-v3/references/73_Conv2d_BatchNorm_Scaling.py
Gemini 3 Flash Preview,B200,2,6_Conv3d_Softmax_MaxPool_MaxPool.py,True,True,1.0445729116338054,1.7199519872665405,1.64656001329422,8,67800,0.053863,fused,pytorch,fp32,run_20260227_035338,/data/kernelbench-v3/solutions/Gemini 3 Flash Preview_B200_6_Conv3d_Softmax_MaxPool_MaxPool.py.txt,/data/kernelbench-v3/references/6_Conv3d_Softmax_MaxPool_MaxPool.py
Gemini 3 Flash Preview,B200,2,82_Conv2d_Tanh_Scaling_BiasAdd_Max.py,True,True,1.4339267864032017,0.29254400730133057,0.20401600003242493,8,45530,0.032967,fused,pytorch,fp32,run_20260227_035338,/data/kernelbench-v3/solutions/Gemini 3 Flash Preview_B200_82_Conv2d_Tanh_Scaling_BiasAdd_Max.py.txt,/data/kernelbench-v3/references/82_Conv2d_Tanh_Scaling_BiasAdd_Max.py
Gemini 3 Flash Preview,B200,2,86_Matmul_Divide_GELU.py,True,True,1.9122702123430393,0.1531039997935295,0.08006399869918823,8,49692,0.034412,fused,pytorch,fp32,run_20260227_035338,/data/kernelbench-v3/solutions/Gemini 3 Flash Preview_B200_86_Matmul_Divide_GELU.py.txt,/data/kernelbench-v3/references/86_Matmul_Divide_GELU.py
Gemini 3 Flash Preview,B200,2,85_Conv2d_GroupNorm_Scale_MaxPool_Clamp.py,True,True,1.0939643642305241,0.38019199669361115,0.34753599762916565,7,46969,0.036281,fused,pytorch,fp32,run_20260227_035338,/data/kernelbench-v3/solutions/Gemini 3 Flash Preview_B200_85_Conv2d_GroupNorm_Scale_MaxPool_Clamp.py.txt,/data/kernelbench-v3/references/85_Conv2d_GroupNorm_Scale_MaxPool_Clamp.py
Gemini 3 Flash Preview,B200,2,99_Matmul_GELU_Softmax.py,True,True,1.7507681138916786,0.1549919992685318,0.08852799981832504,9,116207,0.094931,fused,pytorch,fp32,run_20260227_035338,/data/kernelbench-v3/solutions/Gemini 3 Flash Preview_B200_99_Matmul_GELU_Softmax.py.txt,/data/kernelbench-v3/references/99_Matmul_GELU_Softmax.py
Gemini 3 Flash Preview,B200,3,43_MinGPTCausalAttention.py,True,True,1.4174288967105506,5.573647975921631,3.9322240352630615,5,26732,0.018974,attention,pytorch,fp32,run_20260227_035338,/data/kernelbench-v3/solutions/Gemini 3 Flash Preview_B200_43_MinGPTCausalAttention.py.txt,/data/kernelbench-v3/references/43_MinGPTCausalAttention.py
Gemini 3 Flash Preview,B200,3,31_VisionAttention.py,True,True,1.6421652050625841,15.68131160736084,9.549168109893799,12,238373,0.184516,attention,pytorch,fp32,run_20260227_035338,/data/kernelbench-v3/solutions/Gemini 3 Flash Preview_B200_31_VisionAttention.py.txt,/data/kernelbench-v3/references/31_VisionAttention.py
Gemini 3 Flash Preview,B200,2,98_Matmul_AvgPool_GELU_Scale_Max.py,True,False,,,,12,142609,0.102107,,,fp32,run_20260227_035338,/data/kernelbench-v3/solutions/Gemini 3 Flash Preview_B200_98_Matmul_AvgPool_GELU_Scale_Max.py.txt,/data/kernelbench-v3/references/98_Matmul_AvgPool_GELU_Scale_Max.py
Gemini 3 Flash Preview,B200,4,1_DeepSeek_MLA.py,False,False,,,,15,241712,0.162456,,,,run_20260227_035338,,/data/kernelbench-v3/references/1_DeepSeek_MLA.py
Gemini 3 Flash Preview,B200,3,44_MiniGPTBlock.py,True,True,1.2638662936742588,24.35371208190918,19.26921558380127,14,124413,0.082013,model,pytorch,fp32,run_20260227_035338,/data/kernelbench-v3/solutions/Gemini 3 Flash Preview_B200_44_MiniGPTBlock.py.txt,/data/kernelbench-v3/references/44_MiniGPTBlock.py
Gemini 3 Flash Preview,B200,4,3_GroupedQueryAttention.py,True,True,1.5631989059180456,20.902095794677734,13.371360301971436,9,124493,0.088079,attention,pytorch,fp32,run_20260227_035338,/data/kernelbench-v3/solutions/Gemini 3 Flash Preview_B200_3_GroupedQueryAttention.py.txt,/data/kernelbench-v3/references/3_GroupedQueryAttention.py
Gemini 3 Flash Preview,B200,4,4_FP8_Matmul.py,True,True,1.3976802105330697,0.7673600018024445,0.5490240156650543,9,84713,0.060524,gemm,pytorch,fp16,run_20260227_035338,/data/kernelbench-v3/solutions/Gemini 3 Flash Preview_B200_4_FP8_Matmul.py.txt,/data/kernelbench-v3/references/4_FP8_Matmul.py
Gemini 3 Flash Preview,B200,4,6_INT4_Quantized_GEMM.py,True,True,0.0812098407879386,1.0519520044326782,12.953504085540771,3,21068,0.01708,gemm,pytorch,fp16,run_20260227_035338,/data/kernelbench-v3/solutions/Gemini 3 Flash Preview_B200_6_INT4_Quantized_GEMM.py.txt,/data/kernelbench-v3/references/6_INT4_Quantized_GEMM.py
Gemini 3 Flash Preview,B200,4,7_GatedDeltaNet.py,True,True,0.9999680431374781,10.011856079101562,10.012176036834717,6,42074,0.030089,model,pytorch,fp32,run_20260227_035338,/data/kernelbench-v3/solutions/Gemini 3 Flash Preview_B200_7_GatedDeltaNet.py.txt,/data/kernelbench-v3/references/7_GatedDeltaNet.py
Gemini 3 Flash Preview,B200,4,2_DeepSeek_MoE.py,False,False,,,,15,195006,0.122735,,,,run_20260227_035338,,/data/kernelbench-v3/references/2_DeepSeek_MoE.py
Gemini 3 Flash Preview,B200,1,gemm_bf16.py,True,True,0.5709677518285655,0.033983999863266945,0.05951999872922897,3,16950,0.015454,gemm,pytorch,bf16,run_20260227_035338,/data/kernelbench-v3/solutions/Gemini 3 Flash Preview_B200_gemm_bf16.py.txt,/data/kernelbench-v3/references/gemm_bf16.py
Gemini 3 Flash Preview,B200,4,5_MoE_GatedGEMM.py,False,False,,,,15,232753,0.169937,,,,run_20260227_035338,,/data/kernelbench-v3/references/5_MoE_GatedGEMM.py
Gemini 3 Flash Preview,B200,4,8_KimiDeltaAttention.py,True,True,1.0109253297108083,9.882256031036377,9.775455951690674,14,169776,0.113706,attention,pytorch,fp32,run_20260227_035338,/data/kernelbench-v3/solutions/Gemini 3 Flash Preview_B200_8_KimiDeltaAttention.py.txt,/data/kernelbench-v3/references/8_KimiDeltaAttention.py
Gemini 3 Flash Preview,B200,1,gemm_bias_gelu.py,True,True,0.6877744785100026,0.07768000289797783,0.11294400319457054,7,50567,0.033715,gemm_epilogue,pytorch,fp16,run_20260227_035338,/data/kernelbench-v3/solutions/Gemini 3 Flash Preview_B200_gemm_bias_gelu.py.txt,/data/kernelbench-v3/references/gemm_bias_gelu.py
Gemini 3 Flash Preview,B200,4,9_FP4_BlockScaled_Matmul.py,True,True,0.2889626813973045,0.550000011920929,1.9033600091934204,11,155368,0.115039,gemm,pytorch,fp16,run_20260227_035338,/data/kernelbench-v3/solutions/Gemini 3 Flash Preview_B200_9_FP4_BlockScaled_Matmul.py.txt,/data/kernelbench-v3/references/9_FP4_BlockScaled_Matmul.py
Gemini 3 Flash Preview,B200,1,gemm_bias_relu.py,True,True,0.9077410729542651,0.07335999980568886,0.08081599697470665,6,31526,0.0232,gemm_epilogue,pytorch,fp16,run_20260227_035338,/data/kernelbench-v3/solutions/Gemini 3 Flash Preview_B200_gemm_bias_relu.py.txt,/data/kernelbench-v3/references/gemm_bias_relu.py
Gemini 3 Flash Preview,B200,1,gemm_mixed_fp8_fp16.py,True,True,0.7084212291697978,0.059087999165058136,0.08340800181031227,6,35502,0.027795,gemm,pytorch,int8,run_20260227_035338,/data/kernelbench-v3/solutions/Gemini 3 Flash Preview_B200_gemm_mixed_fp8_fp16.py.txt,/data/kernelbench-v3/references/gemm_mixed_fp8_fp16.py
Gemini 3 Flash Preview,B200,1,gemm_bias_silu.py,True,True,0.8442702796590168,0.08275199681520462,0.09801600128412247,7,40550,0.029486,gemm_epilogue,pytorch,fp16,run_20260227_035338,/data/kernelbench-v3/solutions/Gemini 3 Flash Preview_B200_gemm_bias_silu.py.txt,/data/kernelbench-v3/references/gemm_bias_silu.py
Gemini 3 Flash Preview,B200,1,gemm_residual_add.py,True,True,0.6189551969066809,0.05611200071871281,0.09065599739551544,7,39205,0.028655,gemm_epilogue,pytorch,fp16,run_20260227_035338,/data/kernelbench-v3/solutions/Gemini 3 Flash Preview_B200_gemm_residual_add.py.txt,/data/kernelbench-v3/references/gemm_residual_add.py
Gemini 3 Flash Preview,B200,1,gemv_bf16.py,True,True,0.06467397648806196,0.042927999049425125,0.6637600064277649,7,36164,0.0257,gemv,pytorch,bf16,run_20260227_035338,/data/kernelbench-v3/solutions/Gemini 3 Flash Preview_B200_gemv_bf16.py.txt,/data/kernelbench-v3/references/gemv_bf16.py
Gemini 3 Flash Preview,B200,1,gemm_fp8.py,True,True,2.169377710312551,0.3776799887418747,0.1740960031747818,10,66318,0.043242,gemm,pytorch,int8,run_20260227_035338,/data/kernelbench-v3/solutions/Gemini 3 Flash Preview_B200_gemm_fp8.py.txt,/data/kernelbench-v3/references/gemm_fp8.py
Gemini 3 Flash Preview,B200,1,gemm_fp4.py,True,True,0.09603986557895162,0.3792960047721863,3.9493600130081177,7,43133,0.032772,gemm,pytorch,int8,run_20260227_035338,/data/kernelbench-v3/solutions/Gemini 3 Flash Preview_B200_gemm_fp4.py.txt,/data/kernelbench-v3/references/gemm_fp4.py
Gemini 3 Flash Preview,B200,1,gemv_fp16.py,True,True,0.11835240278452235,0.04137600027024746,0.34960000216960907,5,27683,0.022778,gemv,pytorch,fp16,run_20260227_035338,/data/kernelbench-v3/solutions/Gemini 3 Flash Preview_B200_gemv_fp16.py.txt,/data/kernelbench-v3/references/gemv_fp16.py
Gemini 3 Flash Preview,B200,1,moe_grouped_gemm.py,False,False,,,,7,67198,0.055322,,,,run_20260227_035338,,/data/kernelbench-v3/references/moe_grouped_gemm.py
Gemini 3 Flash Preview,B200,1,persistent_gemm.py,True,True,0.5028074768268147,0.060175999999046326,0.1196800023317337,9,54929,0.03816,gemm,pytorch,fp16,run_20260227_035338,/data/kernelbench-v3/solutions/Gemini 3 Flash Preview_B200_persistent_gemm.py.txt,/data/kernelbench-v3/references/persistent_gemm.py
Gemini 3 Flash Preview,B200,1,gemv_fp4.py,True,True,0.8151150191071594,0.47628799080848694,0.5843199789524078,10,74703,0.052378,gemv,pytorch,int8,run_20260227_035338,/data/kernelbench-v3/solutions/Gemini 3 Flash Preview_B200_gemv_fp4.py.txt,/data/kernelbench-v3/references/gemv_fp4.py
Gemini 3 Flash Preview,B200,1,gemv_fp8.py,True,False,,,,10,78313,0.054619,,,int8,run_20260227_035338,/data/kernelbench-v3/solutions/Gemini 3 Flash Preview_B200_gemv_fp8.py.txt,/data/kernelbench-v3/references/gemv_fp8.py
Gemini 3 Flash Preview,B200,1,stream_k_gemm.py,True,True,0.5684127659885169,0.10382400080561638,0.18265599757432938,4,31696,0.030821,gemm,pytorch,fp16,run_20260227_035338,/data/kernelbench-v3/solutions/Gemini 3 Flash Preview_B200_stream_k_gemm.py.txt,/data/kernelbench-v3/references/stream_k_gemm.py
Gemini 3 Flash Preview,B200,1,warp_specialized_gemm.py,True,True,0.5217336243868906,0.06587199866771698,0.12625599652528763,5,31352,0.025172,gemm,pytorch,fp16,run_20260227_035338,/data/kernelbench-v3/solutions/Gemini 3 Flash Preview_B200_warp_specialized_gemm.py.txt,/data/kernelbench-v3/references/warp_specialized_gemm.py
Claude Opus 4.6,RTX3090,1,1_Square_matrix_multiplication_.py,True,True,0.5860579213682897,0.6923359930515289,1.1813439726829529,10,51463,0.348975,gemm,pytorch,fp32,run_20260227_044818,/data/kernelbench-v3/solutions/Claude Opus 4.6_RTX3090_1_Square_matrix_multiplication_.py.txt,/data/kernelbench-v3/references/1_Square_matrix_multiplication_.py
Claude Opus 4.6,RTX3090,1,26_GELU_.py,False,False,,,,10,71245,0.423885,,,,run_20260227_044818,,/data/kernelbench-v3/references/26_GELU_.py
Claude Opus 4.6,RTX3090,1,23_Softmax.py,True,True,1.1350511670807404,0.05849599838256836,0.05153600126504898,10,66075,0.438135,softmax,pytorch,fp32,run_20260227_044818,/data/kernelbench-v3/solutions/Claude Opus 4.6_RTX3090_23_Softmax.py.txt,/data/kernelbench-v3/references/23_Softmax.py
Claude Opus 4.6,RTX3090,1,2_Standard_matrix_multiplication_.py,True,True,0.8647673845530651,0.7634719908237457,0.8828639984130859,10,85612,0.57098,gemm,pytorch,fp32,run_20260227_044818,/data/kernelbench-v3/solutions/Claude Opus 4.6_RTX3090_2_Standard_matrix_multiplication_.py.txt,/data/kernelbench-v3/references/2_Standard_matrix_multiplication_.py
Claude Opus 4.6,RTX3090,1,3_Batched_matrix_multiplication.py,True,True,0.9932131650285533,0.2107359990477562,0.21217600256204605,10,78357,0.523125,gemm,pytorch,fp32,run_20260227_044818,/data/kernelbench-v3/solutions/Claude Opus 4.6_RTX3090_3_Batched_matrix_multiplication.py.txt,/data/kernelbench-v3/references/3_Batched_matrix_multiplication.py
Claude Opus 4.6,RTX3090,1,36_RMSNorm_.py,True,True,1.6519025882239746,1.6475679874420166,0.9973759949207306,10,80809,0.566365,layernorm,pytorch,fp32,run_20260227_044818,/data/kernelbench-v3/solutions/Claude Opus 4.6_RTX3090_36_RMSNorm_.py.txt,/data/kernelbench-v3/references/36_RMSNorm_.py
Claude Opus 4.6,RTX3090,1,42_Max_Pooling_2D.py,True,True,1.2651504258784052,1.1517120003700256,0.9103360176086426,10,98122,0.66353,reduction,pytorch,fp32,run_20260227_044818,/data/kernelbench-v3/solutions/Claude Opus 4.6_RTX3090_42_Max_Pooling_2D.py.txt,/data/kernelbench-v3/references/42_Max_Pooling_2D.py
Claude Opus 4.6,RTX3090,1,40_LayerNorm.py,True,True,8.822567004729605,14.037903785705566,1.5911359786987305,10,111947,0.795155,layernorm,pytorch,fp32,run_20260227_044818,/data/kernelbench-v3/solutions/Claude Opus 4.6_RTX3090_40_LayerNorm.py.txt,/data/kernelbench-v3/references/40_LayerNorm.py
Claude Opus 4.6,RTX3090,1,47_Sum_reduction_over_a_dimension.py,True,True,1.0643037559236979,0.03363199904561043,0.03160000033676624,10,89095,0.626935,reduction,pytorch,fp32,run_20260227_044818,/data/kernelbench-v3/solutions/Claude Opus 4.6_RTX3090_47_Sum_reduction_over_a_dimension.py.txt,/data/kernelbench-v3/references/47_Sum_reduction_over_a_dimension.py
Claude Opus 4.6,RTX3090,1,4_Matrix_vector_multiplication_.py,True,False,,,,10,70765,0.501365,,,fp32,run_20260227_044818,/data/kernelbench-v3/solutions/Claude Opus 4.6_RTX3090_4_Matrix_vector_multiplication_.py.txt,/data/kernelbench-v3/references/4_Matrix_vector_multiplication_.py
Claude Opus 4.6,RTX3090,1,63_conv_standard_2D__square_input__square_kernel.py,True,True,0.5932282373929512,0.4485280066728592,0.7560800015926361,10,71387,0.461455,conv,pytorch,fp32,run_20260227_044818,/data/kernelbench-v3/solutions/Claude Opus 4.6_RTX3090_63_conv_standard_2D__square_input__square_kernel.py.txt,/data/kernelbench-v3/references/63_conv_standard_2D__square_input__square_kernel.py
Claude Opus 4.6,RTX3090,1,95_CrossEntropyLoss.py,True,True,3.8394161049131514,0.13465599715709686,0.035071998834609985,8,49935,0.330475,reduction,pytorch,fp32,run_20260227_044818,/data/kernelbench-v3/solutions/Claude Opus 4.6_RTX3090_95_CrossEntropyLoss.py.txt,/data/kernelbench-v3/references/95_CrossEntropyLoss.py
Claude Opus 4.6,RTX3090,1,8_Matmul_with_irregular_shapes_.py,True,True,1.2136714717100066,23.576704025268555,19.425935745239258,10,83829,0.566765,gemm,pytorch,fp32,run_20260227_044818,/data/kernelbench-v3/solutions/Claude Opus 4.6_RTX3090_8_Matmul_with_irregular_shapes_.py.txt,/data/kernelbench-v3/references/8_Matmul_with_irregular_shapes_.py
Claude Opus 4.6,RTX3090,1,9_Tall_skinny_matrix_multiplication_.py,True,False,,,,10,66542,0.42987,,,fp32,run_20260227_044818,/data/kernelbench-v3/solutions/Claude Opus 4.6_RTX3090_9_Tall_skinny_matrix_multiplication_.py.txt,/data/kernelbench-v3/references/9_Tall_skinny_matrix_multiplication_.py
Claude Opus 4.6,RTX3090,1,82_conv_depthwise_2D_square_input_square_kernel.py,True,True,1.8347497197073106,0.06217600032687187,0.03388800099492073,10,104570,0.77105,conv,pytorch,fp32,run_20260227_044818,/data/kernelbench-v3/solutions/Claude Opus 4.6_RTX3090_82_conv_depthwise_2D_square_input_square_kernel.py.txt,/data/kernelbench-v3/references/82_conv_depthwise_2D_square_input_square_kernel.py
Claude Opus 4.6,RTX3090,2,40_Matmul_Scaling_ResidualAdd.py,True,True,2.1472709742078346,0.2524159997701645,0.117552001029253,12,97325,0.648425,fused,pytorch,fp32,run_20260227_044818,/data/kernelbench-v3/solutions/Claude Opus 4.6_RTX3090_40_Matmul_Scaling_ResidualAdd.py.txt,/data/kernelbench-v3/references/40_Matmul_Scaling_ResidualAdd.py
Claude Opus 4.6,RTX3090,2,17_Conv2d_InstanceNorm_Divide.py,True,True,1.4382328212544484,0.8537119925022125,0.5935840010643005,12,119148,0.8281,fused,pytorch,fp32,run_20260227_044818,/data/kernelbench-v3/solutions/Claude Opus 4.6_RTX3090_17_Conv2d_InstanceNorm_Divide.py.txt,/data/kernelbench-v3/references/17_Conv2d_InstanceNorm_Divide.py
Claude Opus 4.6,RTX3090,2,46_Conv2d_Subtract_Tanh_Subtract_AvgPool.py,True,True,3.972991025611557,0.9555520117282867,0.24051199853420258,12,75799,0.511895,fused,pytorch,fp32,run_20260227_044818,/data/kernelbench-v3/solutions/Claude Opus 4.6_RTX3090_46_Conv2d_Subtract_Tanh_Subtract_AvgPool.py.txt,/data/kernelbench-v3/references/46_Conv2d_Subtract_Tanh_Subtract_AvgPool.py
Claude Opus 4.6,RTX3090,2,52_Conv2d_Activation_BatchNorm.py,True,True,2.250331969533179,1.1388480067253113,0.5060800015926361,12,119793,0.768045,fused,pytorch,fp32,run_20260227_044818,/data/kernelbench-v3/solutions/Claude Opus 4.6_RTX3090_52_Conv2d_Activation_BatchNorm.py.txt,/data/kernelbench-v3/references/52_Conv2d_Activation_BatchNorm.py
Claude Opus 4.6,RTX3090,2,37_Matmul_Swish_Sum_GroupNorm.py,True,True,1.671368528991981,0.2673119902610779,0.15993599593639374,12,181121,1.259785,fused,pytorch,fp32,run_20260227_044818,/data/kernelbench-v3/solutions/Claude Opus 4.6_RTX3090_37_Matmul_Swish_Sum_GroupNorm.py.txt,/data/kernelbench-v3/references/37_Matmul_Swish_Sum_GroupNorm.py
Claude Opus 4.6,RTX3090,2,59_Matmul_Swish_Scaling.py,True,True,2.75316348387441,0.25412800908088684,0.09230400249361992,12,101077,0.682685,fused,pytorch,fp32,run_20260227_044818,/data/kernelbench-v3/solutions/Claude Opus 4.6_RTX3090_59_Matmul_Swish_Scaling.py.txt,/data/kernelbench-v3/references/59_Matmul_Swish_Scaling.py
Claude Opus 4.6,RTX3090,2,66_Matmul_Dropout_Mean_Softmax.py,True,True,1.2422213015370491,0.25231999158859253,0.20312000066041946,12,114502,0.77853,fused,pytorch,fp32,run_20260227_044818,/data/kernelbench-v3/solutions/Claude Opus 4.6_RTX3090_66_Matmul_Dropout_Mean_Softmax.py.txt,/data/kernelbench-v3/references/66_Matmul_Dropout_Mean_Softmax.py
Claude Opus 4.6,RTX3090,2,73_Conv2d_BatchNorm_Scaling.py,True,True,2.256224483339928,0.7423520088195801,0.329024001955986,12,91220,0.56922,fused,pytorch,fp32,run_20260227_044818,/data/kernelbench-v3/solutions/Claude Opus 4.6_RTX3090_73_Conv2d_BatchNorm_Scaling.py.txt,/data/kernelbench-v3/references/73_Conv2d_BatchNorm_Scaling.py
Claude Opus 4.6,RTX3090,2,55_Matmul_MaxPool_Sum_Scale.py,False,False,,,,12,166106,1.08913,,,,run_20260227_044818,,/data/kernelbench-v3/references/55_Matmul_MaxPool_Sum_Scale.py
Claude Opus 4.6,RTX3090,2,6_Conv3d_Softmax_MaxPool_MaxPool.py,True,True,1.401434032166792,6.416975975036621,4.578864097595215,12,135356,0.91764,fused,pytorch,fp32,run_20260227_044818,/data/kernelbench-v3/solutions/Claude Opus 4.6_RTX3090_6_Conv3d_Softmax_MaxPool_MaxPool.py.txt,/data/kernelbench-v3/references/6_Conv3d_Softmax_MaxPool_MaxPool.py
Claude Opus 4.6,RTX3090,2,86_Matmul_Divide_GELU.py,True,True,0.49338588636478997,0.24825599789619446,0.5031680166721344,12,100690,0.58053,fused,pytorch,fp32,run_20260227_044818,/data/kernelbench-v3/solutions/Claude Opus 4.6_RTX3090_86_Matmul_Divide_GELU.py.txt,/data/kernelbench-v3/references/86_Matmul_Divide_GELU.py
Claude Opus 4.6,RTX3090,2,82_Conv2d_Tanh_Scaling_BiasAdd_Max.py,True,True,2.2331793434720573,0.959087997674942,0.4294719994068146,12,118063,0.771955,fused,pytorch,fp32,run_20260227_044818,/data/kernelbench-v3/solutions/Claude Opus 4.6_RTX3090_82_Conv2d_Tanh_Scaling_BiasAdd_Max.py.txt,/data/kernelbench-v3/references/82_Conv2d_Tanh_Scaling_BiasAdd_Max.py
Claude Opus 4.6,RTX3090,2,85_Conv2d_GroupNorm_Scale_MaxPool_Clamp.py,True,True,1.7694733402548104,0.9700960218906403,0.5482399761676788,12,130001,0.866385,fused,pytorch,fp32,run_20260227_044818,/data/kernelbench-v3/solutions/Claude Opus 4.6_RTX3090_85_Conv2d_GroupNorm_Scale_MaxPool_Clamp.py.txt,/data/kernelbench-v3/references/85_Conv2d_GroupNorm_Scale_MaxPool_Clamp.py
Claude Opus 4.6,RTX3090,2,98_Matmul_AvgPool_GELU_Scale_Max.py,False,False,,,,12,126892,0.77664,,,,run_20260227_044818,,/data/kernelbench-v3/references/98_Matmul_AvgPool_GELU_Scale_Max.py
Claude Opus 4.6,RTX3090,3,43_MinGPTCausalAttention.py,False,False,,,,5,33304,0.21196,,,,run_20260227_044818,,/data/kernelbench-v3/references/43_MinGPTCausalAttention.py
Claude Opus 4.6,RTX3090,2,99_Matmul_GELU_Softmax.py,False,False,,,,12,119913,0.740665,,,,run_20260227_044818,,/data/kernelbench-v3/references/99_Matmul_GELU_Softmax.py
Claude Opus 4.6,RTX3090,3,31_VisionAttention.py,False,False,,,,15,147520,0.93898,,,,run_20260227_044818,,/data/kernelbench-v3/references/31_VisionAttention.py
Claude Opus 4.6,RTX3090,4,1_DeepSeek_MLA.py,False,False,,,,15,228458,1.28279,,,,run_20260227_044818,,/data/kernelbench-v3/references/1_DeepSeek_MLA.py
Claude Opus 4.6,RTX3090,4,2_DeepSeek_MoE.py,False,False,,,,15,236361,1.394045,,,,run_20260227_044818,,/data/kernelbench-v3/references/2_DeepSeek_MoE.py
Claude Opus 4.6,RTX3090,3,44_MiniGPTBlock.py,False,False,,,,15,227428,1.4809,,,,run_20260227_044818,,/data/kernelbench-v3/references/44_MiniGPTBlock.py
Claude Opus 4.6,RTX3090,4,3_GroupedQueryAttention.py,True,False,,,,15,239862,1.46883,,,fp32,run_20260227_044818,/data/kernelbench-v3/solutions/Claude Opus 4.6_RTX3090_3_GroupedQueryAttention.py.txt,/data/kernelbench-v3/references/3_GroupedQueryAttention.py
Claude Opus 4.6,RTX3090,4,4_FP8_Matmul.py,False,False,,,,15,235091,1.447295,,,,run_20260227_044818,,/data/kernelbench-v3/references/4_FP8_Matmul.py
Claude Opus 4.6,RTX3090,4,6_INT4_Quantized_GEMM.py,True,True,2.2654068072165314,26.204848289489746,11.567391872406006,15,213962,1.33625,gemm,pytorch,fp16,run_20260227_044818,/data/kernelbench-v3/solutions/Claude Opus 4.6_RTX3090_6_INT4_Quantized_GEMM.py.txt,/data/kernelbench-v3/references/6_INT4_Quantized_GEMM.py
Claude Opus 4.6,RTX3090,4,5_MoE_GatedGEMM.py,False,False,,,,15,255496,1.5914,,,,run_20260227_044818,,/data/kernelbench-v3/references/5_MoE_GatedGEMM.py
Claude Opus 4.6,RTX3090,4,7_GatedDeltaNet.py,False,False,,,,15,221336,1.34214,,,,run_20260227_044818,,/data/kernelbench-v3/references/7_GatedDeltaNet.py
Claude Opus 4.6,RTX3090,1,bloom.py,True,True,5.6459831026092875,0.6027199923992157,0.10675200074911118,10,87326,0.58893,fused,pytorch,fp32,run_20260227_044818,/data/kernelbench-v3/solutions/Claude Opus 4.6_RTX3090_bloom.py.txt,/data/kernelbench-v3/references/bloom.py
Claude Opus 4.6,RTX3090,1,particles.py,True,True,1.047832979213745,6.419008016586304,6.125983953475952,10,79369,0.523045,fused,pytorch,fp32,run_20260227_044818,/data/kernelbench-v3/solutions/Claude Opus 4.6_RTX3090_particles.py.txt,/data/kernelbench-v3/references/particles.py
Claude Opus 4.6,RTX3090,4,8_KimiDeltaAttention.py,False,False,,,,15,235284,1.35274,,,,run_20260227_044818,,/data/kernelbench-v3/references/8_KimiDeltaAttention.py
DeepSeek V3.2,B200,1,1_Square_matrix_multiplication_.py,False,False,,,,3,10410,0.002839,,,,run_20260301_120228,,/data/kernelbench-v3/references/1_Square_matrix_multiplication_.py
DeepSeek V3.2,B200,1,26_GELU_.py,False,False,,,,3,10494,0.002879,,,,run_20260301_120228,,/data/kernelbench-v3/references/26_GELU_.py
DeepSeek V3.2,B200,1,2_Standard_matrix_multiplication_.py,False,False,,,,3,10814,0.002942,,,,run_20260301_120228,,/data/kernelbench-v3/references/2_Standard_matrix_multiplication_.py
DeepSeek V3.2,B200,1,3_Batched_matrix_multiplication.py,False,False,,,,3,10736,0.002944,,,,run_20260301_120228,,/data/kernelbench-v3/references/3_Batched_matrix_multiplication.py
DeepSeek V3.2,B200,1,40_LayerNorm.py,False,False,,,,4,17809,0.005231,,,,run_20260301_120228,,/data/kernelbench-v3/references/40_LayerNorm.py
DeepSeek V3.2,B200,1,36_RMSNorm_.py,False,False,,,,3,15234,0.004376,,,,run_20260301_120228,,/data/kernelbench-v3/references/36_RMSNorm_.py
DeepSeek V3.2,B200,1,23_Softmax.py,False,False,,,,4,21785,0.006329,,,,run_20260301_120228,,/data/kernelbench-v3/references/23_Softmax.py
DeepSeek V3.2,B200,1,47_Sum_reduction_over_a_dimension.py,False,False,,,,2,6830,0.001858,,,,run_20260301_120228,,/data/kernelbench-v3/references/47_Sum_reduction_over_a_dimension.py
DeepSeek V3.2,B200,1,82_conv_depthwise_2D_square_input_square_kernel.py,False,False,,,,3,11825,0.003245,,,,run_20260301_120228,,/data/kernelbench-v3/references/82_conv_depthwise_2D_square_input_square_kernel.py
DeepSeek V3.2,B200,1,42_Max_Pooling_2D.py,True,False,,,,4,22144,0.006404,,,fp32,run_20260301_120228,/data/kernelbench-v3/solutions/DeepSeek V3.2_B200_42_Max_Pooling_2D.py.txt,/data/kernelbench-v3/references/42_Max_Pooling_2D.py
DeepSeek V3.2,B200,1,8_Matmul_with_irregular_shapes_.py,False,False,,,,3,10875,0.002984,,,,run_20260301_120228,,/data/kernelbench-v3/references/8_Matmul_with_irregular_shapes_.py
DeepSeek V3.2,B200,1,4_Matrix_vector_multiplication_.py,False,False,,,,3,12282,0.003465,,,,run_20260301_120228,,/data/kernelbench-v3/references/4_Matrix_vector_multiplication_.py
DeepSeek V3.2,B200,1,63_conv_standard_2D__square_input__square_kernel.py,False,False,,,,3,17243,0.004978,,,,run_20260301_120228,,/data/kernelbench-v3/references/63_conv_standard_2D__square_input__square_kernel.py
DeepSeek V3.2,B200,1,95_CrossEntropyLoss.py,False,False,,,,3,10139,0.002777,,,,run_20260301_120228,,/data/kernelbench-v3/references/95_CrossEntropyLoss.py
DeepSeek V3.2,B200,2,17_Conv2d_InstanceNorm_Divide.py,False,False,,,,3,10510,0.002868,,,,run_20260301_120228,,/data/kernelbench-v3/references/17_Conv2d_InstanceNorm_Divide.py
DeepSeek V3.2,B200,1,9_Tall_skinny_matrix_multiplication_.py,False,False,,,,3,11453,0.00317,,,,run_20260301_120228,,/data/kernelbench-v3/references/9_Tall_skinny_matrix_multiplication_.py
DeepSeek V3.2,B200,2,46_Conv2d_Subtract_Tanh_Subtract_AvgPool.py,False,False,,,,3,11026,0.00303,,,,run_20260301_120228,,/data/kernelbench-v3/references/46_Conv2d_Subtract_Tanh_Subtract_AvgPool.py
DeepSeek V3.2,B200,2,55_Matmul_MaxPool_Sum_Scale.py,False,False,,,,3,11383,0.003139,,,,run_20260301_120228,,/data/kernelbench-v3/references/55_Matmul_MaxPool_Sum_Scale.py
DeepSeek V3.2,B200,2,52_Conv2d_Activation_BatchNorm.py,False,False,,,,3,11424,0.003183,,,,run_20260301_120228,,/data/kernelbench-v3/references/52_Conv2d_Activation_BatchNorm.py
DeepSeek V3.2,B200,2,40_Matmul_Scaling_ResidualAdd.py,False,False,,,,3,13893,0.004138,,,,run_20260301_120228,,/data/kernelbench-v3/references/40_Matmul_Scaling_ResidualAdd.py
DeepSeek V3.2,B200,2,59_Matmul_Swish_Scaling.py,False,False,,,,3,10730,0.002969,,,,run_20260301_120228,,/data/kernelbench-v3/references/59_Matmul_Swish_Scaling.py
DeepSeek V3.2,B200,2,66_Matmul_Dropout_Mean_Softmax.py,False,False,,,,3,10730,0.002926,,,,run_20260301_120228,,/data/kernelbench-v3/references/66_Matmul_Dropout_Mean_Softmax.py
DeepSeek V3.2,B200,2,37_Matmul_Swish_Sum_GroupNorm.py,False,False,,,,2,12304,0.004016,,,,run_20260301_120228,,/data/kernelbench-v3/references/37_Matmul_Swish_Sum_GroupNorm.py
DeepSeek V3.2,B200,2,73_Conv2d_BatchNorm_Scaling.py,False,False,,,,3,10544,0.002875,,,,run_20260301_120228,,/data/kernelbench-v3/references/73_Conv2d_BatchNorm_Scaling.py
DeepSeek V3.2,B200,2,6_Conv3d_Softmax_MaxPool_MaxPool.py,False,False,,,,4,17232,0.00487,,,,run_20260301_120228,,/data/kernelbench-v3/references/6_Conv3d_Softmax_MaxPool_MaxPool.py
DeepSeek V3.2,B200,2,86_Matmul_Divide_GELU.py,False,False,,,,3,10485,0.002865,,,,run_20260301_120228,,/data/kernelbench-v3/references/86_Matmul_Divide_GELU.py
DeepSeek V3.2,B200,2,99_Matmul_GELU_Softmax.py,False,False,,,,3,10253,0.002797,,,,run_20260301_120228,,/data/kernelbench-v3/references/99_Matmul_GELU_Softmax.py
DeepSeek V3.2,B200,2,98_Matmul_AvgPool_GELU_Scale_Max.py,False,False,,,,3,12760,0.003631,,,,run_20260301_120228,,/data/kernelbench-v3/references/98_Matmul_AvgPool_GELU_Scale_Max.py
DeepSeek V3.2,B200,3,31_VisionAttention.py,False,False,,,,3,11204,0.003046,,,,run_20260301_120228,,/data/kernelbench-v3/references/31_VisionAttention.py
DeepSeek V3.2,B200,3,44_MiniGPTBlock.py,False,False,,,,3,15911,0.004316,,,,run_20260301_120228,,/data/kernelbench-v3/references/44_MiniGPTBlock.py
DeepSeek V3.2,B200,2,82_Conv2d_Tanh_Scaling_BiasAdd_Max.py,False,False,,,,3,16230,0.004695,,,,run_20260301_120228,,/data/kernelbench-v3/references/82_Conv2d_Tanh_Scaling_BiasAdd_Max.py
DeepSeek V3.2,B200,2,85_Conv2d_GroupNorm_Scale_MaxPool_Clamp.py,False,False,,,,3,16066,0.004922,,,,run_20260301_120228,,/data/kernelbench-v3/references/85_Conv2d_GroupNorm_Scale_MaxPool_Clamp.py
DeepSeek V3.2,B200,3,43_MinGPTCausalAttention.py,False,False,,,,3,17389,0.005204,,,,run_20260301_120228,,/data/kernelbench-v3/references/43_MinGPTCausalAttention.py
DeepSeek V3.2,B200,4,4_FP8_Matmul.py,False,False,,,,3,17355,0.004708,,,,run_20260301_120228,,/data/kernelbench-v3/references/4_FP8_Matmul.py
DeepSeek V3.2,B200,4,5_MoE_GatedGEMM.py,False,False,,,,3,17714,0.004797,,,,run_20260301_120228,,/data/kernelbench-v3/references/5_MoE_GatedGEMM.py
DeepSeek V3.2,B200,4,1_DeepSeek_MLA.py,False,False,,,,3,27847,0.008355,,,,run_20260301_120228,,/data/kernelbench-v3/references/1_DeepSeek_MLA.py
DeepSeek V3.2,B200,4,6_INT4_Quantized_GEMM.py,False,False,,,,3,18376,0.004987,,,,run_20260301_120228,,/data/kernelbench-v3/references/6_INT4_Quantized_GEMM.py
DeepSeek V3.2,B200,4,8_KimiDeltaAttention.py,False,False,,,,3,19176,0.005181,,,,run_20260301_120228,,/data/kernelbench-v3/references/8_KimiDeltaAttention.py
DeepSeek V3.2,B200,4,2_DeepSeek_MoE.py,False,False,,,,4,48245,0.01383,,,,run_20260301_120228,,/data/kernelbench-v3/references/2_DeepSeek_MoE.py
DeepSeek V3.2,B200,4,9_FP4_BlockScaled_Matmul.py,False,False,,,,3,15946,0.004309,,,,run_20260301_120228,,/data/kernelbench-v3/references/9_FP4_BlockScaled_Matmul.py
DeepSeek V3.2,B200,1,gemm_bias_gelu.py,False,False,,,,3,10428,0.002855,,,,run_20260301_120228,,/data/kernelbench-v3/references/gemm_bias_gelu.py
DeepSeek V3.2,B200,4,7_GatedDeltaNet.py,False,False,,,,3,21663,0.006374,,,,run_20260301_120228,,/data/kernelbench-v3/references/7_GatedDeltaNet.py
DeepSeek V3.2,B200,1,gemm_bias_relu.py,False,False,,,,3,10441,0.002851,,,,run_20260301_120228,,/data/kernelbench-v3/references/gemm_bias_relu.py
DeepSeek V3.2,B200,1,gemm_bias_silu.py,False,False,,,,2,6694,0.001819,,,,run_20260301_120228,,/data/kernelbench-v3/references/gemm_bias_silu.py
DeepSeek V3.2,B200,1,gemm_fp8.py,False,False,,,,3,10959,0.002993,,,,run_20260301_120228,,/data/kernelbench-v3/references/gemm_fp8.py
DeepSeek V3.2,B200,1,gemm_bf16.py,True,True,0.6058724069653568,0.03433600068092346,0.056671999394893646,4,18982,0.00546,gemm,pytorch,bf16,run_20260301_120228,/data/kernelbench-v3/solutions/DeepSeek V3.2_B200_gemm_bf16.py.txt,/data/kernelbench-v3/references/gemm_bf16.py
DeepSeek V3.2,B200,1,gemm_mixed_fp8_fp16.py,False,False,,,,3,11527,0.003211,,,,run_20260301_120228,,/data/kernelbench-v3/references/gemm_mixed_fp8_fp16.py
DeepSeek V3.2,B200,1,gemm_residual_add.py,False,False,,,,3,10281,0.002809,,,,run_20260301_120228,,/data/kernelbench-v3/references/gemm_residual_add.py
DeepSeek V3.2,B200,1,gemv_bf16.py,False,False,,,,3,10371,0.002858,,,,run_20260301_120228,,/data/kernelbench-v3/references/gemv_bf16.py
DeepSeek V3.2,B200,1,gemm_fp4.py,True,True,0.09536746975229698,0.3762879967689514,3.9456640481948853,3,13517,0.003841,gemm,pytorch,int8,run_20260301_120228,/data/kernelbench-v3/solutions/DeepSeek V3.2_B200_gemm_fp4.py.txt,/data/kernelbench-v3/references/gemm_fp4.py
DeepSeek V3.2,B200,1,gemv_fp4.py,False,False,,,,3,10866,0.002977,,,,run_20260301_120228,,/data/kernelbench-v3/references/gemv_fp4.py
DeepSeek V3.2,B200,1,gemv_fp8.py,False,False,,,,3,10768,0.002948,,,,run_20260301_120228,,/data/kernelbench-v3/references/gemv_fp8.py
DeepSeek V3.2,B200,1,moe_grouped_gemm.py,False,False,,,,3,12656,0.003443,,,,run_20260301_120228,,/data/kernelbench-v3/references/moe_grouped_gemm.py
DeepSeek V3.2,B200,1,persistent_gemm.py,False,False,,,,3,11655,0.003167,,,,run_20260301_120228,,/data/kernelbench-v3/references/persistent_gemm.py
DeepSeek V3.2,B200,1,stream_k_gemm.py,False,False,,,,3,11666,0.003173,,,,run_20260301_120228,,/data/kernelbench-v3/references/stream_k_gemm.py
DeepSeek V3.2,B200,1,warp_specialized_gemm.py,False,False,,,,3,11332,0.003095,,,,run_20260301_120228,,/data/kernelbench-v3/references/warp_specialized_gemm.py
DeepSeek V3.2,B200,4,3_GroupedQueryAttention.py,False,False,,,,3,19666,0.0053,,,,run_20260301_120228,,/data/kernelbench-v3/references/3_GroupedQueryAttention.py
DeepSeek V3.2,B200,1,gemv_fp16.py,False,False,,,,3,10825,0.002997,,,,run_20260301_120228,,/data/kernelbench-v3/references/gemv_fp16.py
GLM-5,B200,1,23_Softmax.py,True,True,0.6393516615051155,0.02271999977529049,0.03553599864244461,4,11676,0.015251,softmax,pytorch,fp32,run_20260301_123244,/data/kernelbench-v3/solutions/GLM-5_B200_23_Softmax.py.txt,/data/kernelbench-v3/references/23_Softmax.py
GLM-5,B200,1,36_RMSNorm_.py,False,False,,,,1,0,0.0,,,,run_20260301_123244,,/data/kernelbench-v3/references/36_RMSNorm_.py
GLM-5,B200,1,26_GELU_.py,False,False,,,,8,49749,0.055932,,,,run_20260301_123244,,/data/kernelbench-v3/references/26_GELU_.py
GLM-5,B200,1,2_Standard_matrix_multiplication_.py,True,True,0.9675250008138524,0.3246240019798279,0.33552001416683197,10,64092,0.071916,gemm,pytorch,fp32,run_20260301_123244,/data/kernelbench-v3/solutions/GLM-5_B200_2_Standard_matrix_multiplication_.py.txt,/data/kernelbench-v3/references/2_Standard_matrix_multiplication_.py
GLM-5,B200,1,1_Square_matrix_multiplication_.py,True,True,1.4665462407373275,0.32475200295448303,0.22144000232219696,10,64524,0.076749,gemm,pytorch,fp32,run_20260301_123244,/data/kernelbench-v3/solutions/GLM-5_B200_1_Square_matrix_multiplication_.py.txt,/data/kernelbench-v3/references/1_Square_matrix_multiplication_.py
GLM-5,B200,1,47_Sum_reduction_over_a_dimension.py,True,True,0.6106970623785544,0.022288000211119652,0.0364960003644228,3,7235,0.008907,reduction,pytorch,fp32,run_20260301_123244,/data/kernelbench-v3/solutions/GLM-5_B200_47_Sum_reduction_over_a_dimension.py.txt,/data/kernelbench-v3/references/47_Sum_reduction_over_a_dimension.py
GLM-5,B200,1,42_Max_Pooling_2D.py,True,True,1.4656632813804176,0.32099199295043945,0.21900800615549088,4,14750,0.01924,reduction,pytorch,fp32,run_20260301_123244,/data/kernelbench-v3/solutions/GLM-5_B200_42_Max_Pooling_2D.py.txt,/data/kernelbench-v3/references/42_Max_Pooling_2D.py
GLM-5,B200,1,3_Batched_matrix_multiplication.py,True,True,0.9582474954876872,0.11163200065493584,0.1164960004389286,10,64501,0.074203,gemm,pytorch,fp32,run_20260301_123244,/data/kernelbench-v3/solutions/GLM-5_B200_3_Batched_matrix_multiplication.py.txt,/data/kernelbench-v3/references/3_Batched_matrix_multiplication.py
GLM-5,B200,1,82_conv_depthwise_2D_square_input_square_kernel.py,False,False,,,,1,0,0.0,,,,run_20260301_123244,,/data/kernelbench-v3/references/82_conv_depthwise_2D_square_input_square_kernel.py
GLM-5,B200,1,63_conv_standard_2D__square_input__square_kernel.py,False,False,,,,4,17404,0.022954,,,,run_20260301_123244,,/data/kernelbench-v3/references/63_conv_standard_2D__square_input__square_kernel.py
GLM-5,B200,1,8_Matmul_with_irregular_shapes_.py,True,True,1.0572791318669397,4.540463924407959,4.294479846954346,10,68012,0.078621,gemm,pytorch,fp32,run_20260301_123244,/data/kernelbench-v3/solutions/GLM-5_B200_8_Matmul_with_irregular_shapes_.py.txt,/data/kernelbench-v3/references/8_Matmul_with_irregular_shapes_.py
GLM-5,B200,1,40_LayerNorm.py,True,True,3.698206451573101,9.28977632522583,2.5119680166244507,10,167012,0.186778,layernorm,pytorch,fp32,run_20260301_123244,/data/kernelbench-v3/solutions/GLM-5_B200_40_LayerNorm.py.txt,/data/kernelbench-v3/references/40_LayerNorm.py
GLM-5,B200,1,9_Tall_skinny_matrix_multiplication_.py,True,True,1.3182740798713226,0.36369599401950836,0.27588799595832825,4,19006,0.023714,gemm,pytorch,fp32,run_20260301_123244,/data/kernelbench-v3/solutions/GLM-5_B200_9_Tall_skinny_matrix_multiplication_.py.txt,/data/kernelbench-v3/references/9_Tall_skinny_matrix_multiplication_.py
GLM-5,B200,1,4_Matrix_vector_multiplication_.py,True,True,0.13188437341949946,0.04854400083422661,0.3680800050497055,6,37892,0.043667,gemm,pytorch,fp32,run_20260301_123244,/data/kernelbench-v3/solutions/GLM-5_B200_4_Matrix_vector_multiplication_.py.txt,/data/kernelbench-v3/references/4_Matrix_vector_multiplication_.py
GLM-5,B200,1,95_CrossEntropyLoss.py,True,False,,,,6,35360,0.043407,,,fp32,run_20260301_123244,/data/kernelbench-v3/solutions/GLM-5_B200_95_CrossEntropyLoss.py.txt,/data/kernelbench-v3/references/95_CrossEntropyLoss.py
GLM-5,B200,2,40_Matmul_Scaling_ResidualAdd.py,True,True,2.571971545098015,0.16238399595022202,0.06313600018620491,11,70588,0.07788,fused,pytorch,fp32,run_20260301_123244,/data/kernelbench-v3/solutions/GLM-5_B200_40_Matmul_Scaling_ResidualAdd.py.txt,/data/kernelbench-v3/references/40_Matmul_Scaling_ResidualAdd.py
GLM-5,B200,2,46_Conv2d_Subtract_Tanh_Subtract_AvgPool.py,True,True,0.05783830350341362,0.26548799872398376,4.590176105499268,10,75584,0.084014,fused,pytorch,fp32,run_20260301_123244,/data/kernelbench-v3/solutions/GLM-5_B200_46_Conv2d_Subtract_Tanh_Subtract_AvgPool.py.txt,/data/kernelbench-v3/references/46_Conv2d_Subtract_Tanh_Subtract_AvgPool.py
GLM-5,B200,2,37_Matmul_Swish_Sum_GroupNorm.py,True,False,,,,12,115229,0.130099,,,fp32,run_20260301_123244,/data/kernelbench-v3/solutions/GLM-5_B200_37_Matmul_Swish_Sum_GroupNorm.py.txt,/data/kernelbench-v3/references/37_Matmul_Swish_Sum_GroupNorm.py
GLM-5,B200,2,17_Conv2d_InstanceNorm_Divide.py,True,False,,,,12,171957,0.192995,,,fp32,run_20260301_123244,/data/kernelbench-v3/solutions/GLM-5_B200_17_Conv2d_InstanceNorm_Divide.py.txt,/data/kernelbench-v3/references/17_Conv2d_InstanceNorm_Divide.py
GLM-5,B200,2,52_Conv2d_Activation_BatchNorm.py,True,True,0.7297195107017835,0.3097279965877533,0.42444801330566406,8,61599,0.074187,fused,pytorch,fp32,run_20260301_123244,/data/kernelbench-v3/solutions/GLM-5_B200_52_Conv2d_Activation_BatchNorm.py.txt,/data/kernelbench-v3/references/52_Conv2d_Activation_BatchNorm.py
GLM-5,B200,2,66_Matmul_Dropout_Mean_Softmax.py,True,False,,,,6,32356,0.038592,,,fp32,run_20260301_123244,/data/kernelbench-v3/solutions/GLM-5_B200_66_Matmul_Dropout_Mean_Softmax.py.txt,/data/kernelbench-v3/references/66_Matmul_Dropout_Mean_Softmax.py
GLM-5,B200,2,59_Matmul_Swish_Scaling.py,True,True,0.08186668506784298,0.15956799685955048,1.949120044708252,12,101861,0.11377,fused,pytorch,fp32,run_20260301_123244,/data/kernelbench-v3/solutions/GLM-5_B200_59_Matmul_Swish_Scaling.py.txt,/data/kernelbench-v3/references/59_Matmul_Swish_Scaling.py
GLM-5,B200,2,55_Matmul_MaxPool_Sum_Scale.py,True,False,,,,12,106192,0.123418,,,fp32,run_20260301_123244,/data/kernelbench-v3/solutions/GLM-5_B200_55_Matmul_MaxPool_Sum_Scale.py.txt,/data/kernelbench-v3/references/55_Matmul_MaxPool_Sum_Scale.py
GLM-5,B200,2,73_Conv2d_BatchNorm_Scaling.py,True,True,0.30351725190719736,0.2417599931359291,0.7965280115604401,12,112285,0.132988,fused,pytorch,fp32,run_20260301_123244,/data/kernelbench-v3/solutions/GLM-5_B200_73_Conv2d_BatchNorm_Scaling.py.txt,/data/kernelbench-v3/references/73_Conv2d_BatchNorm_Scaling.py
GLM-5,B200,2,6_Conv3d_Softmax_MaxPool_MaxPool.py,True,False,,,,12,124811,0.148063,,,fp32,run_20260301_123244,/data/kernelbench-v3/solutions/GLM-5_B200_6_Conv3d_Softmax_MaxPool_MaxPool.py.txt,/data/kernelbench-v3/references/6_Conv3d_Softmax_MaxPool_MaxPool.py
GLM-5,B200,2,86_Matmul_Divide_GELU.py,True,False,,,,12,84008,0.092482,,,fp32,run_20260301_123244,/data/kernelbench-v3/solutions/GLM-5_B200_86_Matmul_Divide_GELU.py.txt,/data/kernelbench-v3/references/86_Matmul_Divide_GELU.py
GLM-5,B200,2,98_Matmul_AvgPool_GELU_Scale_Max.py,True,False,,,,4,16403,0.021976,,,fp32,run_20260301_123244,/data/kernelbench-v3/solutions/GLM-5_B200_98_Matmul_AvgPool_GELU_Scale_Max.py.txt,/data/kernelbench-v3/references/98_Matmul_AvgPool_GELU_Scale_Max.py
GLM-5,B200,2,99_Matmul_GELU_Softmax.py,False,False,,,,1,0,0.0,,,,run_20260301_123244,,/data/kernelbench-v3/references/99_Matmul_GELU_Softmax.py
GLM-5,B200,2,85_Conv2d_GroupNorm_Scale_MaxPool_Clamp.py,True,True,0.724509808733044,0.37836799025535583,0.5222399830818176,12,126871,0.150274,fused,pytorch,fp32,run_20260301_123244,/data/kernelbench-v3/solutions/GLM-5_B200_85_Conv2d_GroupNorm_Scale_MaxPool_Clamp.py.txt,/data/kernelbench-v3/references/85_Conv2d_GroupNorm_Scale_MaxPool_Clamp.py
GLM-5,B200,3,44_MiniGPTBlock.py,True,True,1.1396772563383502,24.385136604309082,21.396528244018555,4,25472,0.030249,model,pytorch,fp32,run_20260301_123244,/data/kernelbench-v3/solutions/GLM-5_B200_44_MiniGPTBlock.py.txt,/data/kernelbench-v3/references/44_MiniGPTBlock.py
GLM-5,B200,2,82_Conv2d_Tanh_Scaling_BiasAdd_Max.py,True,True,1.528398448807022,0.28675200045108795,0.1876159980893135,12,121007,0.13903,fused,pytorch,fp32,run_20260301_123244,/data/kernelbench-v3/solutions/GLM-5_B200_82_Conv2d_Tanh_Scaling_BiasAdd_Max.py.txt,/data/kernelbench-v3/references/82_Conv2d_Tanh_Scaling_BiasAdd_Max.py
GLM-5,B200,3,31_VisionAttention.py,True,False,,,,15,149583,0.170266,,,fp32,run_20260301_123244,/data/kernelbench-v3/solutions/GLM-5_B200_31_VisionAttention.py.txt,/data/kernelbench-v3/references/31_VisionAttention.py
GLM-5,B200,4,3_GroupedQueryAttention.py,False,False,,,,2,4595,0.00469,,,,run_20260301_123244,,/data/kernelbench-v3/references/3_GroupedQueryAttention.py
GLM-5,B200,3,43_MinGPTCausalAttention.py,True,False,,,,15,216422,0.234787,,,fp32,run_20260301_123244,/data/kernelbench-v3/solutions/GLM-5_B200_43_MinGPTCausalAttention.py.txt,/data/kernelbench-v3/references/43_MinGPTCausalAttention.py
GLM-5,B200,4,2_DeepSeek_MoE.py,False,False,,,,11,165890,0.182698,,,,run_20260301_123244,,/data/kernelbench-v3/references/2_DeepSeek_MoE.py
GLM-5,B200,4,4_FP8_Matmul.py,False,False,,,,9,67566,0.074746,,,,run_20260301_123244,,/data/kernelbench-v3/references/4_FP8_Matmul.py
GLM-5,B200,4,1_DeepSeek_MLA.py,False,False,,,,15,257602,0.296628,,,,run_20260301_123244,,/data/kernelbench-v3/references/1_DeepSeek_MLA.py
GLM-5,B200,4,6_INT4_Quantized_GEMM.py,True,True,0.030999647362246717,1.0591359734535217,34.16606521606445,6,57088,0.0659,gemm,pytorch,fp16,run_20260301_123244,/data/kernelbench-v3/solutions/GLM-5_B200_6_INT4_Quantized_GEMM.py.txt,/data/kernelbench-v3/references/6_INT4_Quantized_GEMM.py
GLM-5,B200,4,7_GatedDeltaNet.py,True,False,,,,15,186962,0.205032,,,fp32,run_20260301_123244,/data/kernelbench-v3/solutions/GLM-5_B200_7_GatedDeltaNet.py.txt,/data/kernelbench-v3/references/7_GatedDeltaNet.py
GLM-5,B200,1,gemm_bf16.py,False,False,,,,1,0,0.0,,,,run_20260301_123244,,/data/kernelbench-v3/references/gemm_bf16.py
GLM-5,B200,4,5_MoE_GatedGEMM.py,False,False,,,,15,250824,0.289836,,,,run_20260301_123244,,/data/kernelbench-v3/references/5_MoE_GatedGEMM.py
GLM-5,B200,1,gemm_bias_gelu.py,False,False,,,,1,0,0.0,,,,run_20260301_123244,,/data/kernelbench-v3/references/gemm_bias_gelu.py
GLM-5,B200,4,8_KimiDeltaAttention.py,True,True,1.0011167604739346,9.882431983947754,9.871407985687256,15,257219,0.275622,attention,pytorch,fp32,run_20260301_123244,/data/kernelbench-v3/solutions/GLM-5_B200_8_KimiDeltaAttention.py.txt,/data/kernelbench-v3/references/8_KimiDeltaAttention.py
GLM-5,B200,1,gemm_bias_relu.py,True,True,0.9806773780375923,0.07552000135183334,0.07700799778103828,4,17818,0.020913,gemm_epilogue,pytorch,fp16,run_20260301_123244,/data/kernelbench-v3/solutions/GLM-5_B200_gemm_bias_relu.py.txt,/data/kernelbench-v3/references/gemm_bias_relu.py
GLM-5,B200,1,gemm_fp4.py,False,False,,,,3,7928,0.01043,,,,run_20260301_123244,,/data/kernelbench-v3/references/gemm_fp4.py
GLM-5,B200,1,gemm_mixed_fp8_fp16.py,True,True,0.9115545313837511,0.05920000001788139,0.06494400277733803,5,19311,0.024752,gemm,pytorch,int8,run_20260301_123244,/data/kernelbench-v3/solutions/GLM-5_B200_gemm_mixed_fp8_fp16.py.txt,/data/kernelbench-v3/references/gemm_mixed_fp8_fp16.py
GLM-5,B200,1,gemm_bias_silu.py,True,True,1.1000000604754947,0.08131200075149536,0.07391999661922455,10,72762,0.086157,gemm_epilogue,pytorch,fp16,run_20260301_123244,/data/kernelbench-v3/solutions/GLM-5_B200_gemm_bias_silu.py.txt,/data/kernelbench-v3/references/gemm_bias_silu.py
GLM-5,B200,1,gemm_residual_add.py,True,True,0.7479910301996928,0.0536159984767437,0.07168000191450119,4,16919,0.020484,gemm_epilogue,pytorch,fp16,run_20260301_123244,/data/kernelbench-v3/solutions/GLM-5_B200_gemm_residual_add.py.txt,/data/kernelbench-v3/references/gemm_residual_add.py
GLM-5,B200,1,gemv_fp16.py,True,True,0.6049948256355223,0.046512000262737274,0.07687999680638313,5,22162,0.026534,gemv,pytorch,fp16,run_20260301_123244,/data/kernelbench-v3/solutions/GLM-5_B200_gemv_fp16.py.txt,/data/kernelbench-v3/references/gemv_fp16.py
GLM-5,B200,1,gemv_bf16.py,True,True,0.5924794280037862,0.04033599980175495,0.06808000057935715,10,56037,0.065296,gemv,pytorch,bf16,run_20260301_123244,/data/kernelbench-v3/solutions/GLM-5_B200_gemv_bf16.py.txt,/data/kernelbench-v3/references/gemv_bf16.py
GLM-5,B200,1,gemm_fp8.py,True,True,0.22204556711208678,0.37987199425697327,1.7107839584350586,7,40276,0.050373,gemm,pytorch,int8,run_20260301_123244,/data/kernelbench-v3/solutions/GLM-5_B200_gemm_fp8.py.txt,/data/kernelbench-v3/references/gemm_fp8.py
GLM-5,B200,1,gemv_fp4.py,True,True,3.806267533931773,0.4800160080194473,0.12611199915409088,5,23773,0.02838,gemv,pytorch,int8,run_20260301_123244,/data/kernelbench-v3/solutions/GLM-5_B200_gemv_fp4.py.txt,/data/kernelbench-v3/references/gemv_fp4.py
GLM-5,B200,1,gemv_fp8.py,True,True,0.25923224396085864,0.48902399837970734,1.8864319920539856,6,36725,0.043951,gemv,pytorch,int8,run_20260301_123244,/data/kernelbench-v3/solutions/GLM-5_B200_gemv_fp8.py.txt,/data/kernelbench-v3/references/gemv_fp8.py
GLM-5,B200,4,9_FP4_BlockScaled_Matmul.py,True,False,,,,15,636144,0.641007,,,fp16,run_20260301_123244,/data/kernelbench-v3/solutions/GLM-5_B200_9_FP4_BlockScaled_Matmul.py.txt,/data/kernelbench-v3/references/9_FP4_BlockScaled_Matmul.py
GLM-5,B200,1,persistent_gemm.py,True,True,0.5381416838298432,0.05384000018239021,0.1000480018556118,7,34249,0.035449,gemm,pytorch,fp16,run_20260301_123244,/data/kernelbench-v3/solutions/GLM-5_B200_persistent_gemm.py.txt,/data/kernelbench-v3/references/persistent_gemm.py
GLM-5,B200,1,stream_k_gemm.py,True,False,,,,10,61504,0.064513,,,fp16,run_20260301_123244,/data/kernelbench-v3/solutions/GLM-5_B200_stream_k_gemm.py.txt,/data/kernelbench-v3/references/stream_k_gemm.py
GLM-5,B200,1,moe_grouped_gemm.py,True,False,,,,10,93553,0.108537,,,fp32,run_20260301_123244,/data/kernelbench-v3/solutions/GLM-5_B200_moe_grouped_gemm.py.txt,/data/kernelbench-v3/references/moe_grouped_gemm.py
GLM-5,B200,1,warp_specialized_gemm.py,True,True,0.738737137841603,0.06664000079035759,0.09020800143480301,10,54678,0.059627,gemm,pytorch,fp16,run_20260301_123244,/data/kernelbench-v3/solutions/GLM-5_B200_warp_specialized_gemm.py.txt,/data/kernelbench-v3/references/warp_specialized_gemm.py
Kimi K2.5,B200,1,1_Square_matrix_multiplication_.py,False,False,,,,1,10444,0.019685,,,,run_20260302_204111,,/data/kernelbench-v3/references/1_Square_matrix_multiplication_.py
Kimi K2.5,B200,1,2_Standard_matrix_multiplication_.py,True,True,1.4451197979407167,0.32715199887752533,0.2263839989900589,2,16345,0.026584,gemm,pytorch,fp32,run_20260302_204111,/data/kernelbench-v3/solutions/Kimi K2.5_B200_2_Standard_matrix_multiplication_.py.txt,/data/kernelbench-v3/references/2_Standard_matrix_multiplication_.py
Kimi K2.5,B200,1,26_GELU_.py,True,True,0.5008481828694116,0.01889600045979023,0.037728000432252884,3,22997,0.029002,elementwise,pytorch,fp32,run_20260302_204111,/data/kernelbench-v3/solutions/Kimi K2.5_B200_26_GELU_.py.txt,/data/kernelbench-v3/references/26_GELU_.py
Kimi K2.5,B200,1,3_Batched_matrix_multiplication.py,True,True,0.9370164189376424,0.11044799908995628,0.11787199974060059,1,8977,0.01637,gemm,pytorch,fp32,run_20260302_204111,/data/kernelbench-v3/solutions/Kimi K2.5_B200_3_Batched_matrix_multiplication.py.txt,/data/kernelbench-v3/references/3_Batched_matrix_multiplication.py
Kimi K2.5,B200,1,36_RMSNorm_.py,True,True,0.24728107905521896,0.35288000106811523,1.4270400404930115,10,96993,0.099411,layernorm,pytorch,fp32,run_20260302_204111,/data/kernelbench-v3/solutions/Kimi K2.5_B200_36_RMSNorm_.py.txt,/data/kernelbench-v3/references/36_RMSNorm_.py
Kimi K2.5,B200,1,23_Softmax.py,True,True,0.9355057923736266,0.022048000246286392,0.023567999713122845,3,23278,0.038256,softmax,pytorch,fp32,run_20260302_204111,/data/kernelbench-v3/solutions/Kimi K2.5_B200_23_Softmax.py.txt,/data/kernelbench-v3/references/23_Softmax.py
Kimi K2.5,B200,1,42_Max_Pooling_2D.py,False,False,,,,10,122142,0.1211,,,,run_20260302_204111,,/data/kernelbench-v3/references/42_Max_Pooling_2D.py
Kimi K2.5,B200,1,4_Matrix_vector_multiplication_.py,True,True,0.2226130738769799,0.049616001546382904,0.22287999838590622,1,11620,0.022246,gemm,pytorch,fp32,run_20260302_204111,/data/kernelbench-v3/solutions/Kimi K2.5_B200_4_Matrix_vector_multiplication_.py.txt,/data/kernelbench-v3/references/4_Matrix_vector_multiplication_.py
Kimi K2.5,B200,1,47_Sum_reduction_over_a_dimension.py,True,True,1.0668868015309143,0.02067199908196926,0.01937600038945675,10,85911,0.095706,reduction,pytorch,fp32,run_20260302_204111,/data/kernelbench-v3/solutions/Kimi K2.5_B200_47_Sum_reduction_over_a_dimension.py.txt,/data/kernelbench-v3/references/47_Sum_reduction_over_a_dimension.py
Kimi K2.5,B200,1,40_LayerNorm.py,True,True,10.374513624753249,9.256224155426025,0.8922080099582672,10,122157,0.140696,layernorm,pytorch,fp32,run_20260302_204111,/data/kernelbench-v3/solutions/Kimi K2.5_B200_40_LayerNorm.py.txt,/data/kernelbench-v3/references/40_LayerNorm.py
Kimi K2.5,B200,1,95_CrossEntropyLoss.py,True,False,,,,5,36275,0.040967,,,fp32,run_20260302_204111,/data/kernelbench-v3/solutions/Kimi K2.5_B200_95_CrossEntropyLoss.py.txt,/data/kernelbench-v3/references/95_CrossEntropyLoss.py
Kimi K2.5,B200,1,63_conv_standard_2D__square_input__square_kernel.py,True,True,1.0101044481226469,0.2847039997577667,0.2818560004234314,10,200966,0.191186,conv,pytorch,fp32,run_20260302_204111,/data/kernelbench-v3/solutions/Kimi K2.5_B200_63_conv_standard_2D__square_input__square_kernel.py.txt,/data/kernelbench-v3/references/63_conv_standard_2D__square_input__square_kernel.py
Kimi K2.5,B200,1,8_Matmul_with_irregular_shapes_.py,False,False,,,,1,11944,0.022927,,,,run_20260302_204111,,/data/kernelbench-v3/references/8_Matmul_with_irregular_shapes_.py
Kimi K2.5,B200,1,9_Tall_skinny_matrix_multiplication_.py,True,True,0.3444788941293345,0.3624799996614456,1.0522560477256775,1,17860,0.035878,gemm,pytorch,fp32,run_20260302_204111,/data/kernelbench-v3/solutions/Kimi K2.5_B200_9_Tall_skinny_matrix_multiplication_.py.txt,/data/kernelbench-v3/references/9_Tall_skinny_matrix_multiplication_.py
Kimi K2.5,B200,2,40_Matmul_Scaling_ResidualAdd.py,True,True,1.0691360255772169,0.16255999356508255,0.1520479992032051,9,103869,0.112963,fused,pytorch,fp32,run_20260302_204111,/data/kernelbench-v3/solutions/Kimi K2.5_B200_40_Matmul_Scaling_ResidualAdd.py.txt,/data/kernelbench-v3/references/40_Matmul_Scaling_ResidualAdd.py
Kimi K2.5,B200,2,17_Conv2d_InstanceNorm_Divide.py,True,True,0.9862865497708223,0.29228800535202026,0.29635201394557953,11,159699,0.130194,fused,pytorch,fp32,run_20260302_204111,/data/kernelbench-v3/solutions/Kimi K2.5_B200_17_Conv2d_InstanceNorm_Divide.py.txt,/data/kernelbench-v3/references/17_Conv2d_InstanceNorm_Divide.py
Kimi K2.5,B200,1,82_conv_depthwise_2D_square_input_square_kernel.py,True,False,,,,10,137503,0.140532,,,fp32,run_20260302_204111,/data/kernelbench-v3/solutions/Kimi K2.5_B200_82_conv_depthwise_2D_square_input_square_kernel.py.txt,/data/kernelbench-v3/references/82_conv_depthwise_2D_square_input_square_kernel.py
Kimi K2.5,B200,2,46_Conv2d_Subtract_Tanh_Subtract_AvgPool.py,True,True,1.0016632768314906,0.26015999913215637,0.25972799956798553,11,150368,0.145994,fused,pytorch,fp32,run_20260302_204111,/data/kernelbench-v3/solutions/Kimi K2.5_B200_46_Conv2d_Subtract_Tanh_Subtract_AvgPool.py.txt,/data/kernelbench-v3/references/46_Conv2d_Subtract_Tanh_Subtract_AvgPool.py
Kimi K2.5,B200,2,37_Matmul_Swish_Sum_GroupNorm.py,True,False,,,,12,213298,0.195143,,,fp32,run_20260302_204111,/data/kernelbench-v3/solutions/Kimi K2.5_B200_37_Matmul_Swish_Sum_GroupNorm.py.txt,/data/kernelbench-v3/references/37_Matmul_Swish_Sum_GroupNorm.py
Kimi K2.5,B200,2,55_Matmul_MaxPool_Sum_Scale.py,True,False,,,,12,182702,0.151003,,,fp32,run_20260302_204111,/data/kernelbench-v3/solutions/Kimi K2.5_B200_55_Matmul_MaxPool_Sum_Scale.py.txt,/data/kernelbench-v3/references/55_Matmul_MaxPool_Sum_Scale.py
Kimi K2.5,B200,2,59_Matmul_Swish_Scaling.py,True,True,2.2756767939746827,0.1627199947834015,0.07150400057435036,12,151541,0.155665,fused,pytorch,fp32,run_20260302_204111,/data/kernelbench-v3/solutions/Kimi K2.5_B200_59_Matmul_Swish_Scaling.py.txt,/data/kernelbench-v3/references/59_Matmul_Swish_Scaling.py
Kimi K2.5,B200,2,66_Matmul_Dropout_Mean_Softmax.py,True,True,2.492156973968506,0.1626880019903183,0.0652799978852272,12,155956,0.162207,fused,pytorch,fp32,run_20260302_204111,/data/kernelbench-v3/solutions/Kimi K2.5_B200_66_Matmul_Dropout_Mean_Softmax.py.txt,/data/kernelbench-v3/references/66_Matmul_Dropout_Mean_Softmax.py
Kimi K2.5,B200,2,52_Conv2d_Activation_BatchNorm.py,True,True,1.0034212219909504,0.3144160062074661,0.31334398686885834,12,192823,0.182161,fused,pytorch,fp32,run_20260302_204111,/data/kernelbench-v3/solutions/Kimi K2.5_B200_52_Conv2d_Activation_BatchNorm.py.txt,/data/kernelbench-v3/references/52_Conv2d_Activation_BatchNorm.py
Kimi K2.5,B200,2,73_Conv2d_BatchNorm_Scaling.py,True,True,0.9089793306378733,0.24878399819135666,0.2736959904432297,12,218319,0.166884,fused,pytorch,fp32,run_20260302_204111,/data/kernelbench-v3/solutions/Kimi K2.5_B200_73_Conv2d_BatchNorm_Scaling.py.txt,/data/kernelbench-v3/references/73_Conv2d_BatchNorm_Scaling.py
Kimi K2.5,B200,2,6_Conv3d_Softmax_MaxPool_MaxPool.py,True,True,1.0034862538468519,1.7270399928092957,1.7210400104522705,12,241092,0.201728,fused,pytorch,fp32,run_20260302_204111,/data/kernelbench-v3/solutions/Kimi K2.5_B200_6_Conv3d_Softmax_MaxPool_MaxPool.py.txt,/data/kernelbench-v3/references/6_Conv3d_Softmax_MaxPool_MaxPool.py
Kimi K2.5,B200,2,82_Conv2d_Tanh_Scaling_BiasAdd_Max.py,True,True,0.997512680982328,0.2887519896030426,0.2894719988107681,12,93877,0.116445,fused,pytorch,fp32,run_20260302_204111,/data/kernelbench-v3/solutions/Kimi K2.5_B200_82_Conv2d_Tanh_Scaling_BiasAdd_Max.py.txt,/data/kernelbench-v3/references/82_Conv2d_Tanh_Scaling_BiasAdd_Max.py
Kimi K2.5,B200,2,85_Conv2d_GroupNorm_Scale_MaxPool_Clamp.py,False,False,,,,12,253519,0.19826,,,,run_20260302_204111,,/data/kernelbench-v3/references/85_Conv2d_GroupNorm_Scale_MaxPool_Clamp.py
Kimi K2.5,B200,3,31_VisionAttention.py,True,False,,,,7,89052,0.097081,,,fp32,run_20260302_204111,/data/kernelbench-v3/solutions/Kimi K2.5_B200_31_VisionAttention.py.txt,/data/kernelbench-v3/references/31_VisionAttention.py
Kimi K2.5,B200,2,99_Matmul_GELU_Softmax.py,True,False,,,,12,170675,0.139501,,,fp32,run_20260302_204111,/data/kernelbench-v3/solutions/Kimi K2.5_B200_99_Matmul_GELU_Softmax.py.txt,/data/kernelbench-v3/references/99_Matmul_GELU_Softmax.py
Kimi K2.5,B200,2,98_Matmul_AvgPool_GELU_Scale_Max.py,False,False,,,,12,184605,0.151737,,,,run_20260302_204111,,/data/kernelbench-v3/references/98_Matmul_AvgPool_GELU_Scale_Max.py
Kimi K2.5,B200,2,86_Matmul_Divide_GELU.py,True,True,0.036678781870709186,0.1562879979610443,4.260992050170898,12,132781,0.118518,fused,pytorch,fp32,run_20260302_204111,/data/kernelbench-v3/solutions/Kimi K2.5_B200_86_Matmul_Divide_GELU.py.txt,/data/kernelbench-v3/references/86_Matmul_Divide_GELU.py
Kimi K2.5,B200,3,43_MinGPTCausalAttention.py,True,True,0.9999105012112887,5.540480136871338,5.540976047515869,15,346973,0.261078,attention,pytorch,fp32,run_20260302_204111,/data/kernelbench-v3/solutions/Kimi K2.5_B200_43_MinGPTCausalAttention.py.txt,/data/kernelbench-v3/references/43_MinGPTCausalAttention.py
Kimi K2.5,B200,4,1_DeepSeek_MLA.py,False,False,,,,15,547292,0.3969,,,,run_20260302_204111,,/data/kernelbench-v3/references/1_DeepSeek_MLA.py
Kimi K2.5,B200,3,44_MiniGPTBlock.py,True,True,1.000247090361145,24.348623275756836,24.34260845184326,12,230549,0.213899,model,pytorch,fp32,run_20260302_204111,/data/kernelbench-v3/solutions/Kimi K2.5_B200_44_MiniGPTBlock.py.txt,/data/kernelbench-v3/references/44_MiniGPTBlock.py
Kimi K2.5,B200,4,2_DeepSeek_MoE.py,False,False,,,,15,469660,0.311325,,,,run_20260302_204111,,/data/kernelbench-v3/references/2_DeepSeek_MoE.py
Kimi K2.5,B200,4,4_FP8_Matmul.py,False,False,,,,11,166335,0.150052,,,,run_20260302_204111,,/data/kernelbench-v3/references/4_FP8_Matmul.py
Kimi K2.5,B200,4,3_GroupedQueryAttention.py,False,False,,,,15,331848,0.272929,,,,run_20260302_204111,,/data/kernelbench-v3/references/3_GroupedQueryAttention.py
Kimi K2.5,B200,4,7_GatedDeltaNet.py,True,True,0.9997986876510825,10.012608051300049,10.014624118804932,15,344882,0.232851,model,pytorch,fp32,run_20260302_204111,/data/kernelbench-v3/solutions/Kimi K2.5_B200_7_GatedDeltaNet.py.txt,/data/kernelbench-v3/references/7_GatedDeltaNet.py
Kimi K2.5,B200,4,8_KimiDeltaAttention.py,False,False,,,,5,106849,0.103639,,,,run_20260302_204111,,/data/kernelbench-v3/references/8_KimiDeltaAttention.py
Kimi K2.5,B200,1,gemm_bf16.py,True,True,0.6880763871617677,0.033423999324440956,0.048576001077890396,2,16246,0.026389,gemm,pytorch,bf16,run_20260302_204111,/data/kernelbench-v3/solutions/Kimi K2.5_B200_gemm_bf16.py.txt,/data/kernelbench-v3/references/gemm_bf16.py
Kimi K2.5,B200,1,gemm_bias_gelu.py,False,False,,,,1,10178,0.019121,,,,run_20260302_204111,,/data/kernelbench-v3/references/gemm_bias_gelu.py
Kimi K2.5,B200,4,5_MoE_GatedGEMM.py,False,False,,,,15,350569,0.285889,,,,run_20260302_204111,,/data/kernelbench-v3/references/5_MoE_GatedGEMM.py
Kimi K2.5,B200,4,9_FP4_BlockScaled_Matmul.py,False,False,,,,12,176785,0.149217,,,,run_20260302_204111,,/data/kernelbench-v3/references/9_FP4_BlockScaled_Matmul.py
Kimi K2.5,B200,4,6_INT4_Quantized_GEMM.py,False,False,,,,15,267486,0.234416,,,,run_20260302_204111,,/data/kernelbench-v3/references/6_INT4_Quantized_GEMM.py
Kimi K2.5,B200,1,gemm_fp8.py,True,True,1.693528746584665,0.378943994641304,0.2237600013613701,1,8415,0.015088,gemm,pytorch,int8,run_20260302_204111,/data/kernelbench-v3/solutions/Kimi K2.5_B200_gemm_fp8.py.txt,/data/kernelbench-v3/references/gemm_fp8.py
Kimi K2.5,B200,1,gemm_bias_silu.py,True,True,1.0052539804457599,0.08265600353479385,0.08222400024533272,1,8391,0.015184,gemm_epilogue,pytorch,fp16,run_20260302_204111,/data/kernelbench-v3/solutions/Kimi K2.5_B200_gemm_bias_silu.py.txt,/data/kernelbench-v3/references/gemm_bias_silu.py
Kimi K2.5,B200,1,gemm_bias_relu.py,True,True,1.0302394302856053,0.07849600166082382,0.07619199901819229,1,8791,0.016075,gemm_epilogue,pytorch,fp16,run_20260302_204111,/data/kernelbench-v3/solutions/Kimi K2.5_B200_gemm_bias_relu.py.txt,/data/kernelbench-v3/references/gemm_bias_relu.py
Kimi K2.5,B200,1,gemm_mixed_fp8_fp16.py,True,True,0.8648258637462454,0.0671520009636879,0.07764800265431404,1,9212,0.016955,gemm,pytorch,int8,run_20260302_204111,/data/kernelbench-v3/solutions/Kimi K2.5_B200_gemm_mixed_fp8_fp16.py.txt,/data/kernelbench-v3/references/gemm_mixed_fp8_fp16.py
Kimi K2.5,B200,1,gemm_fp4.py,True,True,2.212300445010409,0.37697599828243256,0.1704000011086464,1,11796,0.022532,gemm,pytorch,int8,run_20260302_204111,/data/kernelbench-v3/solutions/Kimi K2.5_B200_gemm_fp4.py.txt,/data/kernelbench-v3/references/gemm_fp4.py
Kimi K2.5,B200,1,gemv_bf16.py,True,True,0.5753517851177148,0.04055999964475632,0.07049600034952164,1,8494,0.015493,gemv,pytorch,bf16,run_20260302_204111,/data/kernelbench-v3/solutions/Kimi K2.5_B200_gemv_bf16.py.txt,/data/kernelbench-v3/references/gemv_bf16.py
Kimi K2.5,B200,1,gemv_fp16.py,False,False,,,,1,9133,0.016855,,,,run_20260302_204111,,/data/kernelbench-v3/references/gemv_fp16.py
Kimi K2.5,B200,1,gemm_residual_add.py,True,True,0.8274208749744121,0.05523199960589409,0.06675200164318085,1,12175,0.023548,gemm_epilogue,pytorch,fp16,run_20260302_204111,/data/kernelbench-v3/solutions/Kimi K2.5_B200_gemm_residual_add.py.txt,/data/kernelbench-v3/references/gemm_residual_add.py
Kimi K2.5,B200,1,gemv_fp4.py,True,True,0.06414883650966612,0.47406400740146637,7.390064001083374,3,21629,0.032588,gemv,pytorch,int8,run_20260302_204111,/data/kernelbench-v3/solutions/Kimi K2.5_B200_gemv_fp4.py.txt,/data/kernelbench-v3/references/gemv_fp4.py
Kimi K2.5,B200,1,persistent_gemm.py,True,True,0.6126554308427012,0.05360000021755695,0.08748800307512283,1,10924,0.020358,gemm,pytorch,fp16,run_20260302_204111,/data/kernelbench-v3/solutions/Kimi K2.5_B200_persistent_gemm.py.txt,/data/kernelbench-v3/references/persistent_gemm.py
Kimi K2.5,B200,1,warp_specialized_gemm.py,False,False,,,,1,8183,0.014436,,,,run_20260302_204111,,/data/kernelbench-v3/references/warp_specialized_gemm.py
Kimi K2.5,B200,1,gemv_fp8.py,True,True,0.026756203163242606,0.48233599960803986,18.027071952819824,3,26709,0.038323,gemv,pytorch,int8,run_20260302_204111,/data/kernelbench-v3/solutions/Kimi K2.5_B200_gemv_fp8.py.txt,/data/kernelbench-v3/references/gemv_fp8.py
Kimi K2.5,B200,1,stream_k_gemm.py,True,True,0.36894266685820803,0.1024479977786541,0.2776799947023392,1,9430,0.017062,gemm,pytorch,fp16,run_20260302_204111,/data/kernelbench-v3/solutions/Kimi K2.5_B200_stream_k_gemm.py.txt,/data/kernelbench-v3/references/stream_k_gemm.py
Kimi K2.5,B200,1,moe_grouped_gemm.py,False,False,,,,2,32950,0.064431,,,,run_20260302_204111,,/data/kernelbench-v3/references/moe_grouped_gemm.py
Gemini 3 Flash Preview,RTX3090,1,23_Softmax.py,True,True,0.9068047164047093,0.058848001062870026,0.06489600241184235,10,77954,0.04932,softmax,pytorch_eager,fp32,run_20260302_213047,/data/kernelbench-v3/solutions/Gemini 3 Flash Preview_RTX3090_23_Softmax.py.txt,/data/kernelbench-v3/references/23_Softmax.py
Qwen3 Coder Next,B200,1,23_Softmax.py,False,False,,,,1,0,,,,,run_20260309_032138,,/data/kernelbench-v3/references/23_Softmax.py
Qwen3 Coder Next,B200,1,2_Standard_matrix_multiplication_.py,False,False,,,,1,0,,,,,run_20260309_032138,,/data/kernelbench-v3/references/2_Standard_matrix_multiplication_.py
Qwen3 Coder Next,B200,1,36_RMSNorm_.py,False,False,,,,7,0,,,,,run_20260309_032138,,/data/kernelbench-v3/references/36_RMSNorm_.py
Qwen3 Coder Next,B200,1,3_Batched_matrix_multiplication.py,False,False,,,,2,0,,,,,run_20260309_032138,,/data/kernelbench-v3/references/3_Batched_matrix_multiplication.py
Qwen3 Coder Next,B200,1,1_Square_matrix_multiplication_.py,False,False,,,,10,126838,0.024764,,,,run_20260309_032138,,/data/kernelbench-v3/references/1_Square_matrix_multiplication_.py
Qwen3 Coder Next,B200,1,26_GELU_.py,False,False,,,,10,97414,0.017789,,,,run_20260309_032138,,/data/kernelbench-v3/references/26_GELU_.py
Qwen3 Coder Next,B200,1,40_LayerNorm.py,True,True,0.08494889512194179,0.36155200004577637,4.2561118602752686,10,124628,0.022379,layernorm,torch_compile,fp32,run_20260309_032138,/data/kernelbench-v3/solutions/Qwen3 Coder Next_B200_40_LayerNorm.py.txt,/data/kernelbench-v3/references/40_LayerNorm.py
Qwen3 Coder Next,B200,1,47_Sum_reduction_over_a_dimension.py,True,True,0.9802043036795418,0.02455999981611967,0.02505600079894066,6,49460,0.008915,reduction,pytorch_eager,fp32,run_20260309_032138,/data/kernelbench-v3/solutions/Qwen3 Coder Next_B200_47_Sum_reduction_over_a_dimension.py.txt,/data/kernelbench-v3/references/47_Sum_reduction_over_a_dimension.py
Qwen3 Coder Next,B200,1,63_conv_standard_2D__square_input__square_kernel.py,False,False,,,,10,49141,0.006253,,,,run_20260309_032138,,/data/kernelbench-v3/references/63_conv_standard_2D__square_input__square_kernel.py
Qwen3 Coder Next,B200,1,4_Matrix_vector_multiplication_.py,False,False,,,,1,0,,,,,run_20260309_032138,,/data/kernelbench-v3/references/4_Matrix_vector_multiplication_.py
Qwen3 Coder Next,B200,1,8_Matmul_with_irregular_shapes_.py,False,False,,,,2,0,,,,,run_20260309_032138,,/data/kernelbench-v3/references/8_Matmul_with_irregular_shapes_.py
Qwen3 Coder Next,B200,1,95_CrossEntropyLoss.py,False,False,,,,10,58144,0.008507,,,,run_20260309_032138,,/data/kernelbench-v3/references/95_CrossEntropyLoss.py
Qwen3 Coder Next,B200,1,9_Tall_skinny_matrix_multiplication_.py,False,False,,,,5,0,,,,,run_20260309_032138,,/data/kernelbench-v3/references/9_Tall_skinny_matrix_multiplication_.py
Qwen3 Coder Next,B200,1,42_Max_Pooling_2D.py,False,False,,,,10,128107,0.024102,,,,run_20260309_032138,,/data/kernelbench-v3/references/42_Max_Pooling_2D.py
Qwen3 Coder Next,B200,1,82_conv_depthwise_2D_square_input_square_kernel.py,False,False,,,,10,102580,0.02023,,,,run_20260309_032138,,/data/kernelbench-v3/references/82_conv_depthwise_2D_square_input_square_kernel.py
Qwen3 Coder Next,B200,2,17_Conv2d_InstanceNorm_Divide.py,False,False,,,,11,0,,,,,run_20260309_032138,,/data/kernelbench-v3/references/17_Conv2d_InstanceNorm_Divide.py
Qwen3 Coder Next,B200,2,37_Matmul_Swish_Sum_GroupNorm.py,False,False,,,,12,145746,0.023057,,,,run_20260309_032138,,/data/kernelbench-v3/references/37_Matmul_Swish_Sum_GroupNorm.py
Qwen3 Coder Next,B200,2,40_Matmul_Scaling_ResidualAdd.py,False,False,,,,2,0,,,,,run_20260309_032138,,/data/kernelbench-v3/references/40_Matmul_Scaling_ResidualAdd.py
Qwen3 Coder Next,B200,2,46_Conv2d_Subtract_Tanh_Subtract_AvgPool.py,True,False,,,,12,105902,0.016669,,,fp32,run_20260309_032138,/data/kernelbench-v3/solutions/Qwen3 Coder Next_B200_46_Conv2d_Subtract_Tanh_Subtract_AvgPool.py.txt,/data/kernelbench-v3/references/46_Conv2d_Subtract_Tanh_Subtract_AvgPool.py
Qwen3 Coder Next,B200,2,52_Conv2d_Activation_BatchNorm.py,False,False,,,,4,0,,,,,run_20260309_032138,,/data/kernelbench-v3/references/52_Conv2d_Activation_BatchNorm.py
Qwen3 Coder Next,B200,2,59_Matmul_Swish_Scaling.py,False,False,,,,2,0,,,,,run_20260309_032138,,/data/kernelbench-v3/references/59_Matmul_Swish_Scaling.py
Qwen3 Coder Next,B200,2,66_Matmul_Dropout_Mean_Softmax.py,False,False,,,,12,56609,0.009547,,,,run_20260309_032138,,/data/kernelbench-v3/references/66_Matmul_Dropout_Mean_Softmax.py
Qwen3 Coder Next,B200,2,6_Conv3d_Softmax_MaxPool_MaxPool.py,False,False,,,,8,0,,,,,run_20260309_032138,,/data/kernelbench-v3/references/6_Conv3d_Softmax_MaxPool_MaxPool.py
Qwen3 Coder Next,B200,2,55_Matmul_MaxPool_Sum_Scale.py,False,False,,,,12,147736,0.022724,,,,run_20260309_032138,,/data/kernelbench-v3/references/55_Matmul_MaxPool_Sum_Scale.py
Qwen3 Coder Next,B200,2,86_Matmul_Divide_GELU.py,False,False,,,,12,51402,0.006608,,,,run_20260309_032138,,/data/kernelbench-v3/references/86_Matmul_Divide_GELU.py
Qwen3 Coder Next,B200,2,73_Conv2d_BatchNorm_Scaling.py,True,True,0.7586163299506018,0.19299199432134628,0.25439999997615814,10,86723,0.014316,fused,torch_compile,fp32,run_20260309_032138,/data/kernelbench-v3/solutions/Qwen3 Coder Next_B200_73_Conv2d_BatchNorm_Scaling.py.txt,/data/kernelbench-v3/references/73_Conv2d_BatchNorm_Scaling.py
Qwen3 Coder Next,B200,2,82_Conv2d_Tanh_Scaling_BiasAdd_Max.py,False,False,,,,3,0,,,,,run_20260309_032138,,/data/kernelbench-v3/references/82_Conv2d_Tanh_Scaling_BiasAdd_Max.py
Qwen3 Coder Next,B200,2,85_Conv2d_GroupNorm_Scale_MaxPool_Clamp.py,False,False,,,,12,168885,0.029024,,,,run_20260309_032138,,/data/kernelbench-v3/references/85_Conv2d_GroupNorm_Scale_MaxPool_Clamp.py
Qwen3 Coder Next,B200,2,99_Matmul_GELU_Softmax.py,False,False,,,,7,0,,,,,run_20260309_032138,,/data/kernelbench-v3/references/99_Matmul_GELU_Softmax.py
Qwen3 Coder Next,B200,3,31_VisionAttention.py,False,False,,,,5,0,,,,,run_20260309_032138,,/data/kernelbench-v3/references/31_VisionAttention.py
Qwen3 Coder Next,B200,2,98_Matmul_AvgPool_GELU_Scale_Max.py,False,False,,,,9,0,,,,,run_20260309_032138,,/data/kernelbench-v3/references/98_Matmul_AvgPool_GELU_Scale_Max.py
Qwen3 Coder Next,B200,3,43_MinGPTCausalAttention.py,False,False,,,,3,0,,,,,run_20260309_032138,,/data/kernelbench-v3/references/43_MinGPTCausalAttention.py
Qwen3 Coder Next,B200,4,1_DeepSeek_MLA.py,False,False,,,,4,0,,,,,run_20260309_032138,,/data/kernelbench-v3/references/1_DeepSeek_MLA.py
Qwen3 Coder Next,B200,3,44_MiniGPTBlock.py,False,False,,,,7,0,,,,,run_20260309_032138,,/data/kernelbench-v3/references/44_MiniGPTBlock.py
Qwen3 Coder Next,B200,4,2_DeepSeek_MoE.py,False,False,,,,15,204287,0.031739,,,,run_20260309_032138,,/data/kernelbench-v3/references/2_DeepSeek_MoE.py
Qwen3 Coder Next,B200,4,4_FP8_Matmul.py,False,False,,,,2,0,,,,,run_20260309_032138,,/data/kernelbench-v3/references/4_FP8_Matmul.py
Qwen3 Coder Next,B200,4,5_MoE_GatedGEMM.py,False,False,,,,2,0,,,,,run_20260309_032138,,/data/kernelbench-v3/references/5_MoE_GatedGEMM.py
Qwen3 Coder Next,B200,4,6_INT4_Quantized_GEMM.py,False,False,,,,15,0,,,,,run_20260309_032138,,/data/kernelbench-v3/references/6_INT4_Quantized_GEMM.py
Qwen3 Coder Next,B200,4,3_GroupedQueryAttention.py,False,False,,,,15,245864,0.039996,,,,run_20260309_032138,,/data/kernelbench-v3/references/3_GroupedQueryAttention.py
Qwen3 Coder Next,B200,4,9_FP4_BlockScaled_Matmul.py,False,False,,,,0,0,,,,,run_20260309_032138,,/data/kernelbench-v3/references/9_FP4_BlockScaled_Matmul.py
Qwen3 Coder Next,B200,1,gemm_bf16.py,False,False,,,,10,42817,0.00571,,,,run_20260309_032138,,/data/kernelbench-v3/references/gemm_bf16.py
Qwen3 Coder Next,B200,4,7_GatedDeltaNet.py,True,True,0.9996726227684845,10.016240119934082,10.019520282745361,15,189971,0.030719,model,pytorch_eager,fp32,run_20260309_032138,/data/kernelbench-v3/solutions/Qwen3 Coder Next_B200_7_GatedDeltaNet.py.txt,/data/kernelbench-v3/references/7_GatedDeltaNet.py
Qwen3 Coder Next,B200,1,gemm_bias_gelu.py,False,False,,,,1,0,,,,,run_20260309_032138,,/data/kernelbench-v3/references/gemm_bias_gelu.py
Qwen3 Coder Next,B200,4,8_KimiDeltaAttention.py,True,False,,,,15,222554,0.036841,,,fp32,run_20260309_032138,/data/kernelbench-v3/solutions/Qwen3 Coder Next_B200_8_KimiDeltaAttention.py.txt,/data/kernelbench-v3/references/8_KimiDeltaAttention.py
Qwen3 Coder Next,B200,1,gemm_bias_relu.py,False,False,,,,10,115437,0.020944,,,,run_20260309_032138,,/data/kernelbench-v3/references/gemm_bias_relu.py
Qwen3 Coder Next,B200,1,gemm_fp4.py,False,False,,,,3,0,,,,,run_20260309_032138,,/data/kernelbench-v3/references/gemm_fp4.py
Qwen3 Coder Next,B200,1,gemm_bias_silu.py,True,True,1.350375938335942,0.11494399979710579,0.08511999994516373,10,114374,0.02089,gemm_epilogue,torch_compile,fp16,run_20260309_032138,/data/kernelbench-v3/solutions/Qwen3 Coder Next_B200_gemm_bias_silu.py.txt,/data/kernelbench-v3/references/gemm_bias_silu.py
Qwen3 Coder Next,B200,1,gemm_mixed_fp8_fp16.py,False,False,,,,10,84613,0.014118,,,,run_20260309_032138,,/data/kernelbench-v3/references/gemm_mixed_fp8_fp16.py
Qwen3 Coder Next,B200,1,gemm_fp8.py,False,False,,,,7,0,,,,,run_20260309_032138,,/data/kernelbench-v3/references/gemm_fp8.py
Qwen3 Coder Next,B200,1,gemm_residual_add.py,False,False,,,,2,0,,,,,run_20260309_032138,,/data/kernelbench-v3/references/gemm_residual_add.py
Qwen3 Coder Next,B200,1,gemv_bf16.py,False,False,,,,10,79741,0.014756,,,,run_20260309_032138,,/data/kernelbench-v3/references/gemv_bf16.py
Qwen3 Coder Next,B200,1,moe_grouped_gemm.py,False,False,,,,10,62712,0.008213,,,,run_20260309_032138,,/data/kernelbench-v3/references/moe_grouped_gemm.py
Qwen3 Coder Next,B200,1,gemv_fp4.py,False,False,,,,7,0,,,,,run_20260309_032138,,/data/kernelbench-v3/references/gemv_fp4.py
Qwen3 Coder Next,B200,1,persistent_gemm.py,False,False,,,,10,47087,0.005912,,,,run_20260309_032138,,/data/kernelbench-v3/references/persistent_gemm.py
Qwen3 Coder Next,B200,1,gemv_fp16.py,False,False,,,,10,108264,0.020548,,,,run_20260309_032138,,/data/kernelbench-v3/references/gemv_fp16.py
Qwen3 Coder Next,B200,1,stream_k_gemm.py,False,False,,,,10,57685,0.008726,,,,run_20260309_032138,,/data/kernelbench-v3/references/stream_k_gemm.py
Qwen3 Coder Next,B200,1,warp_specialized_gemm.py,False,False,,,,10,53206,0.00737,,,,run_20260309_032138,,/data/kernelbench-v3/references/warp_specialized_gemm.py
Qwen3 Coder Next,B200,1,gemv_fp8.py,False,False,,,,10,130931,0.0236,,,,run_20260309_032138,,/data/kernelbench-v3/references/gemv_fp8.py
Qwen: Qwen3.5-35B-A3B,H100,1,2_Standard_matrix_multiplication_.py,False,False,,,,3,10437,0.0022,,,,run_20260309_181804,,/data/kernelbench-v3/references/2_Standard_matrix_multiplication_.py
Qwen: Qwen3.5-35B-A3B,H100,1,26_GELU_.py,False,False,,,,4,17984,0.005824,,,,run_20260309_181804,,/data/kernelbench-v3/references/26_GELU_.py
Qwen: Qwen3.5-35B-A3B,H100,1,3_Batched_matrix_multiplication.py,False,False,,,,2,7003,0.00199,,,,run_20260309_181804,,/data/kernelbench-v3/references/3_Batched_matrix_multiplication.py
Qwen: Qwen3.5-35B-A3B,H100,1,1_Square_matrix_multiplication_.py,False,False,,,,5,28549,0.00901,,,,run_20260309_181804,,/data/kernelbench-v3/references/1_Square_matrix_multiplication_.py
Qwen: Qwen3.5-35B-A3B,H100,1,23_Softmax.py,True,False,,,,2,10770,0.005309,,,fp32,run_20260309_181804,/data/kernelbench-v3/solutions/Qwen: Qwen3.5-35B-A3B_H100_23_Softmax.py.txt,/data/kernelbench-v3/references/23_Softmax.py
Qwen: Qwen3.5-35B-A3B,H100,1,36_RMSNorm_.py,False,False,,,,2,12978,0.009563,,,,run_20260309_181804,,/data/kernelbench-v3/references/36_RMSNorm_.py
Qwen: Qwen3.5-35B-A3B,H100,1,4_Matrix_vector_multiplication_.py,False,False,,,,2,8490,0.003837,,,,run_20260309_181804,,/data/kernelbench-v3/references/4_Matrix_vector_multiplication_.py
Qwen: Qwen3.5-35B-A3B,H100,1,40_LayerNorm.py,False,False,,,,1,11106,0.011123,,,,run_20260309_181804,,/data/kernelbench-v3/references/40_LayerNorm.py
Qwen: Qwen3.5-35B-A3B,H100,1,42_Max_Pooling_2D.py,False,False,,,,2,19080,0.013917,,,,run_20260309_181804,,/data/kernelbench-v3/references/42_Max_Pooling_2D.py
Qwen: Qwen3.5-35B-A3B,H100,1,63_conv_standard_2D__square_input__square_kernel.py,False,False,,,,2,13441,0.009559,,,,run_20260309_181804,,/data/kernelbench-v3/references/63_conv_standard_2D__square_input__square_kernel.py
Qwen: Qwen3.5-35B-A3B,H100,1,8_Matmul_with_irregular_shapes_.py,False,False,,,,2,6896,0.001757,,,,run_20260309_181804,,/data/kernelbench-v3/references/8_Matmul_with_irregular_shapes_.py
Qwen: Qwen3.5-35B-A3B,H100,1,47_Sum_reduction_over_a_dimension.py,False,False,,,,5,39359,0.015477,,,,run_20260309_181804,,/data/kernelbench-v3/references/47_Sum_reduction_over_a_dimension.py
Qwen: Qwen3.5-35B-A3B,H100,1,82_conv_depthwise_2D_square_input_square_kernel.py,False,False,,,,2,13908,0.010482,,,,run_20260309_181804,,/data/kernelbench-v3/references/82_conv_depthwise_2D_square_input_square_kernel.py
Qwen: Qwen3.5-35B-A3B,H100,1,9_Tall_skinny_matrix_multiplication_.py,False,False,,,,3,13906,0.006683,,,,run_20260309_181804,,/data/kernelbench-v3/references/9_Tall_skinny_matrix_multiplication_.py
Qwen: Qwen3.5-35B-A3B,H100,2,37_Matmul_Swish_Sum_GroupNorm.py,False,False,,,,2,14913,0.012116,,,,run_20260309_181804,,/data/kernelbench-v3/references/37_Matmul_Swish_Sum_GroupNorm.py
Qwen: Qwen3.5-35B-A3B,H100,1,95_CrossEntropyLoss.py,False,False,,,,6,30066,0.009567,,,,run_20260309_181804,,/data/kernelbench-v3/references/95_CrossEntropyLoss.py
Qwen: Qwen3.5-35B-A3B,H100,2,17_Conv2d_InstanceNorm_Divide.py,False,False,,,,4,36334,0.020389,,,,run_20260309_181804,,/data/kernelbench-v3/references/17_Conv2d_InstanceNorm_Divide.py
Qwen: Qwen3.5-35B-A3B,H100,2,40_Matmul_Scaling_ResidualAdd.py,False,False,,,,6,48307,0.016514,,,,run_20260309_181804,,/data/kernelbench-v3/references/40_Matmul_Scaling_ResidualAdd.py
Qwen: Qwen3.5-35B-A3B,H100,2,46_Conv2d_Subtract_Tanh_Subtract_AvgPool.py,False,False,,,,4,23418,0.009201,,,,run_20260309_181804,,/data/kernelbench-v3/references/46_Conv2d_Subtract_Tanh_Subtract_AvgPool.py
Qwen: Qwen3.5-35B-A3B,H100,2,55_Matmul_MaxPool_Sum_Scale.py,False,False,,,,2,9201,0.004725,,,,run_20260309_181804,,/data/kernelbench-v3/references/55_Matmul_MaxPool_Sum_Scale.py
Qwen: Qwen3.5-35B-A3B,H100,2,52_Conv2d_Activation_BatchNorm.py,False,False,,,,3,14929,0.005856,,,,run_20260309_181804,,/data/kernelbench-v3/references/52_Conv2d_Activation_BatchNorm.py
Qwen: Qwen3.5-35B-A3B,H100,2,66_Matmul_Dropout_Mean_Softmax.py,False,False,,,,2,14808,0.01216,,,,run_20260309_181804,,/data/kernelbench-v3/references/66_Matmul_Dropout_Mean_Softmax.py
Qwen: Qwen3.5-35B-A3B,H100,2,59_Matmul_Swish_Scaling.py,False,False,,,,3,21035,0.009215,,,,run_20260309_181804,,/data/kernelbench-v3/references/59_Matmul_Swish_Scaling.py
Qwen: Qwen3.5-35B-A3B,H100,2,6_Conv3d_Softmax_MaxPool_MaxPool.py,False,False,,,,4,25721,0.011728,,,,run_20260309_181804,,/data/kernelbench-v3/references/6_Conv3d_Softmax_MaxPool_MaxPool.py
Qwen: Qwen3.5-35B-A3B,H100,2,82_Conv2d_Tanh_Scaling_BiasAdd_Max.py,False,False,,,,2,10621,0.006415,,,,run_20260309_181804,,/data/kernelbench-v3/references/82_Conv2d_Tanh_Scaling_BiasAdd_Max.py
Qwen: Qwen3.5-35B-A3B,H100,2,73_Conv2d_BatchNorm_Scaling.py,False,False,,,,4,31264,0.016186,,,,run_20260309_181804,,/data/kernelbench-v3/references/73_Conv2d_BatchNorm_Scaling.py
Qwen: Qwen3.5-35B-A3B,H100,2,99_Matmul_GELU_Softmax.py,False,False,,,,6,22718,0.004975,,,,run_20260309_181804,,/data/kernelbench-v3/references/99_Matmul_GELU_Softmax.py
Qwen: Qwen3.5-35B-A3B,H100,2,85_Conv2d_GroupNorm_Scale_MaxPool_Clamp.py,False,False,,,,9,112023,0.035008,,,,run_20260309_181804,,/data/kernelbench-v3/references/85_Conv2d_GroupNorm_Scale_MaxPool_Clamp.py
Qwen: Qwen3.5-35B-A3B,H100,3,31_VisionAttention.py,False,False,,,,2,0,,,,,run_20260309_181804,,/data/kernelbench-v3/references/31_VisionAttention.py
Qwen: Qwen3.5-35B-A3B,H100,2,98_Matmul_AvgPool_GELU_Scale_Max.py,False,False,,,,9,100686,0.03188,,,,run_20260309_181804,,/data/kernelbench-v3/references/98_Matmul_AvgPool_GELU_Scale_Max.py
Qwen: Qwen3.5-35B-A3B,H100,3,44_MiniGPTBlock.py,False,False,,,,2,18231,0.013207,,,,run_20260309_181804,,/data/kernelbench-v3/references/44_MiniGPTBlock.py
Qwen: Qwen3.5-35B-A3B,H100,4,2_DeepSeek_MoE.py,False,False,,,,2,15544,0.005312,,,,run_20260309_181804,,/data/kernelbench-v3/references/2_DeepSeek_MoE.py
Qwen: Qwen3.5-35B-A3B,H100,3,43_MinGPTCausalAttention.py,False,False,,,,2,26861,0.025841,,,,run_20260309_181804,,/data/kernelbench-v3/references/43_MinGPTCausalAttention.py
Qwen: Qwen3.5-35B-A3B,H100,4,1_DeepSeek_MLA.py,False,False,,,,7,79230,0.023197,,,,run_20260309_181804,,/data/kernelbench-v3/references/1_DeepSeek_MLA.py
Qwen: Qwen3.5-35B-A3B,H100,4,4_FP8_Matmul.py,False,False,,,,4,25994,0.006777,,,,run_20260309_181804,,/data/kernelbench-v3/references/4_FP8_Matmul.py
Qwen: Qwen3.5-35B-A3B,H100,4,3_GroupedQueryAttention.py,False,False,,,,1,0,,,,,run_20260309_181804,,/data/kernelbench-v3/references/3_GroupedQueryAttention.py
Qwen: Qwen3.5-35B-A3B,H100,4,5_MoE_GatedGEMM.py,False,False,,,,2,15495,0.008544,,,,run_20260309_181804,,/data/kernelbench-v3/references/5_MoE_GatedGEMM.py
Qwen: Qwen3.5-35B-A3B,H100,4,6_INT4_Quantized_GEMM.py,False,False,,,,1,0,,,,,run_20260309_181804,,/data/kernelbench-v3/references/6_INT4_Quantized_GEMM.py
Qwen: Qwen3.5-35B-A3B,H100,4,7_GatedDeltaNet.py,False,False,,,,1,0,,,,,run_20260309_181804,,/data/kernelbench-v3/references/7_GatedDeltaNet.py
Qwen: Qwen3.5-35B-A3B,H100,4,8_KimiDeltaAttention.py,False,False,,,,2,19537,0.012834,,,,run_20260309_181804,,/data/kernelbench-v3/references/8_KimiDeltaAttention.py
Qwen: Qwen3.5-35B-A3B,H100,1,gemm_bias_gelu.py,False,False,,,,2,10695,0.006998,,,,run_20260309_181804,,/data/kernelbench-v3/references/gemm_bias_gelu.py
Qwen: Qwen3.5-35B-A3B,H100,1,gemm_bf16.py,False,False,,,,3,15904,0.005836,,,,run_20260309_181804,,/data/kernelbench-v3/references/gemm_bf16.py
Qwen: Qwen3.5-35B-A3B,H100,1,gemm_bias_relu.py,False,False,,,,2,6964,0.002218,,,,run_20260309_181804,,/data/kernelbench-v3/references/gemm_bias_relu.py
Qwen: Qwen3.5-35B-A3B,H100,1,gemm_bias_silu.py,False,False,,,,6,41366,0.011449,,,,run_20260309_181804,,/data/kernelbench-v3/references/gemm_bias_silu.py
Qwen: Qwen3.5-35B-A3B,H100,2,86_Matmul_Divide_GELU.py,False,False,,,,2,17356,0.015559,,,,run_20260309_181804,,/data/kernelbench-v3/references/86_Matmul_Divide_GELU.py
Qwen: Qwen3.5-35B-A3B,H100,1,gemm_fp4.py,False,False,,,,3,17970,0.008591,,,,run_20260309_181804,,/data/kernelbench-v3/references/gemm_fp4.py
Qwen: Qwen3.5-35B-A3B,H100,1,gemm_mixed_fp8_fp16.py,False,False,,,,4,16545,0.004228,,,,run_20260309_181804,,/data/kernelbench-v3/references/gemm_mixed_fp8_fp16.py
Qwen: Qwen3.5-35B-A3B,H100,1,gemv_fp16.py,False,False,,,,2,8339,0.004001,,,,run_20260309_181804,,/data/kernelbench-v3/references/gemv_fp16.py
Qwen: Qwen3.5-35B-A3B,H100,1,gemm_fp8.py,False,False,,,,10,78518,0.02584,,,,run_20260309_181804,,/data/kernelbench-v3/references/gemm_fp8.py
Qwen: Qwen3.5-35B-A3B,H100,1,gemv_fp8.py,False,False,,,,3,11476,0.002707,,,,run_20260309_181804,,/data/kernelbench-v3/references/gemv_fp8.py
Qwen: Qwen3.5-35B-A3B,H100,1,gemv_bf16.py,True,False,,,,5,26123,0.010058,,,bf16,run_20260309_181804,/data/kernelbench-v3/solutions/Qwen: Qwen3.5-35B-A3B_H100_gemv_bf16.py.txt,/data/kernelbench-v3/references/gemv_bf16.py
Qwen: Qwen3.5-35B-A3B,H100,1,gemm_residual_add.py,False,False,,,,4,20833,0.008508,,,,run_20260309_181804,,/data/kernelbench-v3/references/gemm_residual_add.py
Qwen: Qwen3.5-35B-A3B,H100,1,gemv_fp4.py,False,False,,,,2,10192,0.005843,,,,run_20260309_181804,,/data/kernelbench-v3/references/gemv_fp4.py
Qwen: Qwen3.5-35B-A3B,H100,1,moe_grouped_gemm.py,False,False,,,,2,7870,0.002291,,,,run_20260309_181804,,/data/kernelbench-v3/references/moe_grouped_gemm.py
Qwen: Qwen3.5-122B-A10B,H100,1,23_Softmax.py,True,True,0.6077921965348652,0.022463999688625336,0.03696000017225742,4,20174,0.011248,softmax,pytorch_eager,fp32,run_20260310_041756,/data/kernelbench-v3/solutions/Qwen: Qwen3.5-122B-A10B_H100_23_Softmax.py.txt,/data/kernelbench-v3/references/23_Softmax.py
Qwen: Qwen3.5-122B-A10B,H100,1,26_GELU_.py,True,False,,,,10,61327,0.025784,,,fp32,run_20260310_041756,/data/kernelbench-v3/solutions/Qwen: Qwen3.5-122B-A10B_H100_26_GELU_.py.txt,/data/kernelbench-v3/references/26_GELU_.py
Qwen: Qwen3.5-122B-A10B,H100,1,3_Batched_matrix_multiplication.py,False,False,,,,4,18884,0.010046,,,,run_20260310_041756,,/data/kernelbench-v3/references/3_Batched_matrix_multiplication.py
Qwen: Qwen3.5-122B-A10B,H100,1,2_Standard_matrix_multiplication_.py,True,True,1.5271564550133239,0.4084960073232651,0.2674879878759384,10,113278,0.049483,gemm,pytorch_eager,fp32,run_20260310_041756,/data/kernelbench-v3/solutions/Qwen: Qwen3.5-122B-A10B_H100_2_Standard_matrix_multiplication_.py.txt,/data/kernelbench-v3/references/2_Standard_matrix_multiplication_.py
Qwen: Qwen3.5-122B-A10B,H100,1,36_RMSNorm_.py,True,True,0.4847685490656898,0.45576000213623047,0.9401600062847137,9,69146,0.029095,layernorm,torch_compile,fp32,run_20260310_041756,/data/kernelbench-v3/solutions/Qwen: Qwen3.5-122B-A10B_H100_36_RMSNorm_.py.txt,/data/kernelbench-v3/references/36_RMSNorm_.py
Qwen: Qwen3.5-122B-A10B,H100,1,1_Square_matrix_multiplication_.py,True,False,,,,10,147856,0.073849,,,fp32,run_20260310_041756,/data/kernelbench-v3/solutions/Qwen: Qwen3.5-122B-A10B_H100_1_Square_matrix_multiplication_.py.txt,/data/kernelbench-v3/references/1_Square_matrix_multiplication_.py
Qwen: Qwen3.5-122B-A10B,H100,1,40_LayerNorm.py,True,False,,,,10,80451,0.034653,,,fp32,run_20260310_041756,/data/kernelbench-v3/solutions/Qwen: Qwen3.5-122B-A10B_H100_40_LayerNorm.py.txt,/data/kernelbench-v3/references/40_LayerNorm.py
Qwen: Qwen3.5-122B-A10B,H100,1,42_Max_Pooling_2D.py,True,True,1.6053640543553518,0.4156480133533478,0.25891199707984924,4,29556,0.021673,reduction,pytorch_eager,fp32,run_20260310_041756,/data/kernelbench-v3/solutions/Qwen: Qwen3.5-122B-A10B_H100_42_Max_Pooling_2D.py.txt,/data/kernelbench-v3/references/42_Max_Pooling_2D.py
Qwen: Qwen3.5-122B-A10B,H100,1,47_Sum_reduction_over_a_dimension.py,True,True,0.47020301399042297,0.022975999861955643,0.04886399954557419,10,105615,0.050412,reduction,pytorch_eager,fp32,run_20260310_041756,/data/kernelbench-v3/solutions/Qwen: Qwen3.5-122B-A10B_H100_47_Sum_reduction_over_a_dimension.py.txt,/data/kernelbench-v3/references/47_Sum_reduction_over_a_dimension.py
Qwen: Qwen3.5-122B-A10B,H100,1,82_conv_depthwise_2D_square_input_square_kernel.py,False,False,,,,10,86527,0.045462,,,,run_20260310_041756,,/data/kernelbench-v3/references/82_conv_depthwise_2D_square_input_square_kernel.py
Qwen: Qwen3.5-122B-A10B,H100,1,4_Matrix_vector_multiplication_.py,True,False,,,,10,109549,0.05049,,,fp32,run_20260310_041756,/data/kernelbench-v3/solutions/Qwen: Qwen3.5-122B-A10B_H100_4_Matrix_vector_multiplication_.py.txt,/data/kernelbench-v3/references/4_Matrix_vector_multiplication_.py
Qwen: Qwen3.5-122B-A10B,H100,1,8_Matmul_with_irregular_shapes_.py,True,False,,,,10,63749,0.026348,,,fp32,run_20260310_041756,/data/kernelbench-v3/solutions/Qwen: Qwen3.5-122B-A10B_H100_8_Matmul_with_irregular_shapes_.py.txt,/data/kernelbench-v3/references/8_Matmul_with_irregular_shapes_.py
Qwen: Qwen3.5-122B-A10B,H100,1,63_conv_standard_2D__square_input__square_kernel.py,False,False,,,,10,155160,0.080578,,,,run_20260310_041756,,/data/kernelbench-v3/references/63_conv_standard_2D__square_input__square_kernel.py
Qwen: Qwen3.5-122B-A10B,H100,1,9_Tall_skinny_matrix_multiplication_.py,True,False,,,,10,97034,0.043167,,,fp32,run_20260310_041756,/data/kernelbench-v3/solutions/Qwen: Qwen3.5-122B-A10B_H100_9_Tall_skinny_matrix_multiplication_.py.txt,/data/kernelbench-v3/references/9_Tall_skinny_matrix_multiplication_.py
Qwen: Qwen3.5-122B-A10B,H100,1,95_CrossEntropyLoss.py,True,True,0.11633425735928499,0.03294399939477444,0.2831839919090271,10,71280,0.030885,reduction,pytorch_eager,fp32,run_20260310_041756,/data/kernelbench-v3/solutions/Qwen: Qwen3.5-122B-A10B_H100_95_CrossEntropyLoss.py.txt,/data/kernelbench-v3/references/95_CrossEntropyLoss.py
Qwen: Qwen3.5-122B-A10B,H100,2,17_Conv2d_InstanceNorm_Divide.py,True,False,,,,12,141381,0.057471,,,fp32,run_20260310_041756,/data/kernelbench-v3/solutions/Qwen: Qwen3.5-122B-A10B_H100_17_Conv2d_InstanceNorm_Divide.py.txt,/data/kernelbench-v3/references/17_Conv2d_InstanceNorm_Divide.py
Qwen: Qwen3.5-122B-A10B,H100,2,37_Matmul_Swish_Sum_GroupNorm.py,True,False,,,,12,127329,0.052467,,,fp32,run_20260310_041756,/data/kernelbench-v3/solutions/Qwen: Qwen3.5-122B-A10B_H100_37_Matmul_Swish_Sum_GroupNorm.py.txt,/data/kernelbench-v3/references/37_Matmul_Swish_Sum_GroupNorm.py
Qwen: Qwen3.5-122B-A10B,H100,2,40_Matmul_Scaling_ResidualAdd.py,True,False,,,,4,23447,0.019271,,,fp32,run_20260310_041756,/data/kernelbench-v3/solutions/Qwen: Qwen3.5-122B-A10B_H100_40_Matmul_Scaling_ResidualAdd.py.txt,/data/kernelbench-v3/references/40_Matmul_Scaling_ResidualAdd.py
Qwen: Qwen3.5-122B-A10B,H100,2,46_Conv2d_Subtract_Tanh_Subtract_AvgPool.py,True,True,0.9324760532975139,0.2587359994649887,0.27747200429439545,7,63061,0.041277,fused,torch_compile,fp32,run_20260310_041756,/data/kernelbench-v3/solutions/Qwen: Qwen3.5-122B-A10B_H100_46_Conv2d_Subtract_Tanh_Subtract_AvgPool.py.txt,/data/kernelbench-v3/references/46_Conv2d_Subtract_Tanh_Subtract_AvgPool.py
Qwen: Qwen3.5-122B-A10B,H100,2,59_Matmul_Swish_Scaling.py,False,False,,,,11,76163,0.032937,,,,run_20260310_041756,,/data/kernelbench-v3/references/59_Matmul_Swish_Scaling.py
Qwen: Qwen3.5-122B-A10B,H100,2,55_Matmul_MaxPool_Sum_Scale.py,True,False,,,,12,125345,0.051046,,,fp32,run_20260310_041756,/data/kernelbench-v3/solutions/Qwen: Qwen3.5-122B-A10B_H100_55_Matmul_MaxPool_Sum_Scale.py.txt,/data/kernelbench-v3/references/55_Matmul_MaxPool_Sum_Scale.py
Qwen: Qwen3.5-122B-A10B,H100,2,52_Conv2d_Activation_BatchNorm.py,False,False,,,,10,95602,0.03655,,,,run_20260310_041756,,/data/kernelbench-v3/references/52_Conv2d_Activation_BatchNorm.py
Qwen: Qwen3.5-122B-A10B,H100,2,66_Matmul_Dropout_Mean_Softmax.py,True,True,0.7395032619422157,0.2000799998641014,0.27055999636650085,12,112726,0.046726,fused,pytorch_eager,fp32,run_20260310_041756,/data/kernelbench-v3/solutions/Qwen: Qwen3.5-122B-A10B_H100_66_Matmul_Dropout_Mean_Softmax.py.txt,/data/kernelbench-v3/references/66_Matmul_Dropout_Mean_Softmax.py
Qwen: Qwen3.5-122B-A10B,H100,2,82_Conv2d_Tanh_Scaling_BiasAdd_Max.py,True,False,,,,12,134332,0.065874,,,fp32,run_20260310_041756,/data/kernelbench-v3/solutions/Qwen: Qwen3.5-122B-A10B_H100_82_Conv2d_Tanh_Scaling_BiasAdd_Max.py.txt,/data/kernelbench-v3/references/82_Conv2d_Tanh_Scaling_BiasAdd_Max.py
Qwen: Qwen3.5-122B-A10B,H100,2,85_Conv2d_GroupNorm_Scale_MaxPool_Clamp.py,True,True,0.09873082657097763,0.2840320020914078,2.8768320083618164,8,73219,0.032057,fused,torch_compile,fp32,run_20260310_041756,/data/kernelbench-v3/solutions/Qwen: Qwen3.5-122B-A10B_H100_85_Conv2d_GroupNorm_Scale_MaxPool_Clamp.py.txt,/data/kernelbench-v3/references/85_Conv2d_GroupNorm_Scale_MaxPool_Clamp.py
Qwen: Qwen3.5-122B-A10B,H100,2,6_Conv3d_Softmax_MaxPool_MaxPool.py,True,False,,,,12,122039,0.052573,,,fp32,run_20260310_041756,/data/kernelbench-v3/solutions/Qwen: Qwen3.5-122B-A10B_H100_6_Conv3d_Softmax_MaxPool_MaxPool.py.txt,/data/kernelbench-v3/references/6_Conv3d_Softmax_MaxPool_MaxPool.py
Qwen: Qwen3.5-122B-A10B,H100,2,73_Conv2d_BatchNorm_Scaling.py,False,False,,,,12,188038,0.085705,,,,run_20260310_041756,,/data/kernelbench-v3/references/73_Conv2d_BatchNorm_Scaling.py
Qwen: Qwen3.5-122B-A10B,H100,2,99_Matmul_GELU_Softmax.py,False,False,,,,2,0,,,,,run_20260310_041756,,/data/kernelbench-v3/references/99_Matmul_GELU_Softmax.py
Qwen: Qwen3.5-122B-A10B,H100,2,98_Matmul_AvgPool_GELU_Scale_Max.py,False,False,,,,12,104253,0.046825,,,,run_20260310_041756,,/data/kernelbench-v3/references/98_Matmul_AvgPool_GELU_Scale_Max.py
Qwen: Qwen3.5-122B-A10B,H100,2,86_Matmul_Divide_GELU.py,False,False,,,,6,56482,0.035135,,,,run_20260310_041756,,/data/kernelbench-v3/references/86_Matmul_Divide_GELU.py
Qwen: Qwen3.5-122B-A10B,H100,3,43_MinGPTCausalAttention.py,False,False,,,,12,114244,0.043315,,,,run_20260310_041756,,/data/kernelbench-v3/references/43_MinGPTCausalAttention.py
Qwen: Qwen3.5-122B-A10B,H100,3,44_MiniGPTBlock.py,False,False,,,,15,183788,0.065878,,,,run_20260310_041756,,/data/kernelbench-v3/references/44_MiniGPTBlock.py
Qwen: Qwen3.5-122B-A10B,H100,4,1_DeepSeek_MLA.py,False,False,,,,15,232654,0.084459,,,,run_20260310_041756,,/data/kernelbench-v3/references/1_DeepSeek_MLA.py
Qwen: Qwen3.5-122B-A10B,H100,3,31_VisionAttention.py,False,False,,,,15,299364,0.134955,,,,run_20260310_041756,,/data/kernelbench-v3/references/31_VisionAttention.py
Qwen: Qwen3.5-122B-A10B,H100,4,4_FP8_Matmul.py,True,True,0.8801957440717827,0.7972320020198822,0.9057439863681793,15,181243,0.063139,gemm,torch_compile,fp16,run_20260310_041756,/data/kernelbench-v3/solutions/Qwen: Qwen3.5-122B-A10B_H100_4_FP8_Matmul.py.txt,/data/kernelbench-v3/references/4_FP8_Matmul.py
Qwen: Qwen3.5-122B-A10B,H100,4,5_MoE_GatedGEMM.py,False,False,,,,2,0,,,,,run_20260310_041756,,/data/kernelbench-v3/references/5_MoE_GatedGEMM.py
Qwen: Qwen3.5-122B-A10B,H100,4,2_DeepSeek_MoE.py,False,False,,,,15,364060,0.172757,,,,run_20260310_041756,,/data/kernelbench-v3/references/2_DeepSeek_MoE.py
Qwen: Qwen3.5-122B-A10B,H100,4,3_GroupedQueryAttention.py,True,True,1.1896072661149117,21.591904640197754,18.150447845458984,15,409826,0.159804,attention,torch_compile,fp32,run_20260310_041756,/data/kernelbench-v3/solutions/Qwen: Qwen3.5-122B-A10B_H100_3_GroupedQueryAttention.py.txt,/data/kernelbench-v3/references/3_GroupedQueryAttention.py
Qwen: Qwen3.5-122B-A10B,H100,4,6_INT4_Quantized_GEMM.py,False,False,,,,6,82480,0.052035,,,,run_20260310_041756,,/data/kernelbench-v3/references/6_INT4_Quantized_GEMM.py
Qwen: Qwen3.5-122B-A10B,H100,1,gemm_bf16.py,True,True,0.7217832777666968,0.04092799872159958,0.056703999638557434,4,20783,0.015326,gemm,pytorch_eager,bf16,run_20260310_041756,/data/kernelbench-v3/solutions/Qwen: Qwen3.5-122B-A10B_H100_gemm_bf16.py.txt,/data/kernelbench-v3/references/gemm_bf16.py
Qwen: Qwen3.5-122B-A10B,H100,1,gemm_bias_gelu.py,False,False,,,,10,63289,0.026753,,,,run_20260310_041756,,/data/kernelbench-v3/references/gemm_bias_gelu.py
Qwen: Qwen3.5-122B-A10B,H100,1,gemm_bias_relu.py,False,False,,,,10,71117,0.027478,,,,run_20260310_041756,,/data/kernelbench-v3/references/gemm_bias_relu.py
Qwen: Qwen3.5-122B-A10B,H100,4,8_KimiDeltaAttention.py,True,True,0.9998759463710934,11.218656063079834,11.220047950744629,15,202142,0.078321,attention,pytorch_eager,fp32,run_20260310_041756,/data/kernelbench-v3/solutions/Qwen: Qwen3.5-122B-A10B_H100_8_KimiDeltaAttention.py.txt,/data/kernelbench-v3/references/8_KimiDeltaAttention.py
Qwen: Qwen3.5-122B-A10B,H100,4,7_GatedDeltaNet.py,True,False,,,,14,290296,0.114307,,,fp32,run_20260310_041756,/data/kernelbench-v3/solutions/Qwen: Qwen3.5-122B-A10B_H100_7_GatedDeltaNet.py.txt,/data/kernelbench-v3/references/7_GatedDeltaNet.py
Qwen: Qwen3.5-122B-A10B,H100,1,gemm_fp8.py,False,False,,,,10,57879,0.018792,,,,run_20260310_041756,,/data/kernelbench-v3/references/gemm_fp8.py
Qwen: Qwen3.5-122B-A10B,H100,1,gemm_fp4.py,True,True,2.2501148561099122,0.47040000557899475,0.20905599743127823,7,51164,0.031563,gemm,torch_compile,int8,run_20260310_041756,/data/kernelbench-v3/solutions/Qwen: Qwen3.5-122B-A10B_H100_gemm_fp4.py.txt,/data/kernelbench-v3/references/gemm_fp4.py
Qwen: Qwen3.5-122B-A10B,H100,1,gemm_bias_silu.py,True,False,,,,10,94340,0.054906,,,fp16,run_20260310_041756,/data/kernelbench-v3/solutions/Qwen: Qwen3.5-122B-A10B_H100_gemm_bias_silu.py.txt,/data/kernelbench-v3/references/gemm_bias_silu.py
Qwen: Qwen3.5-122B-A10B,H100,1,gemm_residual_add.py,True,True,1.6376653663784941,0.16835200041532516,0.10280000045895576,10,68873,0.028132,gemm_epilogue,torch_compile,fp16,run_20260310_041756,/data/kernelbench-v3/solutions/Qwen: Qwen3.5-122B-A10B_H100_gemm_residual_add.py.txt,/data/kernelbench-v3/references/gemm_residual_add.py
Qwen: Qwen3.5-122B-A10B,H100,1,gemm_mixed_fp8_fp16.py,False,False,,,,10,77943,0.034108,,,,run_20260310_041756,,/data/kernelbench-v3/references/gemm_mixed_fp8_fp16.py
Qwen: Qwen3.5-122B-A10B,H100,1,gemv_bf16.py,True,False,,,,10,115749,0.054472,,,bf16,run_20260310_041756,/data/kernelbench-v3/solutions/Qwen: Qwen3.5-122B-A10B_H100_gemv_bf16.py.txt,/data/kernelbench-v3/references/gemv_bf16.py
Qwen: Qwen3.5-122B-A10B,H100,1,gemv_fp8.py,True,True,0.012324895616302546,0.3938239961862564,31.95353603363037,4,26523,0.018651,gemv,torch_compile,int8,run_20260310_041756,/data/kernelbench-v3/solutions/Qwen: Qwen3.5-122B-A10B_H100_gemv_fp8.py.txt,/data/kernelbench-v3/references/gemv_fp8.py
Qwen: Qwen3.5-122B-A10B,H100,1,moe_grouped_gemm.py,False,False,,,,10,85757,0.029719,,,,run_20260310_041756,,/data/kernelbench-v3/references/moe_grouped_gemm.py
Qwen: Qwen3.5-122B-A10B,H100,1,gemv_fp16.py,True,False,,,,10,88165,0.039878,,,fp16,run_20260310_041756,/data/kernelbench-v3/solutions/Qwen: Qwen3.5-122B-A10B_H100_gemv_fp16.py.txt,/data/kernelbench-v3/references/gemv_fp16.py
Qwen: Qwen3.5-122B-A10B,H100,1,gemv_fp4.py,True,True,0.05240425890254386,0.4169920086860657,7.957216024398804,10,111806,0.064767,gemv,torch_compile,int8,run_20260310_041756,/data/kernelbench-v3/solutions/Qwen: Qwen3.5-122B-A10B_H100_gemv_fp4.py.txt,/data/kernelbench-v3/references/gemv_fp4.py
GLM-5,RTX3090,1,26_GELU_.py,True,True,0.9778911467653488,0.04600000008940697,0.047040000557899475,6,32657,0.030064,elementwise,pytorch_eager,fp32,run_20260311_133649,/data/kernelbench-v3/solutions/GLM-5_RTX3090_26_GELU_.py.txt,/data/kernelbench-v3/references/26_GELU_.py
GLM-5,RTX3090,1,1_Square_matrix_multiplication_.py,True,True,0.6113607199935117,0.7184320092201233,1.1751360297203064,10,93968,0.083962,gemm,pytorch_eager,fp32,run_20260311_133649,/data/kernelbench-v3/solutions/GLM-5_RTX3090_1_Square_matrix_multiplication_.py.txt,/data/kernelbench-v3/references/1_Square_matrix_multiplication_.py
GLM-5,RTX3090,1,36_RMSNorm_.py,True,True,0.062276564366301385,1.6330240368843079,26.22212791442871,5,26128,0.02669,layernorm,pytorch_eager,fp32,run_20260311_133649,/data/kernelbench-v3/solutions/GLM-5_RTX3090_36_RMSNorm_.py.txt,/data/kernelbench-v3/references/36_RMSNorm_.py
GLM-5,RTX3090,1,23_Softmax.py,True,True,0.5967103151419061,0.06268800050020218,0.10505600273609161,8,60591,0.058257,softmax,pytorch_eager,fp32,run_20260311_133649,/data/kernelbench-v3/solutions/GLM-5_RTX3090_23_Softmax.py.txt,/data/kernelbench-v3/references/23_Softmax.py
GLM-5,RTX3090,1,2_Standard_matrix_multiplication_.py,True,True,1.201988031647312,0.7913120090961456,0.6583360135555267,10,79381,0.073254,gemm,pytorch_eager,fp32,run_20260311_133649,/data/kernelbench-v3/solutions/GLM-5_RTX3090_2_Standard_matrix_multiplication_.py.txt,/data/kernelbench-v3/references/2_Standard_matrix_multiplication_.py
GLM-5,RTX3090,1,40_LayerNorm.py,True,True,0.8316787230250621,2.3175359964370728,2.78657603263855,4,22131,0.023174,layernorm,torch_compile,fp32,run_20260311_133649,/data/kernelbench-v3/solutions/GLM-5_RTX3090_40_LayerNorm.py.txt,/data/kernelbench-v3/references/40_LayerNorm.py
GLM-5,RTX3090,1,42_Max_Pooling_2D.py,True,True,0.9915912692736909,1.143392026424408,1.1530880331993103,4,23288,0.024674,reduction,pytorch_eager,fp32,run_20260311_133649,/data/kernelbench-v3/solutions/GLM-5_RTX3090_42_Max_Pooling_2D.py.txt,/data/kernelbench-v3/references/42_Max_Pooling_2D.py
GLM-5,RTX3090,1,63_conv_standard_2D__square_input__square_kernel.py,False,False,,,,5,0,,,,,run_20260311_133649,,/data/kernelbench-v3/references/63_conv_standard_2D__square_input__square_kernel.py
GLM-5,RTX3090,1,3_Batched_matrix_multiplication.py,True,True,0.6476933010320646,0.22867200523614883,0.35305599868297577,10,72213,0.068343,gemm,pytorch_eager,fp32,run_20260311_133649,/data/kernelbench-v3/solutions/GLM-5_RTX3090_3_Batched_matrix_multiplication.py.txt,/data/kernelbench-v3/references/3_Batched_matrix_multiplication.py
GLM-5,RTX3090,1,47_Sum_reduction_over_a_dimension.py,True,True,0.7639639922150658,0.027135999873280525,0.03551999852061272,4,24589,0.033214,reduction,pytorch_eager,fp32,run_20260311_133649,/data/kernelbench-v3/solutions/GLM-5_RTX3090_47_Sum_reduction_over_a_dimension.py.txt,/data/kernelbench-v3/references/47_Sum_reduction_over_a_dimension.py
GLM-5,RTX3090,1,4_Matrix_vector_multiplication_.py,True,True,0.43025741475905366,0.16099199652671814,0.3741759955883026,6,46953,0.048015,gemm,pytorch_eager,fp32,run_20260311_133649,/data/kernelbench-v3/solutions/GLM-5_RTX3090_4_Matrix_vector_multiplication_.py.txt,/data/kernelbench-v3/references/4_Matrix_vector_multiplication_.py
GLM-5,RTX3090,1,82_conv_depthwise_2D_square_input_square_kernel.py,True,True,0.9151957924397633,0.0721759982407093,0.07886399701237679,10,62384,0.055613,conv,pytorch_eager,fp32,run_20260311_133649,/data/kernelbench-v3/solutions/GLM-5_RTX3090_82_conv_depthwise_2D_square_input_square_kernel.py.txt,/data/kernelbench-v3/references/82_conv_depthwise_2D_square_input_square_kernel.py
GLM-5,RTX3090,1,95_CrossEntropyLoss.py,True,False,,,,4,16785,0.017006,,,fp32,run_20260311_133649,/data/kernelbench-v3/solutions/GLM-5_RTX3090_95_CrossEntropyLoss.py.txt,/data/kernelbench-v3/references/95_CrossEntropyLoss.py
GLM-5,RTX3090,1,8_Matmul_with_irregular_shapes_.py,False,False,,,,10,64774,0.061906,,,,run_20260311_133649,,/data/kernelbench-v3/references/8_Matmul_with_irregular_shapes_.py
GLM-5,RTX3090,1,9_Tall_skinny_matrix_multiplication_.py,False,False,,,,10,65616,0.058998,,,,run_20260311_133649,,/data/kernelbench-v3/references/9_Tall_skinny_matrix_multiplication_.py
GLM-5,RTX3090,2,37_Matmul_Swish_Sum_GroupNorm.py,True,True,1.6046489277004599,0.2650880068540573,0.16520000249147415,11,82549,0.078445,fused,pytorch_eager,fp32,run_20260311_133649,/data/kernelbench-v3/solutions/GLM-5_RTX3090_37_Matmul_Swish_Sum_GroupNorm.py.txt,/data/kernelbench-v3/references/37_Matmul_Swish_Sum_GroupNorm.py
GLM-5,RTX3090,2,46_Conv2d_Subtract_Tanh_Subtract_AvgPool.py,True,True,0.7708650027501985,0.48708800971508026,0.6318719983100891,9,70948,0.066735,fused,torch_compile,fp32,run_20260311_133649,/data/kernelbench-v3/solutions/GLM-5_RTX3090_46_Conv2d_Subtract_Tanh_Subtract_AvgPool.py.txt,/data/kernelbench-v3/references/46_Conv2d_Subtract_Tanh_Subtract_AvgPool.py
GLM-5,RTX3090,2,17_Conv2d_InstanceNorm_Divide.py,True,True,0.6157916017230093,0.5064959824085236,0.8225120007991791,6,50010,0.059811,fused,torch_compile,fp32,run_20260311_133649,/data/kernelbench-v3/solutions/GLM-5_RTX3090_17_Conv2d_InstanceNorm_Divide.py.txt,/data/kernelbench-v3/references/17_Conv2d_InstanceNorm_Divide.py
GLM-5,RTX3090,2,52_Conv2d_Activation_BatchNorm.py,True,False,,,,12,158566,0.15347,,,fp32,run_20260311_133649,/data/kernelbench-v3/solutions/GLM-5_RTX3090_52_Conv2d_Activation_BatchNorm.py.txt,/data/kernelbench-v3/references/52_Conv2d_Activation_BatchNorm.py
GLM-5,RTX3090,2,55_Matmul_MaxPool_Sum_Scale.py,False,False,,,,12,177134,0.164753,,,,run_20260311_133649,,/data/kernelbench-v3/references/55_Matmul_MaxPool_Sum_Scale.py
GLM-5,RTX3090,2,59_Matmul_Swish_Scaling.py,True,False,,,,12,155689,0.140926,,,fp32,run_20260311_133649,/data/kernelbench-v3/solutions/GLM-5_RTX3090_59_Matmul_Swish_Scaling.py.txt,/data/kernelbench-v3/references/59_Matmul_Swish_Scaling.py
GLM-5,RTX3090,2,40_Matmul_Scaling_ResidualAdd.py,False,False,,,,12,172953,0.154375,,,,run_20260311_133649,,/data/kernelbench-v3/references/40_Matmul_Scaling_ResidualAdd.py
GLM-5,RTX3090,2,73_Conv2d_BatchNorm_Scaling.py,True,True,0.004104965136418773,0.38702400028705597,94.28192138671875,4,23381,0.02795,fused,torch_compile,fp32,run_20260311_133649,/data/kernelbench-v3/solutions/GLM-5_RTX3090_73_Conv2d_BatchNorm_Scaling.py.txt,/data/kernelbench-v3/references/73_Conv2d_BatchNorm_Scaling.py
GLM-5,RTX3090,2,85_Conv2d_GroupNorm_Scale_MaxPool_Clamp.py,True,True,0.16706541852541237,0.6792799830436707,4.0659520626068115,6,40053,0.040352,fused,torch_compile,fp32,run_20260311_133649,/data/kernelbench-v3/solutions/GLM-5_RTX3090_85_Conv2d_GroupNorm_Scale_MaxPool_Clamp.py.txt,/data/kernelbench-v3/references/85_Conv2d_GroupNorm_Scale_MaxPool_Clamp.py
GLM-5,RTX3090,2,66_Matmul_Dropout_Mean_Softmax.py,True,True,1.1422216048000902,0.27113600075244904,0.23737600445747375,12,87116,0.080997,fused,pytorch_eager,fp32,run_20260311_133649,/data/kernelbench-v3/solutions/GLM-5_RTX3090_66_Matmul_Dropout_Mean_Softmax.py.txt,/data/kernelbench-v3/references/66_Matmul_Dropout_Mean_Softmax.py
GLM-5,RTX3090,2,98_Matmul_AvgPool_GELU_Scale_Max.py,True,False,,,,12,139181,0.125613,,,fp32,run_20260311_133649,/data/kernelbench-v3/solutions/GLM-5_RTX3090_98_Matmul_AvgPool_GELU_Scale_Max.py.txt,/data/kernelbench-v3/references/98_Matmul_AvgPool_GELU_Scale_Max.py
GLM-5,RTX3090,2,82_Conv2d_Tanh_Scaling_BiasAdd_Max.py,True,True,0.7561210722080627,0.4891680032014847,0.6469440162181854,12,129439,0.12349,fused,torch_compile,fp32,run_20260311_133649,/data/kernelbench-v3/solutions/GLM-5_RTX3090_82_Conv2d_Tanh_Scaling_BiasAdd_Max.py.txt,/data/kernelbench-v3/references/82_Conv2d_Tanh_Scaling_BiasAdd_Max.py
GLM-5,RTX3090,2,99_Matmul_GELU_Softmax.py,True,False,,,,12,97958,0.087184,,,fp32,run_20260311_133649,/data/kernelbench-v3/solutions/GLM-5_RTX3090_99_Matmul_GELU_Softmax.py.txt,/data/kernelbench-v3/references/99_Matmul_GELU_Softmax.py
GLM-5,RTX3090,2,86_Matmul_Divide_GELU.py,True,False,,,,12,183696,0.170875,,,fp32,run_20260311_133649,/data/kernelbench-v3/solutions/GLM-5_RTX3090_86_Matmul_Divide_GELU.py.txt,/data/kernelbench-v3/references/86_Matmul_Divide_GELU.py
GLM-5,RTX3090,2,6_Conv3d_Softmax_MaxPool_MaxPool.py,True,False,,,,12,188878,0.180087,,,fp32,run_20260311_133649,/data/kernelbench-v3/solutions/GLM-5_RTX3090_6_Conv3d_Softmax_MaxPool_MaxPool.py.txt,/data/kernelbench-v3/references/6_Conv3d_Softmax_MaxPool_MaxPool.py
GLM-5,RTX3090,3,31_VisionAttention.py,False,False,,,,15,160201,0.139189,,,,run_20260311_133649,,/data/kernelbench-v3/references/31_VisionAttention.py
Kimi K2.5,RTX3090,1,26_GELU_.py,False,False,,,,1,11088,0.021716,,,,run_20260311_213917,,/data/kernelbench-v3/references/26_GELU_.py
Kimi K2.5,RTX3090,1,23_Softmax.py,True,True,0.5736343940337564,0.06300800293684006,0.10984000191092491,2,25613,0.04731,softmax,pytorch_eager,fp32,run_20260311_213917,/data/kernelbench-v3/solutions/Kimi K2.5_RTX3090_23_Softmax.py.txt,/data/kernelbench-v3/references/23_Softmax.py
Kimi K2.5,RTX3090,1,3_Batched_matrix_multiplication.py,True,True,0.7802764248349076,0.22761599719524384,0.2917120009660721,1,10205,0.019635,gemm,pytorch_eager,fp32,run_20260311_213917,/data/kernelbench-v3/solutions/Kimi K2.5_RTX3090_3_Batched_matrix_multiplication.py.txt,/data/kernelbench-v3/references/3_Batched_matrix_multiplication.py
Kimi K2.5,RTX3090,1,1_Square_matrix_multiplication_.py,True,False,,,,3,28425,0.042498,,,fp32,run_20260311_213917,/data/kernelbench-v3/solutions/Kimi K2.5_RTX3090_1_Square_matrix_multiplication_.py.txt,/data/kernelbench-v3/references/1_Square_matrix_multiplication_.py
Kimi K2.5,RTX3090,1,2_Standard_matrix_multiplication_.py,True,True,0.20180683394572926,0.7652159929275513,3.791823983192444,2,32427,0.065757,gemm,pytorch_eager,fp32,run_20260311_213917,/data/kernelbench-v3/solutions/Kimi K2.5_RTX3090_2_Standard_matrix_multiplication_.py.txt,/data/kernelbench-v3/references/2_Standard_matrix_multiplication_.py
Kimi K2.5,RTX3090,1,36_RMSNorm_.py,True,True,0.8819598536706562,1.6321760416030884,1.8506239652633667,3,30483,0.052748,layernorm,pytorch_eager,fp32,run_20260311_213917,/data/kernelbench-v3/solutions/Kimi K2.5_RTX3090_36_RMSNorm_.py.txt,/data/kernelbench-v3/references/36_RMSNorm_.py
Kimi K2.5,RTX3090,1,40_LayerNorm.py,True,True,0.858077860160504,3.6290239095687866,4.229247808456421,7,76727,0.102348,layernorm,torch_compile,fp32,run_20260311_213917,/data/kernelbench-v3/solutions/Kimi K2.5_RTX3090_40_LayerNorm.py.txt,/data/kernelbench-v3/references/40_LayerNorm.py
Kimi K2.5,RTX3090,1,4_Matrix_vector_multiplication_.py,True,True,1.0290552399049102,0.16433600336313248,0.15969599783420563,1,12056,0.023769,gemm,pytorch_eager,fp32,run_20260311_213917,/data/kernelbench-v3/solutions/Kimi K2.5_RTX3090_4_Matrix_vector_multiplication_.py.txt,/data/kernelbench-v3/references/4_Matrix_vector_multiplication_.py
Kimi K2.5,RTX3090,1,42_Max_Pooling_2D.py,True,True,1.4599660427123802,1.1404320001602173,0.7811359763145447,4,36764,0.05441,reduction,pytorch_eager,fp32,run_20260311_213917,/data/kernelbench-v3/solutions/Kimi K2.5_RTX3090_42_Max_Pooling_2D.py.txt,/data/kernelbench-v3/references/42_Max_Pooling_2D.py
Kimi K2.5,RTX3090,1,8_Matmul_with_irregular_shapes_.py,True,True,1.0005024327276337,17.777167320251465,17.768239974975586,3,22837,0.030181,gemm,pytorch_eager,fp32,run_20260311_213917,/data/kernelbench-v3/solutions/Kimi K2.5_RTX3090_8_Matmul_with_irregular_shapes_.py.txt,/data/kernelbench-v3/references/8_Matmul_with_irregular_shapes_.py
Kimi K2.5,RTX3090,1,63_conv_standard_2D__square_input__square_kernel.py,True,True,1.000529675526876,0.453344002366066,0.45310400426387787,10,129677,0.114769,conv,pytorch_eager,fp32,run_20260311_213917,/data/kernelbench-v3/solutions/Kimi K2.5_RTX3090_63_conv_standard_2D__square_input__square_kernel.py.txt,/data/kernelbench-v3/references/63_conv_standard_2D__square_input__square_kernel.py
Kimi K2.5,RTX3090,1,47_Sum_reduction_over_a_dimension.py,False,False,,,,10,83110,0.089572,,,,run_20260311_213917,,/data/kernelbench-v3/references/47_Sum_reduction_over_a_dimension.py
Kimi K2.5,RTX3090,1,95_CrossEntropyLoss.py,True,False,,,,1,10586,0.020643,,,fp32,run_20260311_213917,/data/kernelbench-v3/solutions/Kimi K2.5_RTX3090_95_CrossEntropyLoss.py.txt,/data/kernelbench-v3/references/95_CrossEntropyLoss.py
Kimi K2.5,RTX3090,1,82_conv_depthwise_2D_square_input_square_kernel.py,False,False,,,,10,252934,0.206058,,,,run_20260311_213917,,/data/kernelbench-v3/references/82_conv_depthwise_2D_square_input_square_kernel.py
Kimi K2.5,RTX3090,1,9_Tall_skinny_matrix_multiplication_.py,False,False,,,,4,46895,0.082552,,,,run_20260311_213917,,/data/kernelbench-v3/references/9_Tall_skinny_matrix_multiplication_.py
Kimi K2.5,RTX3090,2,17_Conv2d_InstanceNorm_Divide.py,True,True,0.5821573393368056,0.4963520020246506,0.8526079952716827,12,246824,0.20373,fused,torch_compile,fp32,run_20260311_213917,/data/kernelbench-v3/solutions/Kimi K2.5_RTX3090_17_Conv2d_InstanceNorm_Divide.py.txt,/data/kernelbench-v3/references/17_Conv2d_InstanceNorm_Divide.py
Kimi K2.5,RTX3090,2,37_Matmul_Swish_Sum_GroupNorm.py,False,False,,,,12,208232,0.167754,,,,run_20260311_213917,,/data/kernelbench-v3/references/37_Matmul_Swish_Sum_GroupNorm.py
Kimi K2.5,RTX3090,2,52_Conv2d_Activation_BatchNorm.py,True,True,0.5577455335495248,0.3739839941263199,0.670527994632721,12,217145,0.203405,fused,torch_compile,fp32,run_20260311_213917,/data/kernelbench-v3/solutions/Kimi K2.5_RTX3090_52_Conv2d_Activation_BatchNorm.py.txt,/data/kernelbench-v3/references/52_Conv2d_Activation_BatchNorm.py
Kimi K2.5,RTX3090,2,40_Matmul_Scaling_ResidualAdd.py,True,False,,,,12,158425,0.177943,,,fp32,run_20260311_213917,/data/kernelbench-v3/solutions/Kimi K2.5_RTX3090_40_Matmul_Scaling_ResidualAdd.py.txt,/data/kernelbench-v3/references/40_Matmul_Scaling_ResidualAdd.py
Kimi K2.5,RTX3090,2,59_Matmul_Swish_Scaling.py,True,True,0.8275312403964991,0.2574879974126816,0.31115199625492096,10,126507,0.138678,fused,pytorch_eager,fp32,run_20260311_213917,/data/kernelbench-v3/solutions/Kimi K2.5_RTX3090_59_Matmul_Swish_Scaling.py.txt,/data/kernelbench-v3/references/59_Matmul_Swish_Scaling.py
Kimi K2.5,RTX3090,2,55_Matmul_MaxPool_Sum_Scale.py,True,False,,,,12,144758,0.128533,,,fp32,run_20260311_213917,/data/kernelbench-v3/solutions/Kimi K2.5_RTX3090_55_Matmul_MaxPool_Sum_Scale.py.txt,/data/kernelbench-v3/references/55_Matmul_MaxPool_Sum_Scale.py
Kimi K2.5,RTX3090,2,6_Conv3d_Softmax_MaxPool_MaxPool.py,True,False,,,,12,247280,0.196051,,,fp32,run_20260311_213917,/data/kernelbench-v3/solutions/Kimi K2.5_RTX3090_6_Conv3d_Softmax_MaxPool_MaxPool.py.txt,/data/kernelbench-v3/references/6_Conv3d_Softmax_MaxPool_MaxPool.py
Kimi K2.5,RTX3090,2,46_Conv2d_Subtract_Tanh_Subtract_AvgPool.py,True,True,0.5011313206186145,0.4713120013475418,0.9404959976673126,12,216699,0.185935,fused,torch_compile,fp32,run_20260311_213917,/data/kernelbench-v3/solutions/Kimi K2.5_RTX3090_46_Conv2d_Subtract_Tanh_Subtract_AvgPool.py.txt,/data/kernelbench-v3/references/46_Conv2d_Subtract_Tanh_Subtract_AvgPool.py
Kimi K2.5,RTX3090,2,82_Conv2d_Tanh_Scaling_BiasAdd_Max.py,False,False,,,,12,227878,0.180005,,,,run_20260311_213917,,/data/kernelbench-v3/references/82_Conv2d_Tanh_Scaling_BiasAdd_Max.py
Kimi K2.5,RTX3090,2,66_Matmul_Dropout_Mean_Softmax.py,False,False,,,,12,243652,0.217596,,,,run_20260311_213917,,/data/kernelbench-v3/references/66_Matmul_Dropout_Mean_Softmax.py
Kimi K2.5,RTX3090,2,73_Conv2d_BatchNorm_Scaling.py,False,False,,,,12,143488,0.158037,,,,run_20260311_213917,,/data/kernelbench-v3/references/73_Conv2d_BatchNorm_Scaling.py
Kimi K2.5,RTX3090,2,85_Conv2d_GroupNorm_Scale_MaxPool_Clamp.py,True,True,0.7033146030538984,0.6769599914550781,0.9625279903411865,12,248146,0.202734,fused,torch_compile,fp32,run_20260311_213917,/data/kernelbench-v3/solutions/Kimi K2.5_RTX3090_85_Conv2d_GroupNorm_Scale_MaxPool_Clamp.py.txt,/data/kernelbench-v3/references/85_Conv2d_GroupNorm_Scale_MaxPool_Clamp.py
Kimi K2.5,RTX3090,2,98_Matmul_AvgPool_GELU_Scale_Max.py,False,False,,,,12,193186,0.202679,,,,run_20260311_213917,,/data/kernelbench-v3/references/98_Matmul_AvgPool_GELU_Scale_Max.py
Kimi K2.5,RTX3090,2,86_Matmul_Divide_GELU.py,True,True,0.9984867476795917,0.2533760070800781,0.2537600100040436,10,110843,0.111159,fused,pytorch_eager,fp32,run_20260311_213917,/data/kernelbench-v3/solutions/Kimi K2.5_RTX3090_86_Matmul_Divide_GELU.py.txt,/data/kernelbench-v3/references/86_Matmul_Divide_GELU.py
Kimi K2.5,RTX3090,3,31_VisionAttention.py,False,False,,,,12,205712,0.208674,,,,run_20260311_213917,,/data/kernelbench-v3/references/31_VisionAttention.py
Kimi K2.5,RTX3090,3,44_MiniGPTBlock.py,True,True,0.7106664182734286,88.78219223022461,124.92808151245117,15,370897,0.310685,model,torch_compile,fp32,run_20260311_213917,/data/kernelbench-v3/solutions/Kimi K2.5_RTX3090_44_MiniGPTBlock.py.txt,/data/kernelbench-v3/references/44_MiniGPTBlock.py
Kimi K2.5,RTX3090,3,43_MinGPTCausalAttention.py,True,True,1.1862762687182407,19.53540802001953,16.46784019470215,15,267473,0.242544,attention,torch_compile,fp32,run_20260311_213917,/data/kernelbench-v3/solutions/Kimi K2.5_RTX3090_43_MinGPTCausalAttention.py.txt,/data/kernelbench-v3/references/43_MinGPTCausalAttention.py
Kimi K2.5,RTX3090,2,99_Matmul_GELU_Softmax.py,False,False,,,,12,172116,0.156505,,,,run_20260311_213917,,/data/kernelbench-v3/references/99_Matmul_GELU_Softmax.py
Kimi K2.5,RTX3090,4,1_DeepSeek_MLA.py,False,False,,,,5,129436,0.128617,,,,run_20260311_213917,,/data/kernelbench-v3/references/1_DeepSeek_MLA.py
Kimi K2.5,RTX3090,4,4_FP8_Matmul.py,False,False,,,,7,103050,0.121253,,,,run_20260311_213917,,/data/kernelbench-v3/references/4_FP8_Matmul.py
Kimi K2.5,RTX3090,4,5_MoE_GatedGEMM.py,True,True,1.1259226167081395,442.36485290527344,392.8909912109375,9,156043,0.147589,fused,pytorch_eager,fp32,run_20260311_213917,/data/kernelbench-v3/solutions/Kimi K2.5_RTX3090_5_MoE_GatedGEMM.py.txt,/data/kernelbench-v3/references/5_MoE_GatedGEMM.py
Kimi K2.5,RTX3090,4,3_GroupedQueryAttention.py,False,False,,,,12,283223,0.264573,,,,run_20260311_213917,,/data/kernelbench-v3/references/3_GroupedQueryAttention.py
Kimi K2.5,RTX3090,4,2_DeepSeek_MoE.py,False,False,,,,15,412533,0.337696,,,,run_20260311_213917,,/data/kernelbench-v3/references/2_DeepSeek_MoE.py
Kimi K2.5,RTX3090,4,6_INT4_Quantized_GEMM.py,True,True,0.050387955611856786,14.569616317749023,289.14878845214844,7,108034,0.106626,gemm,torch_compile,fp16,run_20260311_213917,/data/kernelbench-v3/solutions/Kimi K2.5_RTX3090_6_INT4_Quantized_GEMM.py.txt,/data/kernelbench-v3/references/6_INT4_Quantized_GEMM.py
Kimi K2.5,RTX3090,4,8_KimiDeltaAttention.py,True,True,1.0038663307665943,39.83580780029297,39.682382583618164,15,399160,0.285586,attention,pytorch_eager,fp32,run_20260311_213917,/data/kernelbench-v3/solutions/Kimi K2.5_RTX3090_8_KimiDeltaAttention.py.txt,/data/kernelbench-v3/references/8_KimiDeltaAttention.py
Kimi K2.5,RTX3090,1,bloom.py,True,True,1.9853523704475802,0.21686400473117828,0.10923199728131294,1,8726,0.016394,fused,torch_compile,fp32,run_20260311_213917,/data/kernelbench-v3/solutions/Kimi K2.5_RTX3090_bloom.py.txt,/data/kernelbench-v3/references/bloom.py
Kimi K2.5,RTX3090,1,particles.py,True,True,2.0186966978245557,1.0106079876422882,0.5006239861249924,1,13897,0.027623,fused,torch_compile,fp32,run_20260311_213917,/data/kernelbench-v3/solutions/Kimi K2.5_RTX3090_particles.py.txt,/data/kernelbench-v3/references/particles.py
Kimi K2.5,RTX3090,4,7_GatedDeltaNet.py,True,False,,,,11,169732,0.175312,,,fp32,run_20260311_213917,/data/kernelbench-v3/solutions/Kimi K2.5_RTX3090_7_GatedDeltaNet.py.txt,/data/kernelbench-v3/references/7_GatedDeltaNet.py
Claude Sonnet 4.6,RTX3090,1,26_GELU_.py,True,True,0.896252710018258,0.04630399867892265,0.051663998514413834,10,85522,0.349863,elementwise,pytorch_eager,fp32,run_20260313_025234,/data/kernelbench-v3/solutions/Claude Sonnet 4.6_RTX3090_26_GELU_.py.txt,/data/kernelbench-v3/references/26_GELU_.py
Claude Sonnet 4.6,RTX3090,1,23_Softmax.py,True,True,1.129587207558238,0.06304000318050385,0.05580800026655197,10,73168,0.304221,softmax,pytorch_eager,fp32,run_20260313_025234,/data/kernelbench-v3/solutions/Claude Sonnet 4.6_RTX3090_23_Softmax.py.txt,/data/kernelbench-v3/references/23_Softmax.py
Claude Sonnet 4.6,RTX3090,1,2_Standard_matrix_multiplication_.py,True,True,0.9537056580677652,0.792063981294632,0.8305119872093201,10,134841,0.545218,gemm,pytorch_eager,fp32,run_20260313_025234,/data/kernelbench-v3/solutions/Claude Sonnet 4.6_RTX3090_2_Standard_matrix_multiplication_.py.txt,/data/kernelbench-v3/references/2_Standard_matrix_multiplication_.py
Claude Sonnet 4.6,RTX3090,1,1_Square_matrix_multiplication_.py,False,False,,,,10,116686,0.484652,,,,run_20260313_025234,,/data/kernelbench-v3/references/1_Square_matrix_multiplication_.py
Claude Sonnet 4.6,RTX3090,1,42_Max_Pooling_2D.py,True,True,1.4784669066802858,1.1430559754371643,0.7731359899044037,5,43778,0.208403,reduction,pytorch_eager,fp32,run_20260313_025234,/data/kernelbench-v3/solutions/Claude Sonnet 4.6_RTX3090_42_Max_Pooling_2D.py.txt,/data/kernelbench-v3/references/42_Max_Pooling_2D.py
Claude Sonnet 4.6,RTX3090,1,36_RMSNorm_.py,True,True,1.6889147050395061,1.628383994102478,0.9641599953174591,10,93917,0.417488,layernorm,pytorch_eager,fp32,run_20260313_025234,/data/kernelbench-v3/solutions/Claude Sonnet 4.6_RTX3090_36_RMSNorm_.py.txt,/data/kernelbench-v3/references/36_RMSNorm_.py
Claude Sonnet 4.6,RTX3090,1,3_Batched_matrix_multiplication.py,True,True,1.3091308685186098,0.20943999290466309,0.15998400002717972,10,132171,0.562713,gemm,pytorch_eager,fp32,run_20260313_025234,/data/kernelbench-v3/solutions/Claude Sonnet 4.6_RTX3090_3_Batched_matrix_multiplication.py.txt,/data/kernelbench-v3/references/3_Batched_matrix_multiplication.py
Claude Sonnet 4.6,RTX3090,1,63_conv_standard_2D__square_input__square_kernel.py,False,False,,,,10,73026,0.24195,,,,run_20260313_025234,,/data/kernelbench-v3/references/63_conv_standard_2D__square_input__square_kernel.py
Claude Sonnet 4.6,RTX3090,1,4_Matrix_vector_multiplication_.py,True,True,0.954080682588952,0.16422400623559952,0.17212800681591034,10,93901,0.38335,gemm,pytorch_eager,fp32,run_20260313_025234,/data/kernelbench-v3/solutions/Claude Sonnet 4.6_RTX3090_4_Matrix_vector_multiplication_.py.txt,/data/kernelbench-v3/references/4_Matrix_vector_multiplication_.py
Claude Sonnet 4.6,RTX3090,1,8_Matmul_with_irregular_shapes_.py,True,True,1.1931608615236342,33.851806640625,28.371536254882812,10,62388,0.248624,gemm,pytorch_eager,fp32,run_20260313_025234,/data/kernelbench-v3/solutions/Claude Sonnet 4.6_RTX3090_8_Matmul_with_irregular_shapes_.py.txt,/data/kernelbench-v3/references/8_Matmul_with_irregular_shapes_.py
Claude Sonnet 4.6,RTX3090,1,82_conv_depthwise_2D_square_input_square_kernel.py,True,True,1.8510136420529228,0.06281600147485733,0.03393600136041641,10,129709,0.571808,conv,pytorch_eager,fp32,run_20260313_025234,/data/kernelbench-v3/solutions/Claude Sonnet 4.6_RTX3090_82_conv_depthwise_2D_square_input_square_kernel.py.txt,/data/kernelbench-v3/references/82_conv_depthwise_2D_square_input_square_kernel.py
Claude Sonnet 4.6,RTX3090,1,47_Sum_reduction_over_a_dimension.py,False,False,,,,10,131049,0.625453,,,,run_20260313_025234,,/data/kernelbench-v3/references/47_Sum_reduction_over_a_dimension.py
Claude Sonnet 4.6,RTX3090,1,40_LayerNorm.py,True,True,4.591935663065014,6.942271947860718,1.5118399858474731,10,90681,0.367337,layernorm,torch_compile,fp32,run_20260313_025234,/data/kernelbench-v3/solutions/Claude Sonnet 4.6_RTX3090_40_LayerNorm.py.txt,/data/kernelbench-v3/references/40_LayerNorm.py
Claude Sonnet 4.6,RTX3090,1,9_Tall_skinny_matrix_multiplication_.py,True,True,0.041912280139804206,1.5142880082130432,36.12993621826172,10,126410,0.537695,gemm,pytorch_eager,fp32,run_20260313_025234,/data/kernelbench-v3/solutions/Claude Sonnet 4.6_RTX3090_9_Tall_skinny_matrix_multiplication_.py.txt,/data/kernelbench-v3/references/9_Tall_skinny_matrix_multiplication_.py
Claude Sonnet 4.6,RTX3090,2,17_Conv2d_InstanceNorm_Divide.py,True,True,0.8596943478792052,0.4959679991006851,0.5769120156764984,12,152077,0.650468,fused,torch_compile,fp32,run_20260313_025234,/data/kernelbench-v3/solutions/Claude Sonnet 4.6_RTX3090_17_Conv2d_InstanceNorm_Divide.py.txt,/data/kernelbench-v3/references/17_Conv2d_InstanceNorm_Divide.py
Claude Sonnet 4.6,RTX3090,2,37_Matmul_Swish_Sum_GroupNorm.py,True,True,1.648020510742472,0.2677440047264099,0.16246400028467178,12,190470,0.809805,fused,pytorch_eager,fp32,run_20260313_025234,/data/kernelbench-v3/solutions/Claude Sonnet 4.6_RTX3090_37_Matmul_Swish_Sum_GroupNorm.py.txt,/data/kernelbench-v3/references/37_Matmul_Swish_Sum_GroupNorm.py
Claude Sonnet 4.6,RTX3090,2,46_Conv2d_Subtract_Tanh_Subtract_AvgPool.py,True,True,1.0830057022656487,0.47596800327301025,0.4394879937171936,6,50213,0.217354,fused,torch_compile,fp32,run_20260313_025234,/data/kernelbench-v3/solutions/Claude Sonnet 4.6_RTX3090_46_Conv2d_Subtract_Tanh_Subtract_AvgPool.py.txt,/data/kernelbench-v3/references/46_Conv2d_Subtract_Tanh_Subtract_AvgPool.py
Claude Sonnet 4.6,RTX3090,2,40_Matmul_Scaling_ResidualAdd.py,True,True,1.692761426366716,0.25256000459194183,0.14919999986886978,12,108846,0.472419,fused,pytorch_eager,fp32,run_20260313_025234,/data/kernelbench-v3/solutions/Claude Sonnet 4.6_RTX3090_40_Matmul_Scaling_ResidualAdd.py.txt,/data/kernelbench-v3/references/40_Matmul_Scaling_ResidualAdd.py
Claude Sonnet 4.6,RTX3090,2,52_Conv2d_Activation_BatchNorm.py,True,True,0.736191083362645,0.3742559999227524,0.5083680152893066,12,123525,0.457193,fused,torch_compile,fp32,run_20260313_025234,/data/kernelbench-v3/solutions/Claude Sonnet 4.6_RTX3090_52_Conv2d_Activation_BatchNorm.py.txt,/data/kernelbench-v3/references/52_Conv2d_Activation_BatchNorm.py
Claude Sonnet 4.6,RTX3090,2,59_Matmul_Swish_Scaling.py,True,True,1.0073723386086886,0.25142401456832886,0.24958399683237076,12,92380,0.371309,fused,pytorch_eager,fp32,run_20260313_025234,/data/kernelbench-v3/solutions/Claude Sonnet 4.6_RTX3090_59_Matmul_Swish_Scaling.py.txt,/data/kernelbench-v3/references/59_Matmul_Swish_Scaling.py
Claude Sonnet 4.6,RTX3090,2,55_Matmul_MaxPool_Sum_Scale.py,False,False,,,,12,165713,0.662048,,,,run_20260313_025234,,/data/kernelbench-v3/references/55_Matmul_MaxPool_Sum_Scale.py
Claude Sonnet 4.6,RTX3090,2,66_Matmul_Dropout_Mean_Softmax.py,False,False,,,,12,141977,0.543879,,,,run_20260313_025234,,/data/kernelbench-v3/references/66_Matmul_Dropout_Mean_Softmax.py
Claude Sonnet 4.6,RTX3090,1,95_CrossEntropyLoss.py,True,True,2.524347757866259,0.0928959995508194,0.03680000081658363,10,77824,0.326249,reduction,torch_compile,fp32,run_20260313_025234,/data/kernelbench-v3/solutions/Claude Sonnet 4.6_RTX3090_95_CrossEntropyLoss.py.txt,/data/kernelbench-v3/references/95_CrossEntropyLoss.py
Claude Sonnet 4.6,RTX3090,2,6_Conv3d_Softmax_MaxPool_MaxPool.py,True,True,4.139164765670875,8.60211181640625,2.0782240629196167,12,147208,0.60384,fused,pytorch_eager,fp32,run_20260313_025234,/data/kernelbench-v3/solutions/Claude Sonnet 4.6_RTX3090_6_Conv3d_Softmax_MaxPool_MaxPool.py.txt,/data/kernelbench-v3/references/6_Conv3d_Softmax_MaxPool_MaxPool.py
Claude Sonnet 4.6,RTX3090,2,73_Conv2d_BatchNorm_Scaling.py,True,True,0.7053131321187641,0.3731839954853058,0.5291039943695068,12,119463,0.468467,fused,torch_compile,fp32,run_20260313_025234,/data/kernelbench-v3/solutions/Claude Sonnet 4.6_RTX3090_73_Conv2d_BatchNorm_Scaling.py.txt,/data/kernelbench-v3/references/73_Conv2d_BatchNorm_Scaling.py
Claude Sonnet 4.6,RTX3090,2,82_Conv2d_Tanh_Scaling_BiasAdd_Max.py,False,False,,,,12,155022,0.637108,,,,run_20260313_025234,,/data/kernelbench-v3/references/82_Conv2d_Tanh_Scaling_BiasAdd_Max.py
Claude Sonnet 4.6,RTX3090,2,85_Conv2d_GroupNorm_Scale_MaxPool_Clamp.py,False,False,,,,8,0,,,,,run_20260313_025234,,/data/kernelbench-v3/references/85_Conv2d_GroupNorm_Scale_MaxPool_Clamp.py
Claude Sonnet 4.6,RTX3090,2,98_Matmul_AvgPool_GELU_Scale_Max.py,True,True,0.31562122493224304,0.2590720057487488,0.8208320140838623,12,155968,0.589405,fused,pytorch_eager,fp32,run_20260313_025234,/data/kernelbench-v3/solutions/Claude Sonnet 4.6_RTX3090_98_Matmul_AvgPool_GELU_Scale_Max.py.txt,/data/kernelbench-v3/references/98_Matmul_AvgPool_GELU_Scale_Max.py
Claude Sonnet 4.6,RTX3090,2,86_Matmul_Divide_GELU.py,True,True,0.5955052002899944,0.24801599979400635,0.4164799898862839,12,161360,0.632729,fused,pytorch_eager,fp32,run_20260313_025234,/data/kernelbench-v3/solutions/Claude Sonnet 4.6_RTX3090_86_Matmul_Divide_GELU.py.txt,/data/kernelbench-v3/references/86_Matmul_Divide_GELU.py
Claude Sonnet 4.6,RTX3090,2,99_Matmul_GELU_Softmax.py,True,True,0.8297346657875491,0.252703994512558,0.30456000566482544,12,143736,0.538185,fused,pytorch_eager,fp32,run_20260313_025234,/data/kernelbench-v3/solutions/Claude Sonnet 4.6_RTX3090_99_Matmul_GELU_Softmax.py.txt,/data/kernelbench-v3/references/99_Matmul_GELU_Softmax.py
Claude Sonnet 4.6,RTX3090,3,31_VisionAttention.py,False,False,,,,15,155103,0.601444,,,,run_20260313_025234,,/data/kernelbench-v3/references/31_VisionAttention.py
Claude Sonnet 4.6,RTX3090,3,43_MinGPTCausalAttention.py,False,False,,,,15,205073,0.760843,,,,run_20260313_025234,,/data/kernelbench-v3/references/43_MinGPTCausalAttention.py
Claude Sonnet 4.6,RTX3090,4,1_DeepSeek_MLA.py,False,False,,,,7,0,,,,,run_20260313_025234,,/data/kernelbench-v3/references/1_DeepSeek_MLA.py
Claude Sonnet 4.6,RTX3090,3,44_MiniGPTBlock.py,False,False,,,,15,205897,0.800333,,,,run_20260313_025234,,/data/kernelbench-v3/references/44_MiniGPTBlock.py
Claude Sonnet 4.6,RTX3090,4,3_GroupedQueryAttention.py,False,False,,,,15,195315,0.664736,,,,run_20260313_025234,,/data/kernelbench-v3/references/3_GroupedQueryAttention.py
Claude Sonnet 4.6,RTX3090,4,2_DeepSeek_MoE.py,False,False,,,,15,351646,1.269149,,,,run_20260313_025234,,/data/kernelbench-v3/references/2_DeepSeek_MoE.py
Claude Sonnet 4.6,RTX3090,4,4_FP8_Matmul.py,False,False,,,,15,207581,0.819451,,,,run_20260313_025234,,/data/kernelbench-v3/references/4_FP8_Matmul.py
Claude Sonnet 4.6,RTX3090,4,7_GatedDeltaNet.py,False,False,,,,15,159335,0.559223,,,,run_20260313_025234,,/data/kernelbench-v3/references/7_GatedDeltaNet.py
Claude Sonnet 4.6,RTX3090,1,bloom.py,True,True,1.9088110784926706,0.2083199992775917,0.10913599655032158,6,47484,0.208155,fused,torch_compile,fp32,run_20260313_025234,/data/kernelbench-v3/solutions/Claude Sonnet 4.6_RTX3090_bloom.py.txt,/data/kernelbench-v3/references/bloom.py
Claude Sonnet 4.6,RTX3090,1,particles.py,True,True,1.352909013663036,0.11868799850344658,0.08772799745202065,5,39473,0.182818,fused,torch_compile,fp32,run_20260313_025234,/data/kernelbench-v3/solutions/Claude Sonnet 4.6_RTX3090_particles.py.txt,/data/kernelbench-v3/references/particles.py
Claude Sonnet 4.6,RTX3090,4,6_INT4_Quantized_GEMM.py,False,False,,,,15,315422,1.183135,,,,run_20260313_025234,,/data/kernelbench-v3/references/6_INT4_Quantized_GEMM.py
Claude Sonnet 4.6,RTX3090,4,5_MoE_GatedGEMM.py,False,False,,,,15,241117,0.927074,,,,run_20260313_025234,,/data/kernelbench-v3/references/5_MoE_GatedGEMM.py
Claude Sonnet 4.6,RTX3090,4,8_KimiDeltaAttention.py,False,False,,,,15,218190,0.842693,,,,run_20260313_025234,,/data/kernelbench-v3/references/8_KimiDeltaAttention.py
GPT-5.4,RTX3090,1,23_Softmax.py,True,True,1.1765957498003248,0.06193599849939346,0.052639998495578766,4,14730,,softmax,pytorch_eager,fp32,run_20260313_033440,/data/kernelbench-v3/solutions/GPT-5.4_RTX3090_23_Softmax.py.txt,/data/kernelbench-v3/references/23_Softmax.py
GPT-5.4,RTX3090,1,2_Standard_matrix_multiplication_.py,True,True,0.7770514603490072,0.7664960026741028,0.9864160120487213,5,20583,,gemm,pytorch_eager,fp32,run_20260313_033440,/data/kernelbench-v3/solutions/GPT-5.4_RTX3090_2_Standard_matrix_multiplication_.py.txt,/data/kernelbench-v3/references/2_Standard_matrix_multiplication_.py
GPT-5.4,RTX3090,1,36_RMSNorm_.py,True,True,0.39649858012466455,1.632095992565155,4.11627197265625,4,14374,,layernorm,pytorch_eager,fp32,run_20260313_033440,/data/kernelbench-v3/solutions/GPT-5.4_RTX3090_36_RMSNorm_.py.txt,/data/kernelbench-v3/references/36_RMSNorm_.py
GPT-5.4,RTX3090,1,26_GELU_.py,True,True,0.9780997207052101,0.0464479997754097,0.047488000243902206,8,43329,,elementwise,pytorch_eager,fp32,run_20260313_033440,/data/kernelbench-v3/solutions/GPT-5.4_RTX3090_26_GELU_.py.txt,/data/kernelbench-v3/references/26_GELU_.py
GPT-5.4,RTX3090,1,1_Square_matrix_multiplication_.py,True,True,0.7109251517788173,0.7204799950122833,1.0134400129318237,10,88943,,gemm,pytorch_eager,fp32,run_20260313_033440,/data/kernelbench-v3/solutions/GPT-5.4_RTX3090_1_Square_matrix_multiplication_.py.txt,/data/kernelbench-v3/references/1_Square_matrix_multiplication_.py
GPT-5.4,RTX3090,1,47_Sum_reduction_over_a_dimension.py,True,True,0.3011208739479155,0.031808000057935715,0.1056319996714592,4,13808,,reduction,pytorch_eager,fp32,run_20260313_033440,/data/kernelbench-v3/solutions/GPT-5.4_RTX3090_47_Sum_reduction_over_a_dimension.py.txt,/data/kernelbench-v3/references/47_Sum_reduction_over_a_dimension.py
GPT-5.4,RTX3090,1,42_Max_Pooling_2D.py,True,True,1.4635489001339725,1.1441439986228943,0.7817600071430206,6,30668,,reduction,pytorch_eager,fp32,run_20260313_033440,/data/kernelbench-v3/solutions/GPT-5.4_RTX3090_42_Max_Pooling_2D.py.txt,/data/kernelbench-v3/references/42_Max_Pooling_2D.py
GPT-5.4,RTX3090,1,40_LayerNorm.py,True,True,0.15222177546893195,2.3395999670028687,15.369679927825928,6,27959,,layernorm,torch_compile,fp32,run_20260313_033440,/data/kernelbench-v3/solutions/GPT-5.4_RTX3090_40_LayerNorm.py.txt,/data/kernelbench-v3/references/40_LayerNorm.py
GPT-5.4,RTX3090,1,3_Batched_matrix_multiplication.py,True,True,0.8789334529598355,0.22836799919605255,0.2598239928483963,10,60102,,gemm,pytorch_eager,fp32,run_20260313_033440,/data/kernelbench-v3/solutions/GPT-5.4_RTX3090_3_Batched_matrix_multiplication.py.txt,/data/kernelbench-v3/references/3_Batched_matrix_multiplication.py
GPT-5.4,RTX3090,1,63_conv_standard_2D__square_input__square_kernel.py,True,True,1.0361558254708532,0.44385600090026855,0.4283680021762848,4,14844,,conv,pytorch_eager,fp32,run_20260313_033440,/data/kernelbench-v3/solutions/GPT-5.4_RTX3090_63_conv_standard_2D__square_input__square_kernel.py.txt,/data/kernelbench-v3/references/63_conv_standard_2D__square_input__square_kernel.py
GPT-5.4,RTX3090,1,4_Matrix_vector_multiplication_.py,True,True,0.9588111379023588,0.16052799671888351,0.16742400079965591,6,26317,,gemm,pytorch_eager,fp32,run_20260313_033440,/data/kernelbench-v3/solutions/GPT-5.4_RTX3090_4_Matrix_vector_multiplication_.py.txt,/data/kernelbench-v3/references/4_Matrix_vector_multiplication_.py
GPT-5.4,RTX3090,1,95_CrossEntropyLoss.py,True,True,2.876148970857958,0.10515200346708298,0.036559998989105225,4,13040,,reduction,torch_compile,fp32,run_20260313_033440,/data/kernelbench-v3/solutions/GPT-5.4_RTX3090_95_CrossEntropyLoss.py.txt,/data/kernelbench-v3/references/95_CrossEntropyLoss.py
GPT-5.4,RTX3090,1,9_Tall_skinny_matrix_multiplication_.py,False,False,,,,4,14476,,,,,run_20260313_033440,,/data/kernelbench-v3/references/9_Tall_skinny_matrix_multiplication_.py
GPT-5.4,RTX3090,2,17_Conv2d_InstanceNorm_Divide.py,True,True,0.5809035056269021,0.5071519911289215,0.8730399906635284,4,13634,,fused,torch_compile,fp32,run_20260313_033440,/data/kernelbench-v3/solutions/GPT-5.4_RTX3090_17_Conv2d_InstanceNorm_Divide.py.txt,/data/kernelbench-v3/references/17_Conv2d_InstanceNorm_Divide.py
GPT-5.4,RTX3090,1,82_conv_depthwise_2D_square_input_square_kernel.py,True,True,1.2918934934329223,0.06833599880337715,0.05289600044488907,4,17412,,conv,pytorch_eager,fp32,run_20260313_033440,/data/kernelbench-v3/solutions/GPT-5.4_RTX3090_82_conv_depthwise_2D_square_input_square_kernel.py.txt,/data/kernelbench-v3/references/82_conv_depthwise_2D_square_input_square_kernel.py
GPT-5.4,RTX3090,2,40_Matmul_Scaling_ResidualAdd.py,True,True,1.0283280465008744,0.27239999175071716,0.2648960053920746,4,13698,,fused,pytorch_eager,fp32,run_20260313_033440,/data/kernelbench-v3/solutions/GPT-5.4_RTX3090_40_Matmul_Scaling_ResidualAdd.py.txt,/data/kernelbench-v3/references/40_Matmul_Scaling_ResidualAdd.py
GPT-5.4,RTX3090,2,46_Conv2d_Subtract_Tanh_Subtract_AvgPool.py,True,True,1.1170394192476445,0.49140799045562744,0.43992000818252563,6,30158,,fused,torch_compile,fp32,run_20260313_033440,/data/kernelbench-v3/solutions/GPT-5.4_RTX3090_46_Conv2d_Subtract_Tanh_Subtract_AvgPool.py.txt,/data/kernelbench-v3/references/46_Conv2d_Subtract_Tanh_Subtract_AvgPool.py
GPT-5.4,RTX3090,2,37_Matmul_Swish_Sum_GroupNorm.py,True,True,1.4548897441869508,0.2703999876976013,0.18585599958896637,5,23605,,fused,pytorch_eager,fp32,run_20260313_033440,/data/kernelbench-v3/solutions/GPT-5.4_RTX3090_37_Matmul_Swish_Sum_GroupNorm.py.txt,/data/kernelbench-v3/references/37_Matmul_Swish_Sum_GroupNorm.py
GPT-5.4,RTX3090,1,8_Matmul_with_irregular_shapes_.py,True,True,1.127145438221158,12.12449598312378,10.756815910339355,10,52880,,gemm,pytorch_eager,fp32,run_20260313_033440,/data/kernelbench-v3/solutions/GPT-5.4_RTX3090_8_Matmul_with_irregular_shapes_.py.txt,/data/kernelbench-v3/references/8_Matmul_with_irregular_shapes_.py
GPT-5.4,RTX3090,2,59_Matmul_Swish_Scaling.py,True,True,1.029954660228433,0.2723200023174286,0.264399990439415,4,12965,,fused,pytorch_eager,fp32,run_20260313_033440,/data/kernelbench-v3/solutions/GPT-5.4_RTX3090_59_Matmul_Swish_Scaling.py.txt,/data/kernelbench-v3/references/59_Matmul_Swish_Scaling.py
GPT-5.4,RTX3090,2,66_Matmul_Dropout_Mean_Softmax.py,True,True,0.6221584615260761,0.27062399685382843,0.4349759966135025,4,14584,,fused,pytorch_eager,fp32,run_20260313_033440,/data/kernelbench-v3/solutions/GPT-5.4_RTX3090_66_Matmul_Dropout_Mean_Softmax.py.txt,/data/kernelbench-v3/references/66_Matmul_Dropout_Mean_Softmax.py
GPT-5.4,RTX3090,2,52_Conv2d_Activation_BatchNorm.py,True,True,0.7549633893392285,0.3893920034170151,0.5157760083675385,4,15216,,fused,torch_compile,fp32,run_20260313_033440,/data/kernelbench-v3/solutions/GPT-5.4_RTX3090_52_Conv2d_Activation_BatchNorm.py.txt,/data/kernelbench-v3/references/52_Conv2d_Activation_BatchNorm.py
GPT-5.4,RTX3090,2,6_Conv3d_Softmax_MaxPool_MaxPool.py,True,True,0.9979676092352702,4.046207904815674,4.054448127746582,8,43078,,fused,pytorch_eager,fp32,run_20260313_033440,/data/kernelbench-v3/solutions/GPT-5.4_RTX3090_6_Conv3d_Softmax_MaxPool_MaxPool.py.txt,/data/kernelbench-v3/references/6_Conv3d_Softmax_MaxPool_MaxPool.py
GPT-5.4,RTX3090,2,73_Conv2d_BatchNorm_Scaling.py,True,True,0.8360649900610937,0.3876799941062927,0.4636960029602051,4,17680,,fused,torch_compile,fp32,run_20260313_033440,/data/kernelbench-v3/solutions/GPT-5.4_RTX3090_73_Conv2d_BatchNorm_Scaling.py.txt,/data/kernelbench-v3/references/73_Conv2d_BatchNorm_Scaling.py
GPT-5.4,RTX3090,2,82_Conv2d_Tanh_Scaling_BiasAdd_Max.py,True,True,0.8117426289023252,0.49086400866508484,0.6047039926052094,12,84866,,fused,torch_compile,fp32,run_20260313_033440,/data/kernelbench-v3/solutions/GPT-5.4_RTX3090_82_Conv2d_Tanh_Scaling_BiasAdd_Max.py.txt,/data/kernelbench-v3/references/82_Conv2d_Tanh_Scaling_BiasAdd_Max.py
GPT-5.4,RTX3090,2,85_Conv2d_GroupNorm_Scale_MaxPool_Clamp.py,True,True,1.101932775329929,0.69964799284935,0.6349280178546906,4,16579,,fused,torch_compile,fp32,run_20260313_033440,/data/kernelbench-v3/solutions/GPT-5.4_RTX3090_85_Conv2d_GroupNorm_Scale_MaxPool_Clamp.py.txt,/data/kernelbench-v3/references/85_Conv2d_GroupNorm_Scale_MaxPool_Clamp.py
GPT-5.4,RTX3090,2,86_Matmul_Divide_GELU.py,True,True,1.4917230117774256,0.26817600429058075,0.17977600544691086,4,15286,,fused,pytorch_eager,fp32,run_20260313_033440,/data/kernelbench-v3/solutions/GPT-5.4_RTX3090_86_Matmul_Divide_GELU.py.txt,/data/kernelbench-v3/references/86_Matmul_Divide_GELU.py
GPT-5.4,RTX3090,2,55_Matmul_MaxPool_Sum_Scale.py,True,False,,,,12,86077,,,,fp32,run_20260313_033440,/data/kernelbench-v3/solutions/GPT-5.4_RTX3090_55_Matmul_MaxPool_Sum_Scale.py.txt,/data/kernelbench-v3/references/55_Matmul_MaxPool_Sum_Scale.py
GPT-5.4,RTX3090,2,98_Matmul_AvgPool_GELU_Scale_Max.py,True,True,0.9970306912070955,0.27936001121997833,0.28019198775291443,8,38448,,fused,pytorch_eager,fp32,run_20260313_033440,/data/kernelbench-v3/solutions/GPT-5.4_RTX3090_98_Matmul_AvgPool_GELU_Scale_Max.py.txt,/data/kernelbench-v3/references/98_Matmul_AvgPool_GELU_Scale_Max.py
GPT-5.4,RTX3090,2,99_Matmul_GELU_Softmax.py,True,True,2.2331555009277273,0.2545440047979355,0.11398400366306305,4,16755,,fused,pytorch_eager,fp32,run_20260313_033440,/data/kernelbench-v3/solutions/GPT-5.4_RTX3090_99_Matmul_GELU_Softmax.py.txt,/data/kernelbench-v3/references/99_Matmul_GELU_Softmax.py
GPT-5.4,RTX3090,3,43_MinGPTCausalAttention.py,True,True,1.2010764793131001,12.964688301086426,10.79422378540039,4,17736,,attention,torch_compile,fp32,run_20260313_033440,/data/kernelbench-v3/solutions/GPT-5.4_RTX3090_43_MinGPTCausalAttention.py.txt,/data/kernelbench-v3/references/43_MinGPTCausalAttention.py
GPT-5.4,RTX3090,3,31_VisionAttention.py,False,False,,,,11,53575,,,,,run_20260313_033440,,/data/kernelbench-v3/references/31_VisionAttention.py
GPT-5.4,RTX3090,3,44_MiniGPTBlock.py,False,False,,,,7,44164,,,,,run_20260313_033440,,/data/kernelbench-v3/references/44_MiniGPTBlock.py
GPT-5.4,RTX3090,4,3_GroupedQueryAttention.py,True,True,0.7126712922660876,52.15675163269043,73.18486404418945,4,26604,,attention,torch_compile,fp32,run_20260313_033440,/data/kernelbench-v3/solutions/GPT-5.4_RTX3090_3_GroupedQueryAttention.py.txt,/data/kernelbench-v3/references/3_GroupedQueryAttention.py
GPT-5.4,RTX3090,4,4_FP8_Matmul.py,False,False,,,,8,55265,,,,,run_20260313_033440,,/data/kernelbench-v3/references/4_FP8_Matmul.py
GPT-5.4,RTX3090,4,1_DeepSeek_MLA.py,False,False,,,,13,140598,,,,,run_20260313_033440,,/data/kernelbench-v3/references/1_DeepSeek_MLA.py
GPT-5.4,RTX3090,4,2_DeepSeek_MoE.py,False,False,,,,10,113374,,,,,run_20260313_033440,,/data/kernelbench-v3/references/2_DeepSeek_MoE.py
GPT-5.4,RTX3090,4,5_MoE_GatedGEMM.py,False,False,,,,6,41835,,,,,run_20260313_033440,,/data/kernelbench-v3/references/5_MoE_GatedGEMM.py
GPT-5.4,RTX3090,4,7_GatedDeltaNet.py,True,False,,,,7,45622,,,,fp32,run_20260313_033440,/data/kernelbench-v3/solutions/GPT-5.4_RTX3090_7_GatedDeltaNet.py.txt,/data/kernelbench-v3/references/7_GatedDeltaNet.py
GPT-5.4,RTX3090,1,bloom.py,True,True,1.687098910331231,0.20609600096940994,0.12215999886393547,6,40174,,fused,torch_compile,fp32,run_20260313_033440,/data/kernelbench-v3/solutions/GPT-5.4_RTX3090_bloom.py.txt,/data/kernelbench-v3/references/bloom.py
GPT-5.4,RTX3090,1,particles.py,True,True,1.0101904764615148,2.3696320056915283,2.3457279205322266,4,16988,,fused,torch_compile,fp32,run_20260313_033440,/data/kernelbench-v3/solutions/GPT-5.4_RTX3090_particles.py.txt,/data/kernelbench-v3/references/particles.py
GPT-5.4,RTX3090,4,8_KimiDeltaAttention.py,False,False,,,,9,69232,,,,,run_20260313_033440,,/data/kernelbench-v3/references/8_KimiDeltaAttention.py
GPT-5.4,RTX3090,4,6_INT4_Quantized_GEMM.py,True,True,1.0342109609524421,9.778687953948975,9.45521593093872,13,149474,,gemm,torch_compile,fp16,run_20260313_033440,/data/kernelbench-v3/solutions/GPT-5.4_RTX3090_6_INT4_Quantized_GEMM.py.txt,/data/kernelbench-v3/references/6_INT4_Quantized_GEMM.py
GPT-5.3,RTX3090,1,23_Softmax.py,True,True,0.6260717677354252,0.06308799982070923,0.10076799988746643,5,24540,,softmax,pytorch_eager,fp32,run_20260313_034511,/data/kernelbench-v3/solutions/GPT-5.3_RTX3090_23_Softmax.py.txt,/data/kernelbench-v3/references/23_Softmax.py
GPT-5.3,RTX3090,1,26_GELU_.py,True,True,0.9843908666237559,0.04641599953174591,0.04715200141072273,6,28628,,elementwise,pytorch_eager,fp32,run_20260313_034511,/data/kernelbench-v3/solutions/GPT-5.3_RTX3090_26_GELU_.py.txt,/data/kernelbench-v3/references/26_GELU_.py
GPT-5.3,RTX3090,1,1_Square_matrix_multiplication_.py,True,True,1.1084497509495304,0.7211839854717255,0.6506239771842957,10,63179,,gemm,pytorch_eager,fp32,run_20260313_034511,/data/kernelbench-v3/solutions/GPT-5.3_RTX3090_1_Square_matrix_multiplication_.py.txt,/data/kernelbench-v3/references/1_Square_matrix_multiplication_.py
GPT-5.3,RTX3090,1,36_RMSNorm_.py,True,True,1.672879562241835,1.6299200057983398,0.9743199944496155,5,24575,,layernorm,pytorch_eager,fp32,run_20260313_034511,/data/kernelbench-v3/solutions/GPT-5.3_RTX3090_36_RMSNorm_.py.txt,/data/kernelbench-v3/references/36_RMSNorm_.py
GPT-5.3,RTX3090,1,3_Batched_matrix_multiplication.py,False,False,,,,10,43775,,,,,run_20260313_034511,,/data/kernelbench-v3/references/3_Batched_matrix_multiplication.py
GPT-5.3,RTX3090,1,2_Standard_matrix_multiplication_.py,True,True,0.1396048346057693,0.7908959984779358,5.665247917175293,10,48167,,gemm,pytorch_eager,fp32,run_20260313_034511,/data/kernelbench-v3/solutions/GPT-5.3_RTX3090_2_Standard_matrix_multiplication_.py.txt,/data/kernelbench-v3/references/2_Standard_matrix_multiplication_.py
GPT-5.3,RTX3090,1,40_LayerNorm.py,True,True,0.2213339235832243,2.32423996925354,10.50105619430542,5,28266,,layernorm,torch_compile,fp32,run_20260313_034511,/data/kernelbench-v3/solutions/GPT-5.3_RTX3090_40_LayerNorm.py.txt,/data/kernelbench-v3/references/40_LayerNorm.py
GPT-5.3,RTX3090,1,47_Sum_reduction_over_a_dimension.py,True,True,0.2818196887395656,0.027456000447273254,0.09742399677634239,3,10182,,reduction,pytorch_eager,fp32,run_20260313_034511,/data/kernelbench-v3/solutions/GPT-5.3_RTX3090_47_Sum_reduction_over_a_dimension.py.txt,/data/kernelbench-v3/references/47_Sum_reduction_over_a_dimension.py
GPT-5.3,RTX3090,1,42_Max_Pooling_2D.py,True,True,1.42887431907641,1.143168032169342,0.8000479936599731,3,11218,,reduction,pytorch_eager,fp32,run_20260313_034511,/data/kernelbench-v3/solutions/GPT-5.3_RTX3090_42_Max_Pooling_2D.py.txt,/data/kernelbench-v3/references/42_Max_Pooling_2D.py
GPT-5.3,RTX3090,1,4_Matrix_vector_multiplication_.py,True,True,0.8102213422108676,0.1610720008611679,0.1987999975681305,3,9652,,gemm,pytorch_eager,fp32,run_20260313_034511,/data/kernelbench-v3/solutions/GPT-5.3_RTX3090_4_Matrix_vector_multiplication_.py.txt,/data/kernelbench-v3/references/4_Matrix_vector_multiplication_.py
GPT-5.3,RTX3090,1,63_conv_standard_2D__square_input__square_kernel.py,True,True,0.16506034947987341,0.4625440090894699,2.802272081375122,5,21785,,conv,pytorch_eager,fp32,run_20260313_034511,/data/kernelbench-v3/solutions/GPT-5.3_RTX3090_63_conv_standard_2D__square_input__square_kernel.py.txt,/data/kernelbench-v3/references/63_conv_standard_2D__square_input__square_kernel.py
GPT-5.3,RTX3090,1,8_Matmul_with_irregular_shapes_.py,True,True,1.0849687192859254,12.128335952758789,11.17851209640503,10,43685,,gemm,pytorch_eager,fp32,run_20260313_034511,/data/kernelbench-v3/solutions/GPT-5.3_RTX3090_8_Matmul_with_irregular_shapes_.py.txt,/data/kernelbench-v3/references/8_Matmul_with_irregular_shapes_.py
GPT-5.3,RTX3090,1,95_CrossEntropyLoss.py,True,True,2.1273802271283633,0.10367999970912933,0.04873599857091904,3,11023,,reduction,torch_compile,fp32,run_20260313_034511,/data/kernelbench-v3/solutions/GPT-5.3_RTX3090_95_CrossEntropyLoss.py.txt,/data/kernelbench-v3/references/95_CrossEntropyLoss.py
GPT-5.3,RTX3090,1,82_conv_depthwise_2D_square_input_square_kernel.py,True,True,1.157759448978653,0.07209599763154984,0.062272001057863235,5,21709,,conv,pytorch_eager,fp32,run_20260313_034511,/data/kernelbench-v3/solutions/GPT-5.3_RTX3090_82_conv_depthwise_2D_square_input_square_kernel.py.txt,/data/kernelbench-v3/references/82_conv_depthwise_2D_square_input_square_kernel.py
GPT-5.3,RTX3090,1,9_Tall_skinny_matrix_multiplication_.py,True,True,0.9849176763524166,1.5463680028915405,1.5700479745864868,3,12114,,gemm,pytorch_eager,fp32,run_20260313_034511,/data/kernelbench-v3/solutions/GPT-5.3_RTX3090_9_Tall_skinny_matrix_multiplication_.py.txt,/data/kernelbench-v3/references/9_Tall_skinny_matrix_multiplication_.py
GPT-5.3,RTX3090,2,37_Matmul_Swish_Sum_GroupNorm.py,True,True,0.8423102478966172,0.2837440073490143,0.33686400949954987,3,12052,,fused,torch_compile,fp32,run_20260313_034511,/data/kernelbench-v3/solutions/GPT-5.3_RTX3090_37_Matmul_Swish_Sum_GroupNorm.py.txt,/data/kernelbench-v3/references/37_Matmul_Swish_Sum_GroupNorm.py
GPT-5.3,RTX3090,2,17_Conv2d_InstanceNorm_Divide.py,True,False,,,,5,21055,,,,fp32,run_20260313_034511,/data/kernelbench-v3/solutions/GPT-5.3_RTX3090_17_Conv2d_InstanceNorm_Divide.py.txt,/data/kernelbench-v3/references/17_Conv2d_InstanceNorm_Divide.py
GPT-5.3,RTX3090,2,46_Conv2d_Subtract_Tanh_Subtract_AvgPool.py,True,True,1.1759617175620345,0.4915519952774048,0.4179999977350235,4,15335,,fused,torch_compile,fp32,run_20260313_034511,/data/kernelbench-v3/solutions/GPT-5.3_RTX3090_46_Conv2d_Subtract_Tanh_Subtract_AvgPool.py.txt,/data/kernelbench-v3/references/46_Conv2d_Subtract_Tanh_Subtract_AvgPool.py
GPT-5.3,RTX3090,2,52_Conv2d_Activation_BatchNorm.py,True,True,0.7127478479897533,0.3887839913368225,0.5454719960689545,5,21377,,fused,torch_compile,fp32,run_20260313_034511,/data/kernelbench-v3/solutions/GPT-5.3_RTX3090_52_Conv2d_Activation_BatchNorm.py.txt,/data/kernelbench-v3/references/52_Conv2d_Activation_BatchNorm.py
GPT-5.3,RTX3090,2,40_Matmul_Scaling_ResidualAdd.py,True,False,,,,12,54911,,,,fp32,run_20260313_034511,/data/kernelbench-v3/solutions/GPT-5.3_RTX3090_40_Matmul_Scaling_ResidualAdd.py.txt,/data/kernelbench-v3/references/40_Matmul_Scaling_ResidualAdd.py
GPT-5.3,RTX3090,2,66_Matmul_Dropout_Mean_Softmax.py,True,True,0.4316264458490734,0.2709439992904663,0.6277279853820801,5,20626,,fused,pytorch_eager,fp32,run_20260313_034511,/data/kernelbench-v3/solutions/GPT-5.3_RTX3090_66_Matmul_Dropout_Mean_Softmax.py.txt,/data/kernelbench-v3/references/66_Matmul_Dropout_Mean_Softmax.py
GPT-5.3,RTX3090,2,59_Matmul_Swish_Scaling.py,True,False,,,,12,57384,,,,fp32,run_20260313_034511,/data/kernelbench-v3/solutions/GPT-5.3_RTX3090_59_Matmul_Swish_Scaling.py.txt,/data/kernelbench-v3/references/59_Matmul_Swish_Scaling.py
GPT-5.3,RTX3090,2,55_Matmul_MaxPool_Sum_Scale.py,True,True,0.009666779715329631,0.2560320049524307,26.485759735107422,12,58763,,fused,pytorch_eager,fp32,run_20260313_034511,/data/kernelbench-v3/solutions/GPT-5.3_RTX3090_55_Matmul_MaxPool_Sum_Scale.py.txt,/data/kernelbench-v3/references/55_Matmul_MaxPool_Sum_Scale.py
GPT-5.3,RTX3090,2,73_Conv2d_BatchNorm_Scaling.py,True,True,0.7241523080843897,0.3895360082387924,0.5379199981689453,3,11529,,fused,torch_compile,fp32,run_20260313_034511,/data/kernelbench-v3/solutions/GPT-5.3_RTX3090_73_Conv2d_BatchNorm_Scaling.py.txt,/data/kernelbench-v3/references/73_Conv2d_BatchNorm_Scaling.py
GPT-5.3,RTX3090,2,82_Conv2d_Tanh_Scaling_BiasAdd_Max.py,True,True,1.165273886703189,0.49083200097084045,0.4212159961462021,5,21740,,fused,torch_compile,fp32,run_20260313_034511,/data/kernelbench-v3/solutions/GPT-5.3_RTX3090_82_Conv2d_Tanh_Scaling_BiasAdd_Max.py.txt,/data/kernelbench-v3/references/82_Conv2d_Tanh_Scaling_BiasAdd_Max.py
GPT-5.3,RTX3090,2,6_Conv3d_Softmax_MaxPool_MaxPool.py,True,True,1.0275555514593087,4.146687984466553,4.03548789024353,7,37195,,fused,pytorch_eager,fp32,run_20260313_034511,/data/kernelbench-v3/solutions/GPT-5.3_RTX3090_6_Conv3d_Softmax_MaxPool_MaxPool.py.txt,/data/kernelbench-v3/references/6_Conv3d_Softmax_MaxPool_MaxPool.py
GPT-5.3,RTX3090,2,85_Conv2d_GroupNorm_Scale_MaxPool_Clamp.py,True,True,1.0343492131224796,0.68367999792099,0.660975992679596,3,13655,,fused,torch_compile,fp32,run_20260313_034511,/data/kernelbench-v3/solutions/GPT-5.3_RTX3090_85_Conv2d_GroupNorm_Scale_MaxPool_Clamp.py.txt,/data/kernelbench-v3/references/85_Conv2d_GroupNorm_Scale_MaxPool_Clamp.py
GPT-5.3,RTX3090,2,86_Matmul_Divide_GELU.py,True,True,0.3991150862429355,0.26844799518585205,0.6726079881191254,11,71660,,fused,pytorch_eager,fp32,run_20260313_034511,/data/kernelbench-v3/solutions/GPT-5.3_RTX3090_86_Matmul_Divide_GELU.py.txt,/data/kernelbench-v3/references/86_Matmul_Divide_GELU.py
GPT-5.3,RTX3090,3,43_MinGPTCausalAttention.py,False,False,,,,9,52422,,,,,run_20260313_034511,,/data/kernelbench-v3/references/43_MinGPTCausalAttention.py
GPT-5.3,RTX3090,3,31_VisionAttention.py,False,False,,,,8,37080,,,,,run_20260313_034511,,/data/kernelbench-v3/references/31_VisionAttention.py
GPT-5.3,RTX3090,4,1_DeepSeek_MLA.py,False,False,,,,9,76425,,,,,run_20260313_034511,,/data/kernelbench-v3/references/1_DeepSeek_MLA.py
GPT-5.3,RTX3090,2,98_Matmul_AvgPool_GELU_Scale_Max.py,True,False,,,,12,89338,,,,fp32,run_20260313_034511,/data/kernelbench-v3/solutions/GPT-5.3_RTX3090_98_Matmul_AvgPool_GELU_Scale_Max.py.txt,/data/kernelbench-v3/references/98_Matmul_AvgPool_GELU_Scale_Max.py
GPT-5.3,RTX3090,3,44_MiniGPTBlock.py,False,False,,,,9,69944,,,,,run_20260313_034511,,/data/kernelbench-v3/references/44_MiniGPTBlock.py
GPT-5.3,RTX3090,2,99_Matmul_GELU_Softmax.py,True,False,,,,12,56527,,,,fp32,run_20260313_034511,/data/kernelbench-v3/solutions/GPT-5.3_RTX3090_99_Matmul_GELU_Softmax.py.txt,/data/kernelbench-v3/references/99_Matmul_GELU_Softmax.py
GPT-5.3,RTX3090,4,3_GroupedQueryAttention.py,False,False,,,,13,103945,,,,,run_20260313_034511,,/data/kernelbench-v3/references/3_GroupedQueryAttention.py
GPT-5.3,RTX3090,4,2_DeepSeek_MoE.py,False,False,,,,9,82986,,,,,run_20260313_034511,,/data/kernelbench-v3/references/2_DeepSeek_MoE.py
GPT-5.3,RTX3090,4,4_FP8_Matmul.py,True,True,2.4016970960070454,28.435440063476562,11.839727878570557,7,40047,,gemm,pytorch_eager,fp16,run_20260313_034511,/data/kernelbench-v3/solutions/GPT-5.3_RTX3090_4_FP8_Matmul.py.txt,/data/kernelbench-v3/references/4_FP8_Matmul.py
GPT-5.3,RTX3090,4,5_MoE_GatedGEMM.py,False,False,,,,6,38640,,,,,run_20260313_034511,,/data/kernelbench-v3/references/5_MoE_GatedGEMM.py
GPT-5.3,RTX3090,1,bloom.py,True,True,1.0647724770332176,0.22724799811840057,0.21342399716377258,3,10587,,fused,torch_compile,fp32,run_20260313_034511,/data/kernelbench-v3/solutions/GPT-5.3_RTX3090_bloom.py.txt,/data/kernelbench-v3/references/bloom.py
GPT-5.3,RTX3090,1,particles.py,True,True,1.787878740367178,0.11894399672746658,0.06652799993753433,3,10985,,fused,torch_compile,fp32,run_20260313_034511,/data/kernelbench-v3/solutions/GPT-5.3_RTX3090_particles.py.txt,/data/kernelbench-v3/references/particles.py
GPT-5.3,RTX3090,4,8_KimiDeltaAttention.py,True,False,,,,6,51216,,,,fp32,run_20260313_034511,/data/kernelbench-v3/solutions/GPT-5.3_RTX3090_8_KimiDeltaAttention.py.txt,/data/kernelbench-v3/references/8_KimiDeltaAttention.py
GPT-5.3,RTX3090,4,7_GatedDeltaNet.py,True,False,,,,9,70347,,,,fp32,run_20260313_034511,/data/kernelbench-v3/solutions/GPT-5.3_RTX3090_7_GatedDeltaNet.py.txt,/data/kernelbench-v3/references/7_GatedDeltaNet.py
GPT-5.3,RTX3090,4,6_INT4_Quantized_GEMM.py,True,True,0.0013575319423414567,9.940335750579834,7322.358642578125,8,53408,,gemm,torch_compile,fp16,run_20260313_034511,/data/kernelbench-v3/solutions/GPT-5.3_RTX3090_6_INT4_Quantized_GEMM.py.txt,/data/kernelbench-v3/references/6_INT4_Quantized_GEMM.py
Gemini 3.1 Pro Preview,RTX3090,1,1_Square_matrix_multiplication_.py,True,True,0.7210921468742049,0.7208960056304932,0.9997279942035675,10,75724,0.259306,gemm,pytorch_eager,fp32,run_20260313_040306,/data/kernelbench-v3/solutions/Gemini 3.1 Pro Preview_RTX3090_1_Square_matrix_multiplication_.py.txt,/data/kernelbench-v3/references/1_Square_matrix_multiplication_.py
Gemini 3.1 Pro Preview,RTX3090,1,26_GELU_.py,True,True,1.002770982963846,0.04631999880075455,0.046192001551389694,10,66027,0.226423,elementwise,pytorch_eager,fp32,run_20260313_040306,/data/kernelbench-v3/solutions/Gemini 3.1 Pro Preview_RTX3090_26_GELU_.py.txt,/data/kernelbench-v3/references/26_GELU_.py
Gemini 3.1 Pro Preview,RTX3090,1,3_Batched_matrix_multiplication.py,True,True,1.1465455145802583,0.22808000445365906,0.19892799854278564,10,65536,0.209332,gemm,pytorch_eager,fp32,run_20260313_040306,/data/kernelbench-v3/solutions/Gemini 3.1 Pro Preview_RTX3090_3_Batched_matrix_multiplication.py.txt,/data/kernelbench-v3/references/3_Batched_matrix_multiplication.py
Gemini 3.1 Pro Preview,RTX3090,1,2_Standard_matrix_multiplication_.py,True,True,1.2016535665980863,0.751120001077652,0.6250720024108887,10,168724,0.635286,gemm,pytorch_eager,fp32,run_20260313_040306,/data/kernelbench-v3/solutions/Gemini 3.1 Pro Preview_RTX3090_2_Standard_matrix_multiplication_.py.txt,/data/kernelbench-v3/references/2_Standard_matrix_multiplication_.py
Gemini 3.1 Pro Preview,RTX3090,1,36_RMSNorm_.py,False,False,,,,10,98666,0.369772,,,,run_20260313_040306,,/data/kernelbench-v3/references/36_RMSNorm_.py
Gemini 3.1 Pro Preview,RTX3090,1,42_Max_Pooling_2D.py,True,True,1.4710253566593234,1.1433280110359192,0.7772320210933685,10,95594,0.286041,reduction,pytorch_eager,fp32,run_20260313_040306,/data/kernelbench-v3/solutions/Gemini 3.1 Pro Preview_RTX3090_42_Max_Pooling_2D.py.txt,/data/kernelbench-v3/references/42_Max_Pooling_2D.py
Gemini 3.1 Pro Preview,RTX3090,1,23_Softmax.py,False,False,,,,10,140909,0.497035,,,,run_20260313_040306,,/data/kernelbench-v3/references/23_Softmax.py
Gemini 3.1 Pro Preview,RTX3090,1,40_LayerNorm.py,False,False,,,,10,84706,0.416582,,,,run_20260313_040306,,/data/kernelbench-v3/references/40_LayerNorm.py
Gemini 3.1 Pro Preview,RTX3090,1,47_Sum_reduction_over_a_dimension.py,False,False,,,,10,113090,0.435096,,,,run_20260313_040306,,/data/kernelbench-v3/references/47_Sum_reduction_over_a_dimension.py
Gemini 3.1 Pro Preview,RTX3090,1,4_Matrix_vector_multiplication_.py,False,False,,,,10,95517,0.327551,,,,run_20260313_040306,,/data/kernelbench-v3/references/4_Matrix_vector_multiplication_.py
Gemini 3.1 Pro Preview,RTX3090,1,63_conv_standard_2D__square_input__square_kernel.py,True,True,0.718161435560226,0.461231991648674,0.6422399878501892,10,141530,0.520317,conv,pytorch_eager,fp32,run_20260313_040306,/data/kernelbench-v3/solutions/Gemini 3.1 Pro Preview_RTX3090_63_conv_standard_2D__square_input__square_kernel.py.txt,/data/kernelbench-v3/references/63_conv_standard_2D__square_input__square_kernel.py
Gemini 3.1 Pro Preview,RTX3090,1,8_Matmul_with_irregular_shapes_.py,False,False,,,,10,108185,0.379681,,,,run_20260313_040306,,/data/kernelbench-v3/references/8_Matmul_with_irregular_shapes_.py
Gemini 3.1 Pro Preview,RTX3090,1,95_CrossEntropyLoss.py,False,False,,,,10,89489,0.341791,,,,run_20260313_040306,,/data/kernelbench-v3/references/95_CrossEntropyLoss.py
Gemini 3.1 Pro Preview,RTX3090,1,82_conv_depthwise_2D_square_input_square_kernel.py,False,False,,,,10,149727,0.521965,,,,run_20260313_040306,,/data/kernelbench-v3/references/82_conv_depthwise_2D_square_input_square_kernel.py
Gemini 3.1 Pro Preview,RTX3090,1,9_Tall_skinny_matrix_multiplication_.py,False,False,,,,10,105116,0.411118,,,,run_20260313_040306,,/data/kernelbench-v3/references/9_Tall_skinny_matrix_multiplication_.py
Gemini 3.1 Pro Preview,RTX3090,2,17_Conv2d_InstanceNorm_Divide.py,False,False,,,,4,37357,0.243594,,,,run_20260313_040306,,/data/kernelbench-v3/references/17_Conv2d_InstanceNorm_Divide.py
Gemini 3.1 Pro Preview,RTX3090,2,40_Matmul_Scaling_ResidualAdd.py,True,True,1.5508836689225178,0.2555360049009323,0.16476800292730331,12,133621,0.43601,fused,pytorch_eager,fp32,run_20260313_040306,/data/kernelbench-v3/solutions/Gemini 3.1 Pro Preview_RTX3090_40_Matmul_Scaling_ResidualAdd.py.txt,/data/kernelbench-v3/references/40_Matmul_Scaling_ResidualAdd.py
Gemini 3.1 Pro Preview,RTX3090,2,37_Matmul_Swish_Sum_GroupNorm.py,True,True,1.4962480030310832,0.267984002828598,0.1791040003299713,12,175353,0.639417,fused,pytorch_eager,fp32,run_20260313_040306,/data/kernelbench-v3/solutions/Gemini 3.1 Pro Preview_RTX3090_37_Matmul_Swish_Sum_GroupNorm.py.txt,/data/kernelbench-v3/references/37_Matmul_Swish_Sum_GroupNorm.py
Gemini 3.1 Pro Preview,RTX3090,2,46_Conv2d_Subtract_Tanh_Subtract_AvgPool.py,False,False,,,,12,92302,0.552784,,,,run_20260313_040306,,/data/kernelbench-v3/references/46_Conv2d_Subtract_Tanh_Subtract_AvgPool.py
Gemini 3.1 Pro Preview,RTX3090,2,55_Matmul_MaxPool_Sum_Scale.py,False,False,,,,12,144137,0.556803,,,,run_20260313_040306,,/data/kernelbench-v3/references/55_Matmul_MaxPool_Sum_Scale.py
Gemini 3.1 Pro Preview,RTX3090,2,6_Conv3d_Softmax_MaxPool_MaxPool.py,False,False,,,,1,18662,0.115974,,,,run_20260313_040306,,/data/kernelbench-v3/references/6_Conv3d_Softmax_MaxPool_MaxPool.py
Gemini 3.1 Pro Preview,RTX3090,2,59_Matmul_Swish_Scaling.py,True,True,1.552636825295886,0.25438401103019714,0.16383999586105347,12,174594,0.57264,fused,pytorch_eager,fp32,run_20260313_040306,/data/kernelbench-v3/solutions/Gemini 3.1 Pro Preview_RTX3090_59_Matmul_Swish_Scaling.py.txt,/data/kernelbench-v3/references/59_Matmul_Swish_Scaling.py
Gemini 3.1 Pro Preview,RTX3090,2,52_Conv2d_Activation_BatchNorm.py,False,False,,,,12,204063,0.801611,,,,run_20260313_040306,,/data/kernelbench-v3/references/52_Conv2d_Activation_BatchNorm.py
Gemini 3.1 Pro Preview,RTX3090,2,66_Matmul_Dropout_Mean_Softmax.py,False,False,,,,12,99164,0.365343,,,,run_20260313_040306,,/data/kernelbench-v3/references/66_Matmul_Dropout_Mean_Softmax.py
Gemini 3.1 Pro Preview,RTX3090,2,73_Conv2d_BatchNorm_Scaling.py,False,False,,,,12,86081,0.32436,,,,run_20260313_040306,,/data/kernelbench-v3/references/73_Conv2d_BatchNorm_Scaling.py
Gemini 3.1 Pro Preview,RTX3090,2,82_Conv2d_Tanh_Scaling_BiasAdd_Max.py,False,False,,,,12,164415,0.485202,,,,run_20260313_040306,,/data/kernelbench-v3/references/82_Conv2d_Tanh_Scaling_BiasAdd_Max.py
Gemini 3.1 Pro Preview,RTX3090,2,85_Conv2d_GroupNorm_Scale_MaxPool_Clamp.py,False,False,,,,12,157021,0.586537,,,,run_20260313_040306,,/data/kernelbench-v3/references/85_Conv2d_GroupNorm_Scale_MaxPool_Clamp.py
Gemini 3.1 Pro Preview,RTX3090,2,98_Matmul_AvgPool_GELU_Scale_Max.py,True,True,1.5300158228391296,0.2789279967546463,0.1823039948940277,12,117862,0.442266,fused,pytorch_eager,fp32,run_20260313_040306,/data/kernelbench-v3/solutions/Gemini 3.1 Pro Preview_RTX3090_98_Matmul_AvgPool_GELU_Scale_Max.py.txt,/data/kernelbench-v3/references/98_Matmul_AvgPool_GELU_Scale_Max.py
Gemini 3.1 Pro Preview,RTX3090,2,86_Matmul_Divide_GELU.py,True,True,0.539072166522269,0.2509920001029968,0.46559999883174896,12,195461,0.680672,fused,pytorch_eager,fp32,run_20260313_040306,/data/kernelbench-v3/solutions/Gemini 3.1 Pro Preview_RTX3090_86_Matmul_Divide_GELU.py.txt,/data/kernelbench-v3/references/86_Matmul_Divide_GELU.py
Gemini 3.1 Pro Preview,RTX3090,2,99_Matmul_GELU_Softmax.py,True,True,1.4270516988103117,0.25540800392627716,0.17897599935531616,12,183524,0.61412,fused,pytorch_eager,fp32,run_20260313_040306,/data/kernelbench-v3/solutions/Gemini 3.1 Pro Preview_RTX3090_99_Matmul_GELU_Softmax.py.txt,/data/kernelbench-v3/references/99_Matmul_GELU_Softmax.py
Gemini 3.1 Pro Preview,RTX3090,3,43_MinGPTCausalAttention.py,True,True,1.192837328445126,12.867183685302734,10.787039756774902,15,146231,0.45656,attention,torch_compile,fp32,run_20260313_040306,/data/kernelbench-v3/solutions/Gemini 3.1 Pro Preview_RTX3090_43_MinGPTCausalAttention.py.txt,/data/kernelbench-v3/references/43_MinGPTCausalAttention.py
Gemini 3.1 Pro Preview,RTX3090,3,31_VisionAttention.py,False,False,,,,15,207632,0.66087,,,,run_20260313_040306,,/data/kernelbench-v3/references/31_VisionAttention.py
Gemini 3.1 Pro Preview,RTX3090,3,44_MiniGPTBlock.py,False,False,,,,15,123880,0.406017,,,,run_20260313_040306,,/data/kernelbench-v3/references/44_MiniGPTBlock.py
Gemini 3.1 Pro Preview,RTX3090,4,1_DeepSeek_MLA.py,False,False,,,,15,202464,0.611336,,,,run_20260313_040306,,/data/kernelbench-v3/references/1_DeepSeek_MLA.py
Gemini 3.1 Pro Preview,RTX3090,4,2_DeepSeek_MoE.py,False,False,,,,15,154830,0.459315,,,,run_20260313_040306,,/data/kernelbench-v3/references/2_DeepSeek_MoE.py
Gemini 3.1 Pro Preview,RTX3090,4,5_MoE_GatedGEMM.py,False,False,,,,1,20068,0.118756,,,,run_20260313_040306,,/data/kernelbench-v3/references/5_MoE_GatedGEMM.py
Gemini 3.1 Pro Preview,RTX3090,4,6_INT4_Quantized_GEMM.py,False,False,,,,1,17307,0.099514,,,,run_20260313_040306,,/data/kernelbench-v3/references/6_INT4_Quantized_GEMM.py
Gemini 3.1 Pro Preview,RTX3090,4,4_FP8_Matmul.py,False,False,,,,15,173805,0.532269,,,,run_20260313_040306,,/data/kernelbench-v3/references/4_FP8_Matmul.py
Gemini 3.1 Pro Preview,RTX3090,4,3_GroupedQueryAttention.py,False,False,,,,15,209940,0.725256,,,,run_20260313_040306,,/data/kernelbench-v3/references/3_GroupedQueryAttention.py
Gemini 3.1 Pro Preview,RTX3090,4,7_GatedDeltaNet.py,True,True,1.0075615550740218,26.40227222442627,26.20412826538086,15,131153,0.423072,model,pytorch_eager,fp32,run_20260313_040306,/data/kernelbench-v3/solutions/Gemini 3.1 Pro Preview_RTX3090_7_GatedDeltaNet.py.txt,/data/kernelbench-v3/references/7_GatedDeltaNet.py
Gemini 3.1 Pro Preview,RTX3090,4,8_KimiDeltaAttention.py,True,True,0.9994393109871156,26.809807777404785,26.824848175048828,15,104022,0.338284,attention,pytorch_eager,fp32,run_20260313_040306,/data/kernelbench-v3/solutions/Gemini 3.1 Pro Preview_RTX3090_8_KimiDeltaAttention.py.txt,/data/kernelbench-v3/references/8_KimiDeltaAttention.py
Gemini 3.1 Pro Preview,RTX3090,1,particles.py,True,True,1.8107515649520738,0.11910399794578552,0.06577600166201591,10,68833,0.243622,fused,torch_compile,fp32,run_20260313_040306,/data/kernelbench-v3/solutions/Gemini 3.1 Pro Preview_RTX3090_particles.py.txt,/data/kernelbench-v3/references/particles.py
Gemini 3.1 Pro Preview,RTX3090,1,bloom.py,False,False,,,,10,117204,0.435139,,,,run_20260313_040306,,/data/kernelbench-v3/references/bloom.py
DeepSeek V3.2,RTX3090,1,1_Square_matrix_multiplication_.py,False,False,,,,3,9376,0.002614,,,,run_20260313_045040,,/data/kernelbench-v3/references/1_Square_matrix_multiplication_.py
DeepSeek V3.2,RTX3090,1,2_Standard_matrix_multiplication_.py,False,False,,,,3,9371,0.002621,,,,run_20260313_045040,,/data/kernelbench-v3/references/2_Standard_matrix_multiplication_.py
DeepSeek V3.2,RTX3090,1,36_RMSNorm_.py,False,False,,,,2,6420,0.001804,,,,run_20260313_045040,,/data/kernelbench-v3/references/36_RMSNorm_.py
DeepSeek V3.2,RTX3090,1,40_LayerNorm.py,False,False,,,,2,6186,0.001745,,,,run_20260313_045040,,/data/kernelbench-v3/references/40_LayerNorm.py
DeepSeek V3.2,RTX3090,1,26_GELU_.py,False,False,,,,4,15498,0.004482,,,,run_20260313_045040,,/data/kernelbench-v3/references/26_GELU_.py
DeepSeek V3.2,RTX3090,1,47_Sum_reduction_over_a_dimension.py,False,False,,,,3,9739,0.00276,,,,run_20260313_045040,,/data/kernelbench-v3/references/47_Sum_reduction_over_a_dimension.py
DeepSeek V3.2,RTX3090,1,4_Matrix_vector_multiplication_.py,False,False,,,,3,9422,0.002671,,,,run_20260313_045040,,/data/kernelbench-v3/references/4_Matrix_vector_multiplication_.py
DeepSeek V3.2,RTX3090,1,23_Softmax.py,False,False,,,,3,12310,0.003732,,,,run_20260313_045040,,/data/kernelbench-v3/references/23_Softmax.py
DeepSeek V3.2,RTX3090,1,3_Batched_matrix_multiplication.py,False,False,,,,3,12910,0.003961,,,,run_20260313_045040,,/data/kernelbench-v3/references/3_Batched_matrix_multiplication.py
DeepSeek V3.2,RTX3090,1,8_Matmul_with_irregular_shapes_.py,False,False,,,,3,9675,0.002737,,,,run_20260313_045040,,/data/kernelbench-v3/references/8_Matmul_with_irregular_shapes_.py
DeepSeek V3.2,RTX3090,1,42_Max_Pooling_2D.py,False,False,,,,3,15727,0.004659,,,,run_20260313_045040,,/data/kernelbench-v3/references/42_Max_Pooling_2D.py
DeepSeek V3.2,RTX3090,1,82_conv_depthwise_2D_square_input_square_kernel.py,False,False,,,,2,9157,0.002816,,,,run_20260313_045040,,/data/kernelbench-v3/references/82_conv_depthwise_2D_square_input_square_kernel.py
DeepSeek V3.2,RTX3090,2,17_Conv2d_InstanceNorm_Divide.py,False,False,,,,3,9514,0.002681,,,,run_20260313_045040,,/data/kernelbench-v3/references/17_Conv2d_InstanceNorm_Divide.py
DeepSeek V3.2,RTX3090,1,95_CrossEntropyLoss.py,False,False,,,,3,11128,0.003329,,,,run_20260313_045040,,/data/kernelbench-v3/references/95_CrossEntropyLoss.py
DeepSeek V3.2,RTX3090,2,37_Matmul_Swish_Sum_GroupNorm.py,False,False,,,,2,6280,0.001761,,,,run_20260313_045040,,/data/kernelbench-v3/references/37_Matmul_Swish_Sum_GroupNorm.py
DeepSeek V3.2,RTX3090,2,46_Conv2d_Subtract_Tanh_Subtract_AvgPool.py,False,False,,,,2,6328,0.001772,,,,run_20260313_045040,,/data/kernelbench-v3/references/46_Conv2d_Subtract_Tanh_Subtract_AvgPool.py
DeepSeek V3.2,RTX3090,1,63_conv_standard_2D__square_input__square_kernel.py,False,False,,,,4,20796,0.006098,,,,run_20260313_045040,,/data/kernelbench-v3/references/63_conv_standard_2D__square_input__square_kernel.py
DeepSeek V3.2,RTX3090,2,52_Conv2d_Activation_BatchNorm.py,False,False,,,,2,6177,0.00174,,,,run_20260313_045040,,/data/kernelbench-v3/references/52_Conv2d_Activation_BatchNorm.py
DeepSeek V3.2,RTX3090,1,9_Tall_skinny_matrix_multiplication_.py,False,False,,,,3,12499,0.003767,,,,run_20260313_045040,,/data/kernelbench-v3/references/9_Tall_skinny_matrix_multiplication_.py
DeepSeek V3.2,RTX3090,2,59_Matmul_Swish_Scaling.py,False,False,,,,3,9615,0.002729,,,,run_20260313_045040,,/data/kernelbench-v3/references/59_Matmul_Swish_Scaling.py
DeepSeek V3.2,RTX3090,2,6_Conv3d_Softmax_MaxPool_MaxPool.py,False,False,,,,3,9890,0.002789,,,,run_20260313_045040,,/data/kernelbench-v3/references/6_Conv3d_Softmax_MaxPool_MaxPool.py
DeepSeek V3.2,RTX3090,2,55_Matmul_MaxPool_Sum_Scale.py,False,False,,,,3,10592,0.003053,,,,run_20260313_045040,,/data/kernelbench-v3/references/55_Matmul_MaxPool_Sum_Scale.py
DeepSeek V3.2,RTX3090,2,40_Matmul_Scaling_ResidualAdd.py,False,False,,,,4,19530,0.005747,,,,run_20260313_045040,,/data/kernelbench-v3/references/40_Matmul_Scaling_ResidualAdd.py
DeepSeek V3.2,RTX3090,2,66_Matmul_Dropout_Mean_Softmax.py,False,False,,,,3,12964,0.00396,,,,run_20260313_045040,,/data/kernelbench-v3/references/66_Matmul_Dropout_Mean_Softmax.py
DeepSeek V3.2,RTX3090,2,82_Conv2d_Tanh_Scaling_BiasAdd_Max.py,False,False,,,,3,12817,0.003884,,,,run_20260313_045040,,/data/kernelbench-v3/references/82_Conv2d_Tanh_Scaling_BiasAdd_Max.py
DeepSeek V3.2,RTX3090,2,86_Matmul_Divide_GELU.py,False,False,,,,3,9727,0.002755,,,,run_20260313_045040,,/data/kernelbench-v3/references/86_Matmul_Divide_GELU.py
DeepSeek V3.2,RTX3090,2,73_Conv2d_BatchNorm_Scaling.py,False,False,,,,3,15457,0.004598,,,,run_20260313_045040,,/data/kernelbench-v3/references/73_Conv2d_BatchNorm_Scaling.py
DeepSeek V3.2,RTX3090,2,98_Matmul_AvgPool_GELU_Scale_Max.py,False,False,,,,3,11015,0.003161,,,,run_20260313_045040,,/data/kernelbench-v3/references/98_Matmul_AvgPool_GELU_Scale_Max.py
DeepSeek V3.2,RTX3090,3,31_VisionAttention.py,False,False,,,,3,10290,0.002912,,,,run_20260313_045040,,/data/kernelbench-v3/references/31_VisionAttention.py
DeepSeek V3.2,RTX3090,2,85_Conv2d_GroupNorm_Scale_MaxPool_Clamp.py,False,False,,,,3,14174,0.004333,,,,run_20260313_045040,,/data/kernelbench-v3/references/85_Conv2d_GroupNorm_Scale_MaxPool_Clamp.py
DeepSeek V3.2,RTX3090,3,44_MiniGPTBlock.py,False,False,,,,3,16663,0.004881,,,,run_20260313_045040,,/data/kernelbench-v3/references/44_MiniGPTBlock.py
DeepSeek V3.2,RTX3090,2,99_Matmul_GELU_Softmax.py,False,False,,,,3,13043,0.004068,,,,run_20260313_045040,,/data/kernelbench-v3/references/99_Matmul_GELU_Softmax.py
DeepSeek V3.2,RTX3090,4,3_GroupedQueryAttention.py,False,False,,,,3,18706,0.00524,,,,run_20260313_045040,,/data/kernelbench-v3/references/3_GroupedQueryAttention.py
DeepSeek V3.2,RTX3090,3,43_MinGPTCausalAttention.py,False,False,,,,3,16908,0.005152,,,,run_20260313_045040,,/data/kernelbench-v3/references/43_MinGPTCausalAttention.py
DeepSeek V3.2,RTX3090,4,5_MoE_GatedGEMM.py,False,False,,,,3,17307,0.004897,,,,run_20260313_045040,,/data/kernelbench-v3/references/5_MoE_GatedGEMM.py
DeepSeek V3.2,RTX3090,4,1_DeepSeek_MLA.py,False,False,,,,3,25445,0.007624,,,,run_20260313_045040,,/data/kernelbench-v3/references/1_DeepSeek_MLA.py
DeepSeek V3.2,RTX3090,4,4_FP8_Matmul.py,False,False,,,,3,23566,0.006893,,,,run_20260313_045040,,/data/kernelbench-v3/references/4_FP8_Matmul.py
DeepSeek V3.2,RTX3090,4,2_DeepSeek_MoE.py,False,False,,,,5,50110,0.014548,,,,run_20260313_045040,,/data/kernelbench-v3/references/2_DeepSeek_MoE.py
DeepSeek V3.2,RTX3090,4,6_INT4_Quantized_GEMM.py,False,False,,,,3,19600,0.005803,,,,run_20260313_045040,,/data/kernelbench-v3/references/6_INT4_Quantized_GEMM.py
DeepSeek V3.2,RTX3090,4,7_GatedDeltaNet.py,False,False,,,,3,19389,0.005709,,,,run_20260313_045040,,/data/kernelbench-v3/references/7_GatedDeltaNet.py
DeepSeek V3.2,RTX3090,1,particles.py,False,False,,,,3,11797,0.003508,,,,run_20260313_045040,,/data/kernelbench-v3/references/particles.py
DeepSeek V3.2,RTX3090,1,bloom.py,False,False,,,,3,13739,0.004044,,,,run_20260313_045040,,/data/kernelbench-v3/references/bloom.py
DeepSeek V3.2,RTX3090,4,8_KimiDeltaAttention.py,False,False,,,,3,20799,0.006114,,,,run_20260313_045040,,/data/kernelbench-v3/references/8_KimiDeltaAttention.py
MiniMax M2.5,RTX3090,1,1_Square_matrix_multiplication_.py,True,True,1.1865108272577196,0.7017120122909546,0.5914080142974854,10,52700,0.018453,gemm,pytorch_eager,fp32,run_20260313_234022,/data/kernelbench-v3/solutions/MiniMax M2.5_RTX3090_1_Square_matrix_multiplication_.py.txt,/data/kernelbench-v3/references/1_Square_matrix_multiplication_.py
MiniMax M2.5,RTX3090,1,23_Softmax.py,False,False,,,,10,75375,0.025726,,,,run_20260313_234022,,/data/kernelbench-v3/references/23_Softmax.py
MiniMax M2.5,RTX3090,1,26_GELU_.py,True,True,0.9655870179790975,0.045791998505592346,0.04742399975657463,10,56699,0.020403,elementwise,pytorch_eager,fp32,run_20260313_234022,/data/kernelbench-v3/solutions/MiniMax M2.5_RTX3090_26_GELU_.py.txt,/data/kernelbench-v3/references/26_GELU_.py
MiniMax M2.5,RTX3090,1,2_Standard_matrix_multiplication_.py,True,False,,,,10,106745,0.038657,,,fp32,run_20260313_234022,/data/kernelbench-v3/solutions/MiniMax M2.5_RTX3090_2_Standard_matrix_multiplication_.py.txt,/data/kernelbench-v3/references/2_Standard_matrix_multiplication_.py
MiniMax M2.5,RTX3090,1,3_Batched_matrix_multiplication.py,False,False,,,,10,45712,0.016696,,,,run_20260313_234022,,/data/kernelbench-v3/references/3_Batched_matrix_multiplication.py
MiniMax M2.5,RTX3090,1,42_Max_Pooling_2D.py,False,False,,,,4,0,,,,,run_20260313_234022,,/data/kernelbench-v3/references/42_Max_Pooling_2D.py
MiniMax M2.5,RTX3090,1,40_LayerNorm.py,True,False,,,,10,82724,0.028734,,,fp32,run_20260313_234022,/data/kernelbench-v3/solutions/MiniMax M2.5_RTX3090_40_LayerNorm.py.txt,/data/kernelbench-v3/references/40_LayerNorm.py
MiniMax M2.5,RTX3090,1,47_Sum_reduction_over_a_dimension.py,True,False,,,,10,52034,0.018581,,,fp32,run_20260313_234022,/data/kernelbench-v3/solutions/MiniMax M2.5_RTX3090_47_Sum_reduction_over_a_dimension.py.txt,/data/kernelbench-v3/references/47_Sum_reduction_over_a_dimension.py
MiniMax M2.5,RTX3090,1,63_conv_standard_2D__square_input__square_kernel.py,True,True,0.9989181589962075,0.45796801149845123,0.45846399664878845,10,84259,0.030276,conv,pytorch_eager,fp32,run_20260313_234022,/data/kernelbench-v3/solutions/MiniMax M2.5_RTX3090_63_conv_standard_2D__square_input__square_kernel.py.txt,/data/kernelbench-v3/references/63_conv_standard_2D__square_input__square_kernel.py
MiniMax M2.5,RTX3090,1,4_Matrix_vector_multiplication_.py,True,False,,,,10,86028,0.030435,,,fp32,run_20260313_234022,/data/kernelbench-v3/solutions/MiniMax M2.5_RTX3090_4_Matrix_vector_multiplication_.py.txt,/data/kernelbench-v3/references/4_Matrix_vector_multiplication_.py
MiniMax M2.5,RTX3090,1,36_RMSNorm_.py,False,False,,,,10,92652,0.032578,,,,run_20260313_234022,,/data/kernelbench-v3/references/36_RMSNorm_.py
MiniMax M2.5,RTX3090,1,82_conv_depthwise_2D_square_input_square_kernel.py,True,False,,,,10,58486,0.022457,,,fp32,run_20260313_234022,/data/kernelbench-v3/solutions/MiniMax M2.5_RTX3090_82_conv_depthwise_2D_square_input_square_kernel.py.txt,/data/kernelbench-v3/references/82_conv_depthwise_2D_square_input_square_kernel.py
MiniMax M2.5,RTX3090,1,95_CrossEntropyLoss.py,False,False,,,,10,47449,0.016858,,,,run_20260313_234022,,/data/kernelbench-v3/references/95_CrossEntropyLoss.py
MiniMax M2.5,RTX3090,1,8_Matmul_with_irregular_shapes_.py,False,False,,,,10,96286,0.036545,,,,run_20260313_234022,,/data/kernelbench-v3/references/8_Matmul_with_irregular_shapes_.py
MiniMax M2.5,RTX3090,2,17_Conv2d_InstanceNorm_Divide.py,False,False,,,,4,0,,,,,run_20260313_234022,,/data/kernelbench-v3/references/17_Conv2d_InstanceNorm_Divide.py
MiniMax M2.5,RTX3090,1,9_Tall_skinny_matrix_multiplication_.py,False,False,,,,10,73030,0.024648,,,,run_20260313_234022,,/data/kernelbench-v3/references/9_Tall_skinny_matrix_multiplication_.py
MiniMax M2.5,RTX3090,2,46_Conv2d_Subtract_Tanh_Subtract_AvgPool.py,True,True,1.1148713603366303,0.4838719964027405,0.43401598930358887,8,47101,0.017027,fused,torch_compile,fp32,run_20260313_234022,/data/kernelbench-v3/solutions/MiniMax M2.5_RTX3090_46_Conv2d_Subtract_Tanh_Subtract_AvgPool.py.txt,/data/kernelbench-v3/references/46_Conv2d_Subtract_Tanh_Subtract_AvgPool.py
MiniMax M2.5,RTX3090,2,40_Matmul_Scaling_ResidualAdd.py,False,False,,,,12,92681,0.034752,,,,run_20260313_234022,,/data/kernelbench-v3/references/40_Matmul_Scaling_ResidualAdd.py
MiniMax M2.5,RTX3090,2,37_Matmul_Swish_Sum_GroupNorm.py,False,False,,,,12,106772,0.038065,,,,run_20260313_234022,,/data/kernelbench-v3/references/37_Matmul_Swish_Sum_GroupNorm.py
MiniMax M2.5,RTX3090,2,52_Conv2d_Activation_BatchNorm.py,False,False,,,,2,0,,,,,run_20260313_234022,,/data/kernelbench-v3/references/52_Conv2d_Activation_BatchNorm.py
MiniMax M2.5,RTX3090,2,55_Matmul_MaxPool_Sum_Scale.py,True,False,,,,12,77615,0.029965,,,fp32,run_20260313_234022,/data/kernelbench-v3/solutions/MiniMax M2.5_RTX3090_55_Matmul_MaxPool_Sum_Scale.py.txt,/data/kernelbench-v3/references/55_Matmul_MaxPool_Sum_Scale.py
MiniMax M2.5,RTX3090,2,59_Matmul_Swish_Scaling.py,False,False,,,,12,131617,0.047707,,,,run_20260313_234022,,/data/kernelbench-v3/references/59_Matmul_Swish_Scaling.py
MiniMax M2.5,RTX3090,2,73_Conv2d_BatchNorm_Scaling.py,True,False,,,,12,84074,0.030163,,,fp32,run_20260313_234022,/data/kernelbench-v3/solutions/MiniMax M2.5_RTX3090_73_Conv2d_BatchNorm_Scaling.py.txt,/data/kernelbench-v3/references/73_Conv2d_BatchNorm_Scaling.py
MiniMax M2.5,RTX3090,1,2_Standard_matrix_multiplication_.py,True,True,0.1267945782220918,0.7938719987869263,6.261087894439697,10,81068,0.02792,gemm,pytorch_eager,fp32,run_20260314_004831,/data/kernelbench-v3/solutions/MiniMax M2.5_RTX3090_2_Standard_matrix_multiplication_.py.txt,/data/kernelbench-v3/references/2_Standard_matrix_multiplication_.py
MiniMax M2.5,RTX3090,1,26_GELU_.py,False,False,,,,10,85012,0.028885,,,,run_20260314_004831,,/data/kernelbench-v3/references/26_GELU_.py
MiniMax M2.5,RTX3090,1,1_Square_matrix_multiplication_.py,False,False,,,,10,85589,0.030542,,,,run_20260314_004831,,/data/kernelbench-v3/references/1_Square_matrix_multiplication_.py
MiniMax M2.5,RTX3090,1,23_Softmax.py,True,True,1.2242348928211884,0.06272000074386597,0.051231998950242996,7,30048,0.010358,softmax,pytorch_eager,fp32,run_20260314_004831,/data/kernelbench-v3/solutions/MiniMax M2.5_RTX3090_23_Softmax.py.txt,/data/kernelbench-v3/references/23_Softmax.py
MiniMax M2.5,RTX3090,1,3_Batched_matrix_multiplication.py,False,False,,,,10,48427,0.018003,,,,run_20260314_004831,,/data/kernelbench-v3/references/3_Batched_matrix_multiplication.py
MiniMax M2.5,RTX3090,1,36_RMSNorm_.py,True,True,1.676868595976715,1.613871991634369,0.9624319970607758,10,80385,0.030512,layernorm,pytorch_eager,fp32,run_20260314_004831,/data/kernelbench-v3/solutions/MiniMax M2.5_RTX3090_36_RMSNorm_.py.txt,/data/kernelbench-v3/references/36_RMSNorm_.py
MiniMax M2.5,RTX3090,1,42_Max_Pooling_2D.py,True,True,1.44614751363023,1.129151999950409,0.7808000147342682,10,72900,0.027399,reduction,pytorch_eager,fp32,run_20260314_004831,/data/kernelbench-v3/solutions/MiniMax M2.5_RTX3090_42_Max_Pooling_2D.py.txt,/data/kernelbench-v3/references/42_Max_Pooling_2D.py
MiniMax M2.5,RTX3090,1,40_LayerNorm.py,False,False,,,,10,106686,0.039571,,,,run_20260314_004831,,/data/kernelbench-v3/references/40_LayerNorm.py
MiniMax M2.5,RTX3090,1,47_Sum_reduction_over_a_dimension.py,True,True,0.4188725563766894,0.027343999594449997,0.0652799978852272,10,71809,0.024878,reduction,pytorch_eager,fp32,run_20260314_004831,/data/kernelbench-v3/solutions/MiniMax M2.5_RTX3090_47_Sum_reduction_over_a_dimension.py.txt,/data/kernelbench-v3/references/47_Sum_reduction_over_a_dimension.py
MiniMax M2.5,RTX3090,1,4_Matrix_vector_multiplication_.py,True,False,,,,10,54008,0.01959,,,fp32,run_20260314_004831,/data/kernelbench-v3/solutions/MiniMax M2.5_RTX3090_4_Matrix_vector_multiplication_.py.txt,/data/kernelbench-v3/references/4_Matrix_vector_multiplication_.py
MiniMax M2.5,RTX3090,1,63_conv_standard_2D__square_input__square_kernel.py,True,True,1.789676631473464,0.43825601041316986,0.24487999826669693,10,51492,0.018466,conv,pytorch_eager,fp32,run_20260314_004831,/data/kernelbench-v3/solutions/MiniMax M2.5_RTX3090_63_conv_standard_2D__square_input__square_kernel.py.txt,/data/kernelbench-v3/references/63_conv_standard_2D__square_input__square_kernel.py
MiniMax M2.5,RTX3090,1,82_conv_depthwise_2D_square_input_square_kernel.py,True,False,,,,10,72149,0.026344,,,fp32,run_20260314_004831,/data/kernelbench-v3/solutions/MiniMax M2.5_RTX3090_82_conv_depthwise_2D_square_input_square_kernel.py.txt,/data/kernelbench-v3/references/82_conv_depthwise_2D_square_input_square_kernel.py
MiniMax M2.5,RTX3090,1,8_Matmul_with_irregular_shapes_.py,True,True,1.1287696833420517,12.1320161819458,10.747999668121338,10,50853,0.017354,gemm,pytorch_eager,fp32,run_20260314_004831,/data/kernelbench-v3/solutions/MiniMax M2.5_RTX3090_8_Matmul_with_irregular_shapes_.py.txt,/data/kernelbench-v3/references/8_Matmul_with_irregular_shapes_.py
MiniMax M2.5,RTX3090,2,17_Conv2d_InstanceNorm_Divide.py,False,False,,,,12,64501,0.023702,,,,run_20260314_004831,,/data/kernelbench-v3/references/17_Conv2d_InstanceNorm_Divide.py
MiniMax M2.5,RTX3090,1,95_CrossEntropyLoss.py,False,False,,,,10,67780,0.024715,,,,run_20260314_004831,,/data/kernelbench-v3/references/95_CrossEntropyLoss.py
MiniMax M2.5,RTX3090,2,37_Matmul_Swish_Sum_GroupNorm.py,False,False,,,,5,0,,,,,run_20260314_004831,,/data/kernelbench-v3/references/37_Matmul_Swish_Sum_GroupNorm.py
MiniMax M2.5,RTX3090,1,9_Tall_skinny_matrix_multiplication_.py,False,False,,,,10,107530,0.038952,,,,run_20260314_004831,,/data/kernelbench-v3/references/9_Tall_skinny_matrix_multiplication_.py
MiniMax M2.5,RTX3090,2,40_Matmul_Scaling_ResidualAdd.py,False,False,,,,3,0,,,,,run_20260314_004831,,/data/kernelbench-v3/references/40_Matmul_Scaling_ResidualAdd.py
MiniMax M2.5,RTX3090,2,46_Conv2d_Subtract_Tanh_Subtract_AvgPool.py,True,False,,,,12,61831,0.023266,,,fp32,run_20260314_004831,/data/kernelbench-v3/solutions/MiniMax M2.5_RTX3090_46_Conv2d_Subtract_Tanh_Subtract_AvgPool.py.txt,/data/kernelbench-v3/references/46_Conv2d_Subtract_Tanh_Subtract_AvgPool.py
MiniMax M2.5,RTX3090,2,55_Matmul_MaxPool_Sum_Scale.py,True,False,,,,12,86974,0.031102,,,fp32,run_20260314_004831,/data/kernelbench-v3/solutions/MiniMax M2.5_RTX3090_55_Matmul_MaxPool_Sum_Scale.py.txt,/data/kernelbench-v3/references/55_Matmul_MaxPool_Sum_Scale.py
MiniMax M2.5,RTX3090,2,52_Conv2d_Activation_BatchNorm.py,True,True,0.519750666556523,0.384208008646965,0.7392159998416901,12,141264,0.046481,fused,torch_compile,fp32,run_20260314_004831,/data/kernelbench-v3/solutions/MiniMax M2.5_RTX3090_52_Conv2d_Activation_BatchNorm.py.txt,/data/kernelbench-v3/references/52_Conv2d_Activation_BatchNorm.py
MiniMax M2.5,RTX3090,2,59_Matmul_Swish_Scaling.py,False,False,,,,12,319323,0.0998,,,,run_20260314_004831,,/data/kernelbench-v3/references/59_Matmul_Swish_Scaling.py
MiniMax M2.5,RTX3090,2,66_Matmul_Dropout_Mean_Softmax.py,False,False,,,,12,67037,0.025854,,,,run_20260314_004831,,/data/kernelbench-v3/references/66_Matmul_Dropout_Mean_Softmax.py
MiniMax M2.5,RTX3090,2,6_Conv3d_Softmax_MaxPool_MaxPool.py,False,False,,,,12,77680,0.028003,,,,run_20260314_004831,,/data/kernelbench-v3/references/6_Conv3d_Softmax_MaxPool_MaxPool.py
MiniMax M2.5,RTX3090,2,73_Conv2d_BatchNorm_Scaling.py,True,True,1.135654504838855,0.38201600313186646,0.33638399839401245,11,66196,0.023546,fused,torch_compile,fp32,run_20260314_004831,/data/kernelbench-v3/solutions/MiniMax M2.5_RTX3090_73_Conv2d_BatchNorm_Scaling.py.txt,/data/kernelbench-v3/references/73_Conv2d_BatchNorm_Scaling.py
MiniMax M2.5,RTX3090,2,82_Conv2d_Tanh_Scaling_BiasAdd_Max.py,True,False,,,,12,85685,0.031274,,,fp32,run_20260314_004831,/data/kernelbench-v3/solutions/MiniMax M2.5_RTX3090_82_Conv2d_Tanh_Scaling_BiasAdd_Max.py.txt,/data/kernelbench-v3/references/82_Conv2d_Tanh_Scaling_BiasAdd_Max.py
MiniMax M2.5,RTX3090,2,85_Conv2d_GroupNorm_Scale_MaxPool_Clamp.py,True,False,,,,12,67571,0.024215,,,fp32,run_20260314_004831,/data/kernelbench-v3/solutions/MiniMax M2.5_RTX3090_85_Conv2d_GroupNorm_Scale_MaxPool_Clamp.py.txt,/data/kernelbench-v3/references/85_Conv2d_GroupNorm_Scale_MaxPool_Clamp.py
MiniMax M2.5,RTX3090,2,86_Matmul_Divide_GELU.py,True,True,1.47475343519939,0.19860799610614777,0.13467200100421906,12,76563,0.026822,fused,torch_compile,fp32,run_20260314_004831,/data/kernelbench-v3/solutions/MiniMax M2.5_RTX3090_86_Matmul_Divide_GELU.py.txt,/data/kernelbench-v3/references/86_Matmul_Divide_GELU.py
MiniMax M2.5,RTX3090,2,98_Matmul_AvgPool_GELU_Scale_Max.py,False,False,,,,12,111320,0.039593,,,,run_20260314_004831,,/data/kernelbench-v3/references/98_Matmul_AvgPool_GELU_Scale_Max.py
MiniMax M2.5,RTX3090,2,99_Matmul_GELU_Softmax.py,True,False,,,,12,127962,0.045536,,,fp32,run_20260314_004831,/data/kernelbench-v3/solutions/MiniMax M2.5_RTX3090_99_Matmul_GELU_Softmax.py.txt,/data/kernelbench-v3/references/99_Matmul_GELU_Softmax.py
MiniMax M2.5,RTX3090,3,31_VisionAttention.py,False,False,,,,15,122650,0.040391,,,,run_20260314_004831,,/data/kernelbench-v3/references/31_VisionAttention.py
MiniMax M2.5,RTX3090,3,43_MinGPTCausalAttention.py,True,True,1.1862671602486663,27.156463623046875,22.892367362976074,15,87280,0.028576,attention,torch_compile,fp32,run_20260314_004831,/data/kernelbench-v3/solutions/MiniMax M2.5_RTX3090_43_MinGPTCausalAttention.py.txt,/data/kernelbench-v3/references/43_MinGPTCausalAttention.py
MiniMax M2.5,RTX3090,4,1_DeepSeek_MLA.py,False,False,,,,15,154187,0.05076,,,,run_20260314_004831,,/data/kernelbench-v3/references/1_DeepSeek_MLA.py
MiniMax M2.5,RTX3090,3,44_MiniGPTBlock.py,True,True,1.4578342347470528,171.3606719970703,117.5446891784668,15,118444,0.038194,model,pytorch_eager,fp32,run_20260314_004831,/data/kernelbench-v3/solutions/MiniMax M2.5_RTX3090_44_MiniGPTBlock.py.txt,/data/kernelbench-v3/references/44_MiniGPTBlock.py
MiniMax M2.5,RTX3090,4,2_DeepSeek_MoE.py,False,False,,,,15,207530,0.069382,,,,run_20260314_004831,,/data/kernelbench-v3/references/2_DeepSeek_MoE.py
MiniMax M2.5,RTX3090,4,4_FP8_Matmul.py,False,False,,,,15,120341,0.040242,,,,run_20260314_004831,,/data/kernelbench-v3/references/4_FP8_Matmul.py
MiniMax M2.5,RTX3090,4,3_GroupedQueryAttention.py,False,False,,,,2,0,,,,,run_20260314_004831,,/data/kernelbench-v3/references/3_GroupedQueryAttention.py
MiniMax M2.5,RTX3090,4,5_MoE_GatedGEMM.py,True,True,1.8456085671217617,542.3915100097656,293.8822021484375,15,185301,0.059448,fused,pytorch_eager,fp32,run_20260314_004831,/data/kernelbench-v3/solutions/MiniMax M2.5_RTX3090_5_MoE_GatedGEMM.py.txt,/data/kernelbench-v3/references/5_MoE_GatedGEMM.py
MiniMax M2.5,RTX3090,4,6_INT4_Quantized_GEMM.py,False,False,,,,8,0,,,,,run_20260314_004831,,/data/kernelbench-v3/references/6_INT4_Quantized_GEMM.py
MiniMax M2.5,RTX3090,4,7_GatedDeltaNet.py,False,False,,,,11,0,,,,,run_20260314_004831,,/data/kernelbench-v3/references/7_GatedDeltaNet.py
MiniMax M2.5,RTX3090,4,8_KimiDeltaAttention.py,False,False,,,,15,110015,0.035963,,,,run_20260314_004831,,/data/kernelbench-v3/references/8_KimiDeltaAttention.py
MiniMax M2.5,RTX3090,1,bloom.py,False,False,,,,10,98429,0.034908,,,,run_20260314_004831,,/data/kernelbench-v3/references/bloom.py
MiniMax M2.5,RTX3090,1,particles.py,True,True,37.61109718433464,2.3860479593276978,0.0634399987757206,10,67890,0.022545,fused,torch_compile,fp32,run_20260314_004831,/data/kernelbench-v3/solutions/MiniMax M2.5_RTX3090_particles.py.txt,/data/kernelbench-v3/references/particles.py
MiniMax M2.5,H100,1,2_Standard_matrix_multiplication_.py,False,False,,,,10,50699,0.018179,,,,run_20260314_023431,,/data/kernelbench-v3/references/2_Standard_matrix_multiplication_.py
MiniMax M2.5,H100,1,23_Softmax.py,False,False,,,,10,86735,0.033093,,,,run_20260314_023431,,/data/kernelbench-v3/references/23_Softmax.py
MiniMax M2.5,H100,1,1_Square_matrix_multiplication_.py,True,False,,,,10,64964,0.023729,,,fp32,run_20260314_023431,/data/kernelbench-v3/solutions/MiniMax M2.5_H100_1_Square_matrix_multiplication_.py.txt,/data/kernelbench-v3/references/1_Square_matrix_multiplication_.py
MiniMax M2.5,H100,1,36_RMSNorm_.py,True,False,,,,10,130778,0.048292,,,fp32,run_20260314_023431,/data/kernelbench-v3/solutions/MiniMax M2.5_H100_36_RMSNorm_.py.txt,/data/kernelbench-v3/references/36_RMSNorm_.py
MiniMax M2.5,H100,1,26_GELU_.py,True,False,,,,10,63465,0.020719,,,fp32,run_20260314_023431,/data/kernelbench-v3/solutions/MiniMax M2.5_H100_26_GELU_.py.txt,/data/kernelbench-v3/references/26_GELU_.py
MiniMax M2.5,H100,1,40_LayerNorm.py,False,False,,,,10,109530,0.039577,,,,run_20260314_023431,,/data/kernelbench-v3/references/40_LayerNorm.py
MiniMax M2.5,H100,1,47_Sum_reduction_over_a_dimension.py,True,True,0.3512778622880833,0.020672000013291836,0.058848001062870026,10,66288,0.024294,reduction,pytorch_eager,fp32,run_20260314_023431,/data/kernelbench-v3/solutions/MiniMax M2.5_H100_47_Sum_reduction_over_a_dimension.py.txt,/data/kernelbench-v3/references/47_Sum_reduction_over_a_dimension.py
MiniMax M2.5,H100,1,3_Batched_matrix_multiplication.py,True,False,,,,10,60889,0.023539,,,fp32,run_20260314_023431,/data/kernelbench-v3/solutions/MiniMax M2.5_H100_3_Batched_matrix_multiplication.py.txt,/data/kernelbench-v3/references/3_Batched_matrix_multiplication.py
MiniMax M2.5,H100,1,42_Max_Pooling_2D.py,False,False,,,,3,0,,,,,run_20260314_023431,,/data/kernelbench-v3/references/42_Max_Pooling_2D.py
MiniMax M2.5,H100,1,82_conv_depthwise_2D_square_input_square_kernel.py,True,False,,,,10,75578,0.027205,,,fp32,run_20260314_023431,/data/kernelbench-v3/solutions/MiniMax M2.5_H100_82_conv_depthwise_2D_square_input_square_kernel.py.txt,/data/kernelbench-v3/references/82_conv_depthwise_2D_square_input_square_kernel.py
MiniMax M2.5,H100,1,4_Matrix_vector_multiplication_.py,False,False,,,,3,0,,,,,run_20260314_023431,,/data/kernelbench-v3/references/4_Matrix_vector_multiplication_.py
MiniMax M2.5,H100,1,8_Matmul_with_irregular_shapes_.py,True,True,2.360988591225699,6.398128032684326,2.709936022758484,10,57178,0.021075,gemm,pytorch_eager,fp32,run_20260314_023431,/data/kernelbench-v3/solutions/MiniMax M2.5_H100_8_Matmul_with_irregular_shapes_.py.txt,/data/kernelbench-v3/references/8_Matmul_with_irregular_shapes_.py
MiniMax M2.5,H100,1,9_Tall_skinny_matrix_multiplication_.py,False,False,,,,10,58548,0.021543,,,,run_20260314_023431,,/data/kernelbench-v3/references/9_Tall_skinny_matrix_multiplication_.py
MiniMax M2.5,H100,1,63_conv_standard_2D__square_input__square_kernel.py,False,False,,,,4,0,,,,,run_20260314_023431,,/data/kernelbench-v3/references/63_conv_standard_2D__square_input__square_kernel.py
MiniMax M2.5,H100,1,95_CrossEntropyLoss.py,False,False,,,,10,47043,0.017156,,,,run_20260314_023431,,/data/kernelbench-v3/references/95_CrossEntropyLoss.py
MiniMax M2.5,H100,2,17_Conv2d_InstanceNorm_Divide.py,True,True,0.7260527241775808,0.27008000016212463,0.37198400497436523,12,82775,0.029754,fused,torch_compile,fp32,run_20260314_023431,/data/kernelbench-v3/solutions/MiniMax M2.5_H100_17_Conv2d_InstanceNorm_Divide.py.txt,/data/kernelbench-v3/references/17_Conv2d_InstanceNorm_Divide.py
MiniMax M2.5,H100,2,37_Matmul_Swish_Sum_GroupNorm.py,True,False,,,,12,95543,0.035432,,,fp32,run_20260314_023431,/data/kernelbench-v3/solutions/MiniMax M2.5_H100_37_Matmul_Swish_Sum_GroupNorm.py.txt,/data/kernelbench-v3/references/37_Matmul_Swish_Sum_GroupNorm.py
MiniMax M2.5,H100,2,40_Matmul_Scaling_ResidualAdd.py,False,False,,,,12,83043,0.029963,,,,run_20260314_023431,,/data/kernelbench-v3/references/40_Matmul_Scaling_ResidualAdd.py
MiniMax M2.5,H100,2,52_Conv2d_Activation_BatchNorm.py,True,True,0.657086659995789,0.23521599918603897,0.3579680025577545,12,95024,0.033157,fused,torch_compile,fp32,run_20260314_023431,/data/kernelbench-v3/solutions/MiniMax M2.5_H100_52_Conv2d_Activation_BatchNorm.py.txt,/data/kernelbench-v3/references/52_Conv2d_Activation_BatchNorm.py
MiniMax M2.5,H100,2,66_Matmul_Dropout_Mean_Softmax.py,True,True,1.9903315253226372,0.207504004240036,0.10425600036978722,12,88148,0.030924,fused,pytorch_eager,fp32,run_20260314_023431,/data/kernelbench-v3/solutions/MiniMax M2.5_H100_66_Matmul_Dropout_Mean_Softmax.py.txt,/data/kernelbench-v3/references/66_Matmul_Dropout_Mean_Softmax.py
MiniMax M2.5,H100,2,46_Conv2d_Subtract_Tanh_Subtract_AvgPool.py,False,False,,,,12,85944,0.030203,,,,run_20260314_023431,,/data/kernelbench-v3/references/46_Conv2d_Subtract_Tanh_Subtract_AvgPool.py
MiniMax M2.5,H100,2,55_Matmul_MaxPool_Sum_Scale.py,False,False,,,,12,126482,0.049282,,,,run_20260314_023431,,/data/kernelbench-v3/references/55_Matmul_MaxPool_Sum_Scale.py
MiniMax M2.5,H100,2,59_Matmul_Swish_Scaling.py,False,False,,,,4,0,,,,,run_20260314_023431,,/data/kernelbench-v3/references/59_Matmul_Swish_Scaling.py
MiniMax M2.5,H100,2,82_Conv2d_Tanh_Scaling_BiasAdd_Max.py,False,False,,,,12,91636,0.034075,,,,run_20260314_023431,,/data/kernelbench-v3/references/82_Conv2d_Tanh_Scaling_BiasAdd_Max.py
MiniMax M2.5,H100,2,85_Conv2d_GroupNorm_Scale_MaxPool_Clamp.py,False,False,,,,12,111588,0.040537,,,,run_20260314_023431,,/data/kernelbench-v3/references/85_Conv2d_GroupNorm_Scale_MaxPool_Clamp.py
MiniMax M2.5,H100,2,86_Matmul_Divide_GELU.py,True,False,,,,12,85302,0.028345,,,fp32,run_20260314_023431,/data/kernelbench-v3/solutions/MiniMax M2.5_H100_86_Matmul_Divide_GELU.py.txt,/data/kernelbench-v3/references/86_Matmul_Divide_GELU.py
MiniMax M2.5,H100,2,6_Conv3d_Softmax_MaxPool_MaxPool.py,False,False,,,,12,75150,0.02734,,,,run_20260314_023431,,/data/kernelbench-v3/references/6_Conv3d_Softmax_MaxPool_MaxPool.py
MiniMax M2.5,H100,2,98_Matmul_AvgPool_GELU_Scale_Max.py,True,False,,,,12,133042,0.047427,,,fp32,run_20260314_023431,/data/kernelbench-v3/solutions/MiniMax M2.5_H100_98_Matmul_AvgPool_GELU_Scale_Max.py.txt,/data/kernelbench-v3/references/98_Matmul_AvgPool_GELU_Scale_Max.py
MiniMax M2.5,H100,3,31_VisionAttention.py,False,False,,,,15,110493,0.038043,,,,run_20260314_023431,,/data/kernelbench-v3/references/31_VisionAttention.py
MiniMax M2.5,H100,2,73_Conv2d_BatchNorm_Scaling.py,True,False,,,,12,173015,0.064215,,,fp32,run_20260314_023431,/data/kernelbench-v3/solutions/MiniMax M2.5_H100_73_Conv2d_BatchNorm_Scaling.py.txt,/data/kernelbench-v3/references/73_Conv2d_BatchNorm_Scaling.py
MiniMax M2.5,H100,2,99_Matmul_GELU_Softmax.py,True,False,,,,12,167647,0.062299,,,fp32,run_20260314_023431,/data/kernelbench-v3/solutions/MiniMax M2.5_H100_99_Matmul_GELU_Softmax.py.txt,/data/kernelbench-v3/references/99_Matmul_GELU_Softmax.py
MiniMax M2.5,H100,3,44_MiniGPTBlock.py,True,True,1.1141195526991505,23.80515193939209,21.36678409576416,15,117876,0.039789,model,torch_compile,fp32,run_20260314_023431,/data/kernelbench-v3/solutions/MiniMax M2.5_H100_44_MiniGPTBlock.py.txt,/data/kernelbench-v3/references/44_MiniGPTBlock.py
MiniMax M2.5,H100,3,43_MinGPTCausalAttention.py,True,True,1.3162961000689661,5.2812957763671875,4.012239933013916,15,117276,0.03863,attention,torch_compile,fp32,run_20260314_023431,/data/kernelbench-v3/solutions/MiniMax M2.5_H100_43_MinGPTCausalAttention.py.txt,/data/kernelbench-v3/references/43_MinGPTCausalAttention.py
MiniMax M2.5,H100,4,1_DeepSeek_MLA.py,False,False,,,,15,202085,0.071748,,,,run_20260314_023431,,/data/kernelbench-v3/references/1_DeepSeek_MLA.py
MiniMax M2.5,H100,4,3_GroupedQueryAttention.py,False,False,,,,15,166129,0.05674,,,,run_20260314_023431,,/data/kernelbench-v3/references/3_GroupedQueryAttention.py
MiniMax M2.5,H100,4,2_DeepSeek_MoE.py,False,False,,,,3,0,,,,,run_20260314_023431,,/data/kernelbench-v3/references/2_DeepSeek_MoE.py
MiniMax M2.5,H100,4,4_FP8_Matmul.py,False,False,,,,3,0,,,,,run_20260314_023431,,/data/kernelbench-v3/references/4_FP8_Matmul.py
MiniMax M2.5,H100,4,5_MoE_GatedGEMM.py,False,False,,,,15,238858,0.08332,,,,run_20260314_023431,,/data/kernelbench-v3/references/5_MoE_GatedGEMM.py
MiniMax M2.5,H100,4,7_GatedDeltaNet.py,False,False,,,,15,137924,0.046746,,,,run_20260314_023431,,/data/kernelbench-v3/references/7_GatedDeltaNet.py
MiniMax M2.5,H100,4,6_INT4_Quantized_GEMM.py,False,False,,,,4,0,,,,,run_20260314_023431,,/data/kernelbench-v3/references/6_INT4_Quantized_GEMM.py
MiniMax M2.5,H100,4,8_KimiDeltaAttention.py,True,True,0.9889612573614869,11.155008316040039,11.279520034790039,15,135705,0.046262,attention,pytorch_eager,fp32,run_20260314_023431,/data/kernelbench-v3/solutions/MiniMax M2.5_H100_8_KimiDeltaAttention.py.txt,/data/kernelbench-v3/references/8_KimiDeltaAttention.py
MiniMax M2.5,H100,1,gemm_bf16.py,False,False,,,,10,123424,0.045166,,,,run_20260314_023431,,/data/kernelbench-v3/references/gemm_bf16.py
MiniMax M2.5,H100,1,gemm_bias_relu.py,False,False,,,,10,58498,0.019159,,,,run_20260314_023431,,/data/kernelbench-v3/references/gemm_bias_relu.py
MiniMax M2.5,H100,1,gemm_bias_silu.py,False,False,,,,10,54581,0.019305,,,,run_20260314_023431,,/data/kernelbench-v3/references/gemm_bias_silu.py
MiniMax M2.5,H100,1,gemm_bias_gelu.py,False,False,,,,10,63637,0.022837,,,,run_20260314_023431,,/data/kernelbench-v3/references/gemm_bias_gelu.py
MiniMax M2.5,H100,1,gemm_fp8.py,False,False,,,,10,68873,0.023147,,,,run_20260314_023431,,/data/kernelbench-v3/references/gemm_fp8.py
MiniMax M2.5,H100,1,gemm_mixed_fp8_fp16.py,True,False,,,,10,122384,0.043262,,,int8,run_20260314_023431,/data/kernelbench-v3/solutions/MiniMax M2.5_H100_gemm_mixed_fp8_fp16.py.txt,/data/kernelbench-v3/references/gemm_mixed_fp8_fp16.py
MiniMax M2.5,H100,1,gemm_residual_add.py,True,False,,,,10,82714,0.030348,,,fp16,run_20260314_023431,/data/kernelbench-v3/solutions/MiniMax M2.5_H100_gemm_residual_add.py.txt,/data/kernelbench-v3/references/gemm_residual_add.py
MiniMax M2.5,H100,1,gemv_bf16.py,False,False,,,,10,43819,0.01591,,,,run_20260314_023431,,/data/kernelbench-v3/references/gemv_bf16.py
MiniMax M2.5,H100,1,gemv_fp16.py,False,False,,,,10,39677,0.012542,,,,run_20260314_023431,,/data/kernelbench-v3/references/gemv_fp16.py
MiniMax M2.5,H100,1,gemm_fp4.py,False,False,,,,3,0,,,,,run_20260314_023431,,/data/kernelbench-v3/references/gemm_fp4.py
MiniMax M2.5,H100,1,gemv_fp8.py,False,False,,,,10,46395,0.017813,,,,run_20260314_023431,,/data/kernelbench-v3/references/gemv_fp8.py
MiniMax M2.5,H100,1,gemv_fp4.py,True,True,4.64973075247185,0.41438400745391846,0.08912000060081482,10,43882,0.015165,gemv,torch_compile,int8,run_20260314_023431,/data/kernelbench-v3/solutions/MiniMax M2.5_H100_gemv_fp4.py.txt,/data/kernelbench-v3/references/gemv_fp4.py
MiniMax M2.5,H100,1,moe_grouped_gemm.py,False,False,,,,3,0,,,,,run_20260314_023431,,/data/kernelbench-v3/references/moe_grouped_gemm.py
GLM-5,H100,1,26_GELU_.py,False,False,,,,10,61668,0.055622,,,,run_20260314_055031,,/data/kernelbench-v3/references/26_GELU_.py
GLM-5,H100,1,1_Square_matrix_multiplication_.py,True,True,0.7187307212763484,0.3540640026330948,0.4926239997148514,10,77296,0.069228,gemm,pytorch_eager,fp32,run_20260314_055031,/data/kernelbench-v3/solutions/GLM-5_H100_1_Square_matrix_multiplication_.py.txt,/data/kernelbench-v3/references/1_Square_matrix_multiplication_.py
GLM-5,H100,1,23_Softmax.py,True,True,0.9664654774111529,0.023056000471115112,0.023856000043451786,10,58891,0.055647,softmax,pytorch_eager,fp32,run_20260314_055031,/data/kernelbench-v3/solutions/GLM-5_H100_23_Softmax.py.txt,/data/kernelbench-v3/references/23_Softmax.py
GLM-5,H100,1,2_Standard_matrix_multiplication_.py,True,True,1.7364739324928884,0.4169760048389435,0.24012799561023712,10,116052,0.102263,gemm,pytorch_eager,fp32,run_20260314_055031,/data/kernelbench-v3/solutions/GLM-5_H100_2_Standard_matrix_multiplication_.py.txt,/data/kernelbench-v3/references/2_Standard_matrix_multiplication_.py
GLM-5,H100,1,3_Batched_matrix_multiplication.py,False,False,,,,2,0,,,,,run_20260314_055031,,/data/kernelbench-v3/references/3_Batched_matrix_multiplication.py
GLM-5,H100,1,40_LayerNorm.py,True,True,0.5381899154335263,0.697519987821579,1.2960480451583862,5,25100,0.02497,layernorm,torch_compile,fp32,run_20260314_055031,/data/kernelbench-v3/solutions/GLM-5_H100_40_LayerNorm.py.txt,/data/kernelbench-v3/references/40_LayerNorm.py
GLM-5,H100,1,36_RMSNorm_.py,True,True,0.2730486768256396,0.4522559940814972,1.656320035457611,10,71685,0.065856,layernorm,torch_compile,fp32,run_20260314_055031,/data/kernelbench-v3/solutions/GLM-5_H100_36_RMSNorm_.py.txt,/data/kernelbench-v3/references/36_RMSNorm_.py
GLM-5,H100,1,42_Max_Pooling_2D.py,True,True,2.035595696369961,0.6871519982814789,0.3375680148601532,4,20822,0.021136,reduction,torch_compile,fp32,run_20260314_055031,/data/kernelbench-v3/solutions/GLM-5_H100_42_Max_Pooling_2D.py.txt,/data/kernelbench-v3/references/42_Max_Pooling_2D.py
GLM-5,H100,1,4_Matrix_vector_multiplication_.py,True,True,0.464654859070658,0.06257599964737892,0.13467200100421906,6,29035,0.026922,gemm,pytorch_eager,fp32,run_20260314_055031,/data/kernelbench-v3/solutions/GLM-5_H100_4_Matrix_vector_multiplication_.py.txt,/data/kernelbench-v3/references/4_Matrix_vector_multiplication_.py
GLM-5,H100,1,47_Sum_reduction_over_a_dimension.py,True,True,0.5165085318070953,0.021776000037789345,0.042160000652074814,10,75897,0.071502,reduction,pytorch_eager,fp32,run_20260314_055031,/data/kernelbench-v3/solutions/GLM-5_H100_47_Sum_reduction_over_a_dimension.py.txt,/data/kernelbench-v3/references/47_Sum_reduction_over_a_dimension.py
GLM-5,H100,1,63_conv_standard_2D__square_input__square_kernel.py,True,True,0.0666834884616566,0.2621600031852722,3.9314080476760864,10,78177,0.072858,conv,pytorch_eager,fp32,run_20260314_055031,/data/kernelbench-v3/solutions/GLM-5_H100_63_conv_standard_2D__square_input__square_kernel.py.txt,/data/kernelbench-v3/references/63_conv_standard_2D__square_input__square_kernel.py
GLM-5,H100,1,8_Matmul_with_irregular_shapes_.py,True,True,1.882127485020894,6.426336050033569,3.4143999814987183,10,78904,0.072381,gemm,pytorch_eager,fp32,run_20260314_055031,/data/kernelbench-v3/solutions/GLM-5_H100_8_Matmul_with_irregular_shapes_.py.txt,/data/kernelbench-v3/references/8_Matmul_with_irregular_shapes_.py
GLM-5,H100,1,9_Tall_skinny_matrix_multiplication_.py,True,True,0.7505306138256924,0.5544319748878479,0.7387199997901917,10,61071,0.052844,gemm,torch_compile,fp32,run_20260314_055031,/data/kernelbench-v3/solutions/GLM-5_H100_9_Tall_skinny_matrix_multiplication_.py.txt,/data/kernelbench-v3/references/9_Tall_skinny_matrix_multiplication_.py
GLM-5,H100,1,82_conv_depthwise_2D_square_input_square_kernel.py,True,False,,,,10,70373,0.063868,,,fp32,run_20260314_055031,/data/kernelbench-v3/solutions/GLM-5_H100_82_conv_depthwise_2D_square_input_square_kernel.py.txt,/data/kernelbench-v3/references/82_conv_depthwise_2D_square_input_square_kernel.py
GLM-5,H100,1,95_CrossEntropyLoss.py,True,False,,,,10,54576,0.051121,,,fp32,run_20260314_055031,/data/kernelbench-v3/solutions/GLM-5_H100_95_CrossEntropyLoss.py.txt,/data/kernelbench-v3/references/95_CrossEntropyLoss.py
GLM-5,H100,2,17_Conv2d_InstanceNorm_Divide.py,False,False,,,,12,70502,0.062998,,,,run_20260314_055031,,/data/kernelbench-v3/references/17_Conv2d_InstanceNorm_Divide.py
GLM-5,H100,2,37_Matmul_Swish_Sum_GroupNorm.py,True,False,,,,12,98569,0.089671,,,fp32,run_20260314_055031,/data/kernelbench-v3/solutions/GLM-5_H100_37_Matmul_Swish_Sum_GroupNorm.py.txt,/data/kernelbench-v3/references/37_Matmul_Swish_Sum_GroupNorm.py
GLM-5,H100,2,40_Matmul_Scaling_ResidualAdd.py,True,True,2.5084483156839967,0.18052799999713898,0.07196799665689468,8,40243,0.036983,fused,torch_compile,fp32,run_20260314_055031,/data/kernelbench-v3/solutions/GLM-5_H100_40_Matmul_Scaling_ResidualAdd.py.txt,/data/kernelbench-v3/references/40_Matmul_Scaling_ResidualAdd.py
GLM-5,H100,2,46_Conv2d_Subtract_Tanh_Subtract_AvgPool.py,False,False,,,,2,0,,,,,run_20260314_055031,,/data/kernelbench-v3/references/46_Conv2d_Subtract_Tanh_Subtract_AvgPool.py
GLM-5,H100,2,55_Matmul_MaxPool_Sum_Scale.py,False,False,,,,2,14509,0.024381,,,,run_20260314_055031,,/data/kernelbench-v3/references/55_Matmul_MaxPool_Sum_Scale.py
GLM-5,H100,2,52_Conv2d_Activation_BatchNorm.py,False,False,,,,12,110897,0.096851,,,,run_20260314_055031,,/data/kernelbench-v3/references/52_Conv2d_Activation_BatchNorm.py
GLM-5,H100,2,59_Matmul_Swish_Scaling.py,True,False,,,,12,83941,0.077125,,,fp32,run_20260314_055031,/data/kernelbench-v3/solutions/GLM-5_H100_59_Matmul_Swish_Scaling.py.txt,/data/kernelbench-v3/references/59_Matmul_Swish_Scaling.py
GLM-5,H100,2,73_Conv2d_BatchNorm_Scaling.py,False,False,,,,5,22690,0.024193,,,,run_20260314_055031,,/data/kernelbench-v3/references/73_Conv2d_BatchNorm_Scaling.py
GLM-5,H100,2,66_Matmul_Dropout_Mean_Softmax.py,True,True,1.406046354017795,0.21059199422597885,0.14977599680423737,12,125358,0.116379,fused,pytorch_eager,fp32,run_20260314_055031,/data/kernelbench-v3/solutions/GLM-5_H100_66_Matmul_Dropout_Mean_Softmax.py.txt,/data/kernelbench-v3/references/66_Matmul_Dropout_Mean_Softmax.py
GLM-5,H100,2,6_Conv3d_Softmax_MaxPool_MaxPool.py,False,False,,,,12,74789,0.062785,,,,run_20260314_055031,,/data/kernelbench-v3/references/6_Conv3d_Softmax_MaxPool_MaxPool.py
GLM-5,H100,2,82_Conv2d_Tanh_Scaling_BiasAdd_Max.py,True,True,1.060793392631316,0.2691360116004944,0.253711998462677,7,44477,0.043147,fused,torch_compile,fp32,run_20260314_055031,/data/kernelbench-v3/solutions/GLM-5_H100_82_Conv2d_Tanh_Scaling_BiasAdd_Max.py.txt,/data/kernelbench-v3/references/82_Conv2d_Tanh_Scaling_BiasAdd_Max.py
GLM-5,H100,2,86_Matmul_Divide_GELU.py,True,False,,,,12,85066,0.072236,,,fp32,run_20260314_055031,/data/kernelbench-v3/solutions/GLM-5_H100_86_Matmul_Divide_GELU.py.txt,/data/kernelbench-v3/references/86_Matmul_Divide_GELU.py
GLM-5,H100,2,85_Conv2d_GroupNorm_Scale_MaxPool_Clamp.py,True,True,1.0540911759203446,0.3071199953556061,0.2913599908351898,4,27761,0.031596,fused,torch_compile,fp32,run_20260314_055031,/data/kernelbench-v3/solutions/GLM-5_H100_85_Conv2d_GroupNorm_Scale_MaxPool_Clamp.py.txt,/data/kernelbench-v3/references/85_Conv2d_GroupNorm_Scale_MaxPool_Clamp.py
GLM-5,H100,2,98_Matmul_AvgPool_GELU_Scale_Max.py,True,False,,,,12,102572,0.090809,,,fp32,run_20260314_055031,/data/kernelbench-v3/solutions/GLM-5_H100_98_Matmul_AvgPool_GELU_Scale_Max.py.txt,/data/kernelbench-v3/references/98_Matmul_AvgPool_GELU_Scale_Max.py
GLM-5,H100,2,99_Matmul_GELU_Softmax.py,True,True,1.8943855174079167,0.17707200348377228,0.09347200021147728,12,93800,0.085202,fused,torch_compile,fp32,run_20260314_055031,/data/kernelbench-v3/solutions/GLM-5_H100_99_Matmul_GELU_Softmax.py.txt,/data/kernelbench-v3/references/99_Matmul_GELU_Softmax.py
GLM-5,H100,3,43_MinGPTCausalAttention.py,True,True,1.3169451056686676,5.284847974777222,4.012959957122803,7,62756,0.058863,attention,torch_compile,fp32,run_20260314_055031,/data/kernelbench-v3/solutions/GLM-5_H100_43_MinGPTCausalAttention.py.txt,/data/kernelbench-v3/references/43_MinGPTCausalAttention.py
GLM-5,H100,3,31_VisionAttention.py,True,False,,,,15,172293,0.156321,,,fp32,run_20260314_055031,/data/kernelbench-v3/solutions/GLM-5_H100_31_VisionAttention.py.txt,/data/kernelbench-v3/references/31_VisionAttention.py
GLM-5,H100,3,44_MiniGPTBlock.py,True,False,,,,15,157551,0.136013,,,fp32,run_20260314_055031,/data/kernelbench-v3/solutions/GLM-5_H100_44_MiniGPTBlock.py.txt,/data/kernelbench-v3/references/44_MiniGPTBlock.py
GLM-5,H100,4,2_DeepSeek_MoE.py,False,False,,,,15,174014,0.147202,,,,run_20260314_055031,,/data/kernelbench-v3/references/2_DeepSeek_MoE.py
GLM-5,H100,4,1_DeepSeek_MLA.py,False,False,,,,15,214978,0.183783,,,,run_20260314_055031,,/data/kernelbench-v3/references/1_DeepSeek_MLA.py
GLM-5,H100,4,3_GroupedQueryAttention.py,True,True,1.027188031413752,21.41846466064453,20.85155200958252,15,213119,0.186737,attention,torch_compile,fp32,run_20260314_055031,/data/kernelbench-v3/solutions/GLM-5_H100_3_GroupedQueryAttention.py.txt,/data/kernelbench-v3/references/3_GroupedQueryAttention.py
GLM-5,H100,4,4_FP8_Matmul.py,True,True,0.6658667665690702,0.7636159956455231,1.1467999815940857,15,190048,0.169277,gemm,torch_compile,fp16,run_20260314_055031,/data/kernelbench-v3/solutions/GLM-5_H100_4_FP8_Matmul.py.txt,/data/kernelbench-v3/references/4_FP8_Matmul.py
GLM-5,H100,4,6_INT4_Quantized_GEMM.py,True,True,0.06107078997262243,1.1147519946098328,18.253439903259277,15,217769,0.188896,gemm,torch_compile,fp16,run_20260314_055031,/data/kernelbench-v3/solutions/GLM-5_H100_6_INT4_Quantized_GEMM.py.txt,/data/kernelbench-v3/references/6_INT4_Quantized_GEMM.py
GLM-5,H100,1,gemm_bf16.py,True,True,0.6461831250700769,0.059727998450398445,0.09243199974298477,8,44620,0.039895,gemm,pytorch_eager,bf16,run_20260314_055031,/data/kernelbench-v3/solutions/GLM-5_H100_gemm_bf16.py.txt,/data/kernelbench-v3/references/gemm_bf16.py
GLM-5,H100,4,7_GatedDeltaNet.py,True,False,,,,15,177906,0.156148,,,fp32,run_20260314_055031,/data/kernelbench-v3/solutions/GLM-5_H100_7_GatedDeltaNet.py.txt,/data/kernelbench-v3/references/7_GatedDeltaNet.py
GLM-5,H100,4,5_MoE_GatedGEMM.py,True,False,,,,15,229807,0.210168,,,fp32,run_20260314_055031,/data/kernelbench-v3/solutions/GLM-5_H100_5_MoE_GatedGEMM.py.txt,/data/kernelbench-v3/references/5_MoE_GatedGEMM.py
GLM-5,H100,1,gemm_bias_gelu.py,True,True,0.9706359921907761,0.143327996134758,0.14766400307416916,10,65610,0.056914,gemm_epilogue,torch_compile,fp16,run_20260314_055031,/data/kernelbench-v3/solutions/GLM-5_H100_gemm_bias_gelu.py.txt,/data/kernelbench-v3/references/gemm_bias_gelu.py
GLM-5,H100,4,8_KimiDeltaAttention.py,True,True,1.005450611745279,11.244991779327393,11.184031963348389,15,146540,0.1261,attention,pytorch_eager,fp32,run_20260314_055031,/data/kernelbench-v3/solutions/GLM-5_H100_8_KimiDeltaAttention.py.txt,/data/kernelbench-v3/references/8_KimiDeltaAttention.py
GLM-5,H100,1,gemm_bias_relu.py,True,True,1.7538047590248762,0.15671999752521515,0.08936000242829323,10,69965,0.062648,gemm_epilogue,torch_compile,fp16,run_20260314_055031,/data/kernelbench-v3/solutions/GLM-5_H100_gemm_bias_relu.py.txt,/data/kernelbench-v3/references/gemm_bias_relu.py
GLM-5,H100,1,gemm_fp4.py,True,True,2.1754956624629997,0.4389280080795288,0.20176000148057938,4,17623,0.017334,gemm,torch_compile,int8,run_20260314_055031,/data/kernelbench-v3/solutions/GLM-5_H100_gemm_fp4.py.txt,/data/kernelbench-v3/references/gemm_fp4.py
GLM-5,H100,1,gemm_bias_silu.py,True,True,0.3348258206975399,0.1411839947104454,0.4216639995574951,8,60612,0.055965,gemm_epilogue,torch_compile,fp16,run_20260314_055031,/data/kernelbench-v3/solutions/GLM-5_H100_gemm_bias_silu.py.txt,/data/kernelbench-v3/references/gemm_bias_silu.py
GLM-5,H100,1,gemm_residual_add.py,False,False,,,,10,69914,0.059861,,,,run_20260314_055031,,/data/kernelbench-v3/references/gemm_residual_add.py
GLM-5,H100,1,gemm_mixed_fp8_fp16.py,True,True,0.19280361664308857,0.10167999938130379,0.5273759961128235,10,97950,0.08166,gemm,torch_compile,int8,run_20260314_055031,/data/kernelbench-v3/solutions/GLM-5_H100_gemm_mixed_fp8_fp16.py.txt,/data/kernelbench-v3/references/gemm_mixed_fp8_fp16.py
GLM-5,H100,1,gemm_fp8.py,False,False,,,,10,94278,0.077946,,,,run_20260314_055031,,/data/kernelbench-v3/references/gemm_fp8.py
GLM-5,H100,1,gemv_bf16.py,True,True,0.7494119309798496,0.06627199798822403,0.08843200281262398,4,16485,0.016182,gemv,pytorch_eager,bf16,run_20260314_055031,/data/kernelbench-v3/solutions/GLM-5_H100_gemv_bf16.py.txt,/data/kernelbench-v3/references/gemv_bf16.py
GLM-5,H100,1,gemv_fp4.py,True,True,2.9177940212872655,0.40718400478363037,0.13955200463533401,5,23916,0.023659,gemv,torch_compile,int8,run_20260314_055031,/data/kernelbench-v3/solutions/GLM-5_H100_gemv_fp4.py.txt,/data/kernelbench-v3/references/gemv_fp4.py
GLM-5,H100,1,gemv_fp8.py,True,True,0.2196969668904964,0.3888320028781891,1.769856035709381,6,46087,0.045559,gemv,torch_compile,int8,run_20260314_055031,/data/kernelbench-v3/solutions/GLM-5_H100_gemv_fp8.py.txt,/data/kernelbench-v3/references/gemv_fp8.py
GLM-5,H100,1,gemv_fp16.py,True,True,0.7737925688162371,0.06075200065970421,0.07851199805736542,10,75912,0.071297,gemv,pytorch_eager,fp16,run_20260314_055031,/data/kernelbench-v3/solutions/GLM-5_H100_gemv_fp16.py.txt,/data/kernelbench-v3/references/gemv_fp16.py
GLM-5,H100,1,moe_grouped_gemm.py,True,True,0.8791710066489231,1.75244802236557,1.993295967578888,10,84250,0.078541,moe_grouped_gemm,pytorch_eager,fp32,run_20260314_055031,/data/kernelbench-v3/solutions/GLM-5_H100_moe_grouped_gemm.py.txt,/data/kernelbench-v3/references/moe_grouped_gemm.py
Kimi K2.5,H100,1,1_Square_matrix_multiplication_.py,True,True,1.42552648731927,0.35847999155521393,0.25147199630737305,2,16625,0.027573,gemm,pytorch_eager,fp32,run_20260315_065251,/data/kernelbench-v3/solutions/Kimi K2.5_H100_1_Square_matrix_multiplication_.py.txt,/data/kernelbench-v3/references/1_Square_matrix_multiplication_.py
Kimi K2.5,H100,1,26_GELU_.py,False,False,,,,1,9523,0.018168,,,,run_20260315_065251,,/data/kernelbench-v3/references/26_GELU_.py
Kimi K2.5,H100,1,23_Softmax.py,True,True,0.7935294173639202,0.021584000438451767,0.0272000003606081,1,9138,0.017319,softmax,pytorch_eager,fp32,run_20260315_065251,/data/kernelbench-v3/solutions/Kimi K2.5_H100_23_Softmax.py.txt,/data/kernelbench-v3/references/23_Softmax.py
Kimi K2.5,H100,1,3_Batched_matrix_multiplication.py,True,True,0.648861409932135,0.11078400164842606,0.17073599994182587,1,8883,0.016622,gemm,pytorch_eager,fp32,run_20260315_065251,/data/kernelbench-v3/solutions/Kimi K2.5_H100_3_Batched_matrix_multiplication.py.txt,/data/kernelbench-v3/references/3_Batched_matrix_multiplication.py
Kimi K2.5,H100,1,2_Standard_matrix_multiplication_.py,False,False,,,,3,29488,0.046287,,,,run_20260315_065251,,/data/kernelbench-v3/references/2_Standard_matrix_multiplication_.py
Kimi K2.5,H100,1,47_Sum_reduction_over_a_dimension.py,False,False,,,,1,0,0.0,,,,run_20260315_065251,,/data/kernelbench-v3/references/47_Sum_reduction_over_a_dimension.py
Kimi K2.5,H100,1,4_Matrix_vector_multiplication_.py,True,True,1.8053657876092917,0.23256000131368637,0.12881600111722946,3,20716,0.029115,gemm,torch_compile,fp32,run_20260315_065251,/data/kernelbench-v3/solutions/Kimi K2.5_H100_4_Matrix_vector_multiplication_.py.txt,/data/kernelbench-v3/references/4_Matrix_vector_multiplication_.py
Kimi K2.5,H100,1,36_RMSNorm_.py,True,True,0.8829233715403125,0.461776003241539,0.5230080187320709,10,120209,0.112443,layernorm,torch_compile,fp32,run_20260315_065251,/data/kernelbench-v3/solutions/Kimi K2.5_H100_36_RMSNorm_.py.txt,/data/kernelbench-v3/references/36_RMSNorm_.py
Kimi K2.5,H100,1,42_Max_Pooling_2D.py,True,True,0.7296981797356816,0.4200959950685501,0.5757119953632355,10,123491,0.146245,reduction,pytorch_eager,fp32,run_20260315_065251,/data/kernelbench-v3/solutions/Kimi K2.5_H100_42_Max_Pooling_2D.py.txt,/data/kernelbench-v3/references/42_Max_Pooling_2D.py
Kimi K2.5,H100,1,40_LayerNorm.py,True,True,0.13070453762114212,0.7166080176830292,5.482656002044678,10,155787,0.141735,layernorm,torch_compile,fp32,run_20260315_065251,/data/kernelbench-v3/solutions/Kimi K2.5_H100_40_LayerNorm.py.txt,/data/kernelbench-v3/references/40_LayerNorm.py
Kimi K2.5,H100,1,8_Matmul_with_irregular_shapes_.py,False,False,,,,1,7865,0.014412,,,,run_20260315_065251,,/data/kernelbench-v3/references/8_Matmul_with_irregular_shapes_.py
Kimi K2.5,H100,1,9_Tall_skinny_matrix_multiplication_.py,True,True,0.8938762078973694,0.4941919893026352,0.5528640151023865,1,10927,0.021084,gemm,pytorch_eager,fp32,run_20260315_065251,/data/kernelbench-v3/solutions/Kimi K2.5_H100_9_Tall_skinny_matrix_multiplication_.py.txt,/data/kernelbench-v3/references/9_Tall_skinny_matrix_multiplication_.py
Kimi K2.5,H100,1,95_CrossEntropyLoss.py,True,False,,,,2,20604,0.036579,,,fp32,run_20260315_065251,/data/kernelbench-v3/solutions/Kimi K2.5_H100_95_CrossEntropyLoss.py.txt,/data/kernelbench-v3/references/95_CrossEntropyLoss.py
Kimi K2.5,H100,1,82_conv_depthwise_2D_square_input_square_kernel.py,False,False,,,,10,128919,0.140873,,,,run_20260315_065251,,/data/kernelbench-v3/references/82_conv_depthwise_2D_square_input_square_kernel.py
Kimi K2.5,H100,1,63_conv_standard_2D__square_input__square_kernel.py,False,False,,,,10,118517,0.125844,,,,run_20260315_065251,,/data/kernelbench-v3/references/63_conv_standard_2D__square_input__square_kernel.py
Kimi K2.5,H100,2,40_Matmul_Scaling_ResidualAdd.py,False,False,,,,3,34872,0.052255,,,,run_20260315_065251,,/data/kernelbench-v3/references/40_Matmul_Scaling_ResidualAdd.py
Kimi K2.5,H100,2,17_Conv2d_InstanceNorm_Divide.py,True,True,0.6496709464721773,0.2621760070323944,0.40355199575424194,12,120238,0.127469,fused,torch_compile,fp32,run_20260315_065251,/data/kernelbench-v3/solutions/Kimi K2.5_H100_17_Conv2d_InstanceNorm_Divide.py.txt,/data/kernelbench-v3/references/17_Conv2d_InstanceNorm_Divide.py
Kimi K2.5,H100,2,37_Matmul_Swish_Sum_GroupNorm.py,True,False,,,,12,213905,0.205375,,,fp32,run_20260315_065251,/data/kernelbench-v3/solutions/Kimi K2.5_H100_37_Matmul_Swish_Sum_GroupNorm.py.txt,/data/kernelbench-v3/references/37_Matmul_Swish_Sum_GroupNorm.py
Kimi K2.5,H100,2,55_Matmul_MaxPool_Sum_Scale.py,True,True,1.2177603032676487,0.2571520060300827,0.21116799861192703,11,155202,0.163361,fused,torch_compile,fp32,run_20260315_065251,/data/kernelbench-v3/solutions/Kimi K2.5_H100_55_Matmul_MaxPool_Sum_Scale.py.txt,/data/kernelbench-v3/references/55_Matmul_MaxPool_Sum_Scale.py
Kimi K2.5,H100,2,46_Conv2d_Subtract_Tanh_Subtract_AvgPool.py,True,True,0.6370761305852807,0.2588160037994385,0.4062560051679611,12,164353,0.150502,fused,torch_compile,fp32,run_20260315_065251,/data/kernelbench-v3/solutions/Kimi K2.5_H100_46_Conv2d_Subtract_Tanh_Subtract_AvgPool.py.txt,/data/kernelbench-v3/references/46_Conv2d_Subtract_Tanh_Subtract_AvgPool.py
Kimi K2.5,H100,2,59_Matmul_Swish_Scaling.py,False,False,,,,12,126225,0.117218,,,,run_20260315_065251,,/data/kernelbench-v3/references/59_Matmul_Swish_Scaling.py
Kimi K2.5,H100,2,52_Conv2d_Activation_BatchNorm.py,False,False,,,,12,193925,0.171026,,,,run_20260315_065251,,/data/kernelbench-v3/references/52_Conv2d_Activation_BatchNorm.py
Kimi K2.5,H100,2,66_Matmul_Dropout_Mean_Softmax.py,True,True,1.737942123991925,0.2075520008802414,0.1194240003824234,6,42171,0.061621,fused,pytorch_eager,fp32,run_20260315_065251,/data/kernelbench-v3/solutions/Kimi K2.5_H100_66_Matmul_Dropout_Mean_Softmax.py.txt,/data/kernelbench-v3/references/66_Matmul_Dropout_Mean_Softmax.py
Kimi K2.5,H100,2,73_Conv2d_BatchNorm_Scaling.py,False,False,,,,10,119662,0.109015,,,,run_20260315_065251,,/data/kernelbench-v3/references/73_Conv2d_BatchNorm_Scaling.py
Kimi K2.5,H100,2,6_Conv3d_Softmax_MaxPool_MaxPool.py,True,False,,,,6,92542,0.14537,,,fp32,run_20260315_065251,/data/kernelbench-v3/solutions/Kimi K2.5_H100_6_Conv3d_Softmax_MaxPool_MaxPool.py.txt,/data/kernelbench-v3/references/6_Conv3d_Softmax_MaxPool_MaxPool.py
Kimi K2.5,H100,2,82_Conv2d_Tanh_Scaling_BiasAdd_Max.py,False,False,,,,6,119952,0.144054,,,,run_20260315_065251,,/data/kernelbench-v3/references/82_Conv2d_Tanh_Scaling_BiasAdd_Max.py
Kimi K2.5,H100,2,86_Matmul_Divide_GELU.py,False,False,,,,12,128702,0.111898,,,,run_20260315_065251,,/data/kernelbench-v3/references/86_Matmul_Divide_GELU.py
Kimi K2.5,H100,2,98_Matmul_AvgPool_GELU_Scale_Max.py,False,False,,,,3,26979,0.047174,,,,run_20260315_065251,,/data/kernelbench-v3/references/98_Matmul_AvgPool_GELU_Scale_Max.py
Kimi K2.5,H100,2,85_Conv2d_GroupNorm_Scale_MaxPool_Clamp.py,True,True,0.5852688501563401,0.3084319978952408,0.526991993188858,12,262376,0.181627,fused,torch_compile,fp32,run_20260315_065251,/data/kernelbench-v3/solutions/Kimi K2.5_H100_85_Conv2d_GroupNorm_Scale_MaxPool_Clamp.py.txt,/data/kernelbench-v3/references/85_Conv2d_GroupNorm_Scale_MaxPool_Clamp.py
Kimi K2.5,H100,3,43_MinGPTCausalAttention.py,True,True,0.8142362954602163,5.331072092056274,6.547327995300293,11,198879,0.181491,attention,torch_compile,fp32,run_20260315_065251,/data/kernelbench-v3/solutions/Kimi K2.5_H100_43_MinGPTCausalAttention.py.txt,/data/kernelbench-v3/references/43_MinGPTCausalAttention.py
Kimi K2.5,H100,2,99_Matmul_GELU_Softmax.py,True,True,0.8912447919150621,0.18225599825382233,0.20449600368738174,12,182654,0.192744,fused,torch_compile,fp32,run_20260315_065251,/data/kernelbench-v3/solutions/Kimi K2.5_H100_99_Matmul_GELU_Softmax.py.txt,/data/kernelbench-v3/references/99_Matmul_GELU_Softmax.py
Kimi K2.5,H100,3,31_VisionAttention.py,True,True,0.6608275192660075,14.323008060455322,21.674351692199707,15,303800,0.245634,attention,torch_compile,fp32,run_20260315_065251,/data/kernelbench-v3/solutions/Kimi K2.5_H100_31_VisionAttention.py.txt,/data/kernelbench-v3/references/31_VisionAttention.py
Kimi K2.5,H100,3,44_MiniGPTBlock.py,True,True,0.9321076154749998,23.612224578857422,25.332079887390137,15,459563,0.33256,model,torch_compile,fp32,run_20260315_065251,/data/kernelbench-v3/solutions/Kimi K2.5_H100_44_MiniGPTBlock.py.txt,/data/kernelbench-v3/references/44_MiniGPTBlock.py
Kimi K2.5,H100,4,3_GroupedQueryAttention.py,False,False,,,,10,200868,0.2156,,,,run_20260315_065251,,/data/kernelbench-v3/references/3_GroupedQueryAttention.py
Kimi K2.5,H100,4,1_DeepSeek_MLA.py,False,False,,,,14,357190,0.292588,,,,run_20260315_065251,,/data/kernelbench-v3/references/1_DeepSeek_MLA.py
Kimi K2.5,H100,4,2_DeepSeek_MoE.py,False,False,,,,15,337560,0.255553,,,,run_20260315_065251,,/data/kernelbench-v3/references/2_DeepSeek_MoE.py
Kimi K2.5,H100,4,4_FP8_Matmul.py,False,False,,,,7,130584,0.136804,,,,run_20260315_065251,,/data/kernelbench-v3/references/4_FP8_Matmul.py
Kimi K2.5,H100,4,6_INT4_Quantized_GEMM.py,True,True,0.008485343518010184,1.1174079775810242,131.68682861328125,6,84813,0.138346,gemm,torch_compile,fp16,run_20260315_065251,/data/kernelbench-v3/solutions/Kimi K2.5_H100_6_INT4_Quantized_GEMM.py.txt,/data/kernelbench-v3/references/6_INT4_Quantized_GEMM.py
Kimi K2.5,H100,4,7_GatedDeltaNet.py,True,True,1.0013214482700765,11.08135986328125,11.066735744476318,14,309451,0.249888,model,pytorch_eager,fp32,run_20260315_065251,/data/kernelbench-v3/solutions/Kimi K2.5_H100_7_GatedDeltaNet.py.txt,/data/kernelbench-v3/references/7_GatedDeltaNet.py
Kimi K2.5,H100,1,gemm_bf16.py,True,True,0.5685383898021333,0.044064000248909,0.077504001557827,1,9755,0.018726,gemm,pytorch_eager,bf16,run_20260315_065251,/data/kernelbench-v3/solutions/Kimi K2.5_H100_gemm_bf16.py.txt,/data/kernelbench-v3/references/gemm_bf16.py
Kimi K2.5,H100,1,gemm_bias_gelu.py,False,False,,,,1,12846,0.025447,,,,run_20260315_065251,,/data/kernelbench-v3/references/gemm_bias_gelu.py
Kimi K2.5,H100,4,5_MoE_GatedGEMM.py,True,True,5.6956071281963405,120.60935974121094,21.175856590270996,15,414050,0.317711,fused,pytorch_eager,fp32,run_20260315_065251,/data/kernelbench-v3/solutions/Kimi K2.5_H100_5_MoE_GatedGEMM.py.txt,/data/kernelbench-v3/references/5_MoE_GatedGEMM.py
Kimi K2.5,H100,1,gemm_bias_relu.py,True,True,1.6486000328258041,0.1610880047082901,0.09771199896931648,1,15788,0.031927,gemm_epilogue,torch_compile,fp16,run_20260315_065251,/data/kernelbench-v3/solutions/Kimi K2.5_H100_gemm_bias_relu.py.txt,/data/kernelbench-v3/references/gemm_bias_relu.py
Kimi K2.5,H100,1,gemm_bias_silu.py,True,True,0.9935897288038638,0.10912000015377998,0.10982400178909302,1,11807,0.023158,gemm_epilogue,pytorch_eager,fp16,run_20260315_065251,/data/kernelbench-v3/solutions/Kimi K2.5_H100_gemm_bias_silu.py.txt,/data/kernelbench-v3/references/gemm_bias_silu.py
Kimi K2.5,H100,1,gemm_fp4.py,True,True,2.7738368693182256,0.4254399985074997,0.1533759981393814,1,11635,0.022634,gemm,pytorch_eager,int8,run_20260315_065251,/data/kernelbench-v3/solutions/Kimi K2.5_H100_gemm_fp4.py.txt,/data/kernelbench-v3/references/gemm_fp4.py
Kimi K2.5,H100,1,gemm_fp8.py,False,False,,,,2,18164,0.033965,,,,run_20260315_065251,,/data/kernelbench-v3/references/gemm_fp8.py
Kimi K2.5,H100,1,gemm_residual_add.py,True,True,0.32217871116200214,0.15265600383281708,0.47382399439811707,2,18075,0.030977,gemm_epilogue,torch_compile,fp16,run_20260315_065251,/data/kernelbench-v3/solutions/Kimi K2.5_H100_gemm_residual_add.py.txt,/data/kernelbench-v3/references/gemm_residual_add.py
Kimi K2.5,H100,1,gemv_bf16.py,True,True,0.693642626865588,0.06267200037837029,0.09035200253129005,1,13766,0.027548,gemv,pytorch_eager,bf16,run_20260315_065251,/data/kernelbench-v3/solutions/Kimi K2.5_H100_gemv_bf16.py.txt,/data/kernelbench-v3/references/gemv_bf16.py
Kimi K2.5,H100,1,gemm_mixed_fp8_fp16.py,True,False,,,,1,14697,0.029479,,,int8,run_20260315_065251,/data/kernelbench-v3/solutions/Kimi K2.5_H100_gemm_mixed_fp8_fp16.py.txt,/data/kernelbench-v3/references/gemm_mixed_fp8_fp16.py
Kimi K2.5,H100,1,gemv_fp16.py,True,False,,,,1,6796,0.012172,,,fp16,run_20260315_065251,/data/kernelbench-v3/solutions/Kimi K2.5_H100_gemv_fp16.py.txt,/data/kernelbench-v3/references/gemv_fp16.py
Kimi K2.5,H100,1,gemv_fp4.py,True,True,3.973331191049677,0.3837919980287552,0.0965919978916645,1,12727,0.025117,gemv,torch_compile,int8,run_20260315_065251,/data/kernelbench-v3/solutions/Kimi K2.5_H100_gemv_fp4.py.txt,/data/kernelbench-v3/references/gemv_fp4.py
Kimi K2.5,H100,4,8_KimiDeltaAttention.py,False,False,,,,15,375796,0.324036,,,,run_20260315_065251,,/data/kernelbench-v3/references/8_KimiDeltaAttention.py
Kimi K2.5,H100,1,gemv_fp8.py,True,False,,,,1,12837,0.025378,,,int8,run_20260315_065251,/data/kernelbench-v3/solutions/Kimi K2.5_H100_gemv_fp8.py.txt,/data/kernelbench-v3/references/gemv_fp8.py
Kimi K2.5,H100,1,moe_grouped_gemm.py,True,False,,,,1,10303,0.019125,,,fp32,run_20260315_065251,/data/kernelbench-v3/solutions/Kimi K2.5_H100_moe_grouped_gemm.py.txt,/data/kernelbench-v3/references/moe_grouped_gemm.py
Qwen3.5 397B A17B,H100,1,23_Softmax.py,True,True,0.42417758520868437,0.02537599951028824,0.05982399918138981,4,17986,0.011728,softmax,pytorch_eager,fp32,run_20260315_105800,/data/kernelbench-v3/solutions/Qwen3.5 397B A17B_H100_23_Softmax.py.txt,/data/kernelbench-v3/references/23_Softmax.py
Qwen3.5 397B A17B,H100,1,2_Standard_matrix_multiplication_.py,True,True,0.9823220784950133,0.4134240001440048,0.420864000916481,10,64036,0.036099,gemm,pytorch_eager,fp32,run_20260315_105800,/data/kernelbench-v3/solutions/Qwen3.5 397B A17B_H100_2_Standard_matrix_multiplication_.py.txt,/data/kernelbench-v3/references/2_Standard_matrix_multiplication_.py
Qwen3.5 397B A17B,H100,1,1_Square_matrix_multiplication_.py,True,True,0.6416157033298999,0.36267200112342834,0.5652480125427246,10,67576,0.039046,gemm,pytorch_eager,fp32,run_20260315_105800,/data/kernelbench-v3/solutions/Qwen3.5 397B A17B_H100_1_Square_matrix_multiplication_.py.txt,/data/kernelbench-v3/references/1_Square_matrix_multiplication_.py
Qwen3.5 397B A17B,H100,1,36_RMSNorm_.py,True,False,,,,10,65913,0.036817,,,fp32,run_20260315_105800,/data/kernelbench-v3/solutions/Qwen3.5 397B A17B_H100_36_RMSNorm_.py.txt,/data/kernelbench-v3/references/36_RMSNorm_.py
Qwen3.5 397B A17B,H100,1,26_GELU_.py,True,True,0.9236016105654926,0.021663999184966087,0.023455999791622162,10,75657,0.041846,elementwise,pytorch_eager,fp32,run_20260315_105800,/data/kernelbench-v3/solutions/Qwen3.5 397B A17B_H100_26_GELU_.py.txt,/data/kernelbench-v3/references/26_GELU_.py
Qwen3.5 397B A17B,H100,1,40_LayerNorm.py,True,True,0.11895927345640436,0.729423999786377,6.131711959838867,9,57488,0.032764,layernorm,torch_compile,fp32,run_20260315_105800,/data/kernelbench-v3/solutions/Qwen3.5 397B A17B_H100_40_LayerNorm.py.txt,/data/kernelbench-v3/references/40_LayerNorm.py
Qwen3.5 397B A17B,H100,1,3_Batched_matrix_multiplication.py,True,True,0.7863058697820257,0.10785600170493126,0.13716799765825272,10,86716,0.048939,gemm,pytorch_eager,fp32,run_20260315_105800,/data/kernelbench-v3/solutions/Qwen3.5 397B A17B_H100_3_Batched_matrix_multiplication.py.txt,/data/kernelbench-v3/references/3_Batched_matrix_multiplication.py
Qwen3.5 397B A17B,H100,1,63_conv_standard_2D__square_input__square_kernel.py,False,False,,,,2,7616,0.004018,,,,run_20260315_105800,,/data/kernelbench-v3/references/63_conv_standard_2D__square_input__square_kernel.py
Qwen3.5 397B A17B,H100,1,4_Matrix_vector_multiplication_.py,True,True,0.6797772281580665,0.06249599903821945,0.09193599969148636,4,20570,0.014389,gemm,pytorch_eager,fp32,run_20260315_105800,/data/kernelbench-v3/solutions/Qwen3.5 397B A17B_H100_4_Matrix_vector_multiplication_.py.txt,/data/kernelbench-v3/references/4_Matrix_vector_multiplication_.py
Qwen3.5 397B A17B,H100,1,42_Max_Pooling_2D.py,True,False,,,,5,23925,0.017408,,,fp32,run_20260315_105800,/data/kernelbench-v3/solutions/Qwen3.5 397B A17B_H100_42_Max_Pooling_2D.py.txt,/data/kernelbench-v3/references/42_Max_Pooling_2D.py
Qwen3.5 397B A17B,H100,1,47_Sum_reduction_over_a_dimension.py,True,True,0.3754743869170384,0.02532800007611513,0.06745599955320358,4,25130,0.026401,reduction,pytorch_eager,fp32,run_20260315_105800,/data/kernelbench-v3/solutions/Qwen3.5 397B A17B_H100_47_Sum_reduction_over_a_dimension.py.txt,/data/kernelbench-v3/references/47_Sum_reduction_over_a_dimension.py
Qwen3.5 397B A17B,H100,1,8_Matmul_with_irregular_shapes_.py,True,False,,,,10,71423,0.043792,,,fp32,run_20260315_105800,/data/kernelbench-v3/solutions/Qwen3.5 397B A17B_H100_8_Matmul_with_irregular_shapes_.py.txt,/data/kernelbench-v3/references/8_Matmul_with_irregular_shapes_.py
Qwen3.5 397B A17B,H100,1,82_conv_depthwise_2D_square_input_square_kernel.py,True,False,,,,10,106541,0.061344,,,fp32,run_20260315_105800,/data/kernelbench-v3/solutions/Qwen3.5 397B A17B_H100_82_conv_depthwise_2D_square_input_square_kernel.py.txt,/data/kernelbench-v3/references/82_conv_depthwise_2D_square_input_square_kernel.py
Qwen3.5 397B A17B,H100,1,95_CrossEntropyLoss.py,True,True,1.0867789158364176,0.034063998609781265,0.03134400025010109,9,69691,0.039258,reduction,pytorch_eager,fp32,run_20260315_105800,/data/kernelbench-v3/solutions/Qwen3.5 397B A17B_H100_95_CrossEntropyLoss.py.txt,/data/kernelbench-v3/references/95_CrossEntropyLoss.py
Qwen3.5 397B A17B,H100,1,9_Tall_skinny_matrix_multiplication_.py,True,False,,,,10,60693,0.037915,,,fp32,run_20260315_105800,/data/kernelbench-v3/solutions/Qwen3.5 397B A17B_H100_9_Tall_skinny_matrix_multiplication_.py.txt,/data/kernelbench-v3/references/9_Tall_skinny_matrix_multiplication_.py
Qwen3.5 397B A17B,H100,2,37_Matmul_Swish_Sum_GroupNorm.py,False,False,,,,2,15020,0.022415,,,,run_20260315_105800,,/data/kernelbench-v3/references/37_Matmul_Swish_Sum_GroupNorm.py
Qwen3.5 397B A17B,H100,2,17_Conv2d_InstanceNorm_Divide.py,False,False,,,,9,0,,,,,run_20260315_105800,,/data/kernelbench-v3/references/17_Conv2d_InstanceNorm_Divide.py
Qwen3.5 397B A17B,H100,2,40_Matmul_Scaling_ResidualAdd.py,True,True,0.2101265889664424,0.18193600326776505,0.8658399879932404,9,75866,0.047967,fused,torch_compile,fp32,run_20260315_105800,/data/kernelbench-v3/solutions/Qwen3.5 397B A17B_H100_40_Matmul_Scaling_ResidualAdd.py.txt,/data/kernelbench-v3/references/40_Matmul_Scaling_ResidualAdd.py
Qwen3.5 397B A17B,H100,2,46_Conv2d_Subtract_Tanh_Subtract_AvgPool.py,False,False,,,,12,103724,0.057439,,,,run_20260315_105800,,/data/kernelbench-v3/references/46_Conv2d_Subtract_Tanh_Subtract_AvgPool.py
Qwen3.5 397B A17B,H100,2,59_Matmul_Swish_Scaling.py,False,False,,,,12,104887,0.05515,,,,run_20260315_105800,,/data/kernelbench-v3/references/59_Matmul_Swish_Scaling.py
Qwen3.5 397B A17B,H100,2,55_Matmul_MaxPool_Sum_Scale.py,True,True,0.0608479285830717,0.2656639963388443,4.366031885147095,12,91408,0.057616,fused,torch_compile,fp32,run_20260315_105800,/data/kernelbench-v3/solutions/Qwen3.5 397B A17B_H100_55_Matmul_MaxPool_Sum_Scale.py.txt,/data/kernelbench-v3/references/55_Matmul_MaxPool_Sum_Scale.py
Qwen3.5 397B A17B,H100,2,66_Matmul_Dropout_Mean_Softmax.py,True,False,,,,12,109461,0.062991,,,fp32,run_20260315_105800,/data/kernelbench-v3/solutions/Qwen3.5 397B A17B_H100_66_Matmul_Dropout_Mean_Softmax.py.txt,/data/kernelbench-v3/references/66_Matmul_Dropout_Mean_Softmax.py
Qwen3.5 397B A17B,H100,2,52_Conv2d_Activation_BatchNorm.py,True,True,0.5986753013331735,0.22705599665641785,0.3792640119791031,12,139229,0.078513,fused,torch_compile,fp32,run_20260315_105800,/data/kernelbench-v3/solutions/Qwen3.5 397B A17B_H100_52_Conv2d_Activation_BatchNorm.py.txt,/data/kernelbench-v3/references/52_Conv2d_Activation_BatchNorm.py
Qwen3.5 397B A17B,H100,2,6_Conv3d_Softmax_MaxPool_MaxPool.py,False,False,,,,1,11327,0.020479,,,,run_20260315_105800,,/data/kernelbench-v3/references/6_Conv3d_Softmax_MaxPool_MaxPool.py
Qwen3.5 397B A17B,H100,2,73_Conv2d_BatchNorm_Scaling.py,False,False,,,,2,14823,0.022407,,,,run_20260315_105800,,/data/kernelbench-v3/references/73_Conv2d_BatchNorm_Scaling.py
Qwen3.5 397B A17B,H100,2,82_Conv2d_Tanh_Scaling_BiasAdd_Max.py,False,False,,,,12,115105,0.060778,,,,run_20260315_105800,,/data/kernelbench-v3/references/82_Conv2d_Tanh_Scaling_BiasAdd_Max.py
Qwen3.5 397B A17B,H100,2,86_Matmul_Divide_GELU.py,True,False,,,,12,105674,0.055875,,,fp32,run_20260315_105800,/data/kernelbench-v3/solutions/Qwen3.5 397B A17B_H100_86_Matmul_Divide_GELU.py.txt,/data/kernelbench-v3/references/86_Matmul_Divide_GELU.py
Qwen3.5 397B A17B,H100,2,98_Matmul_AvgPool_GELU_Scale_Max.py,False,False,,,,2,16208,0.025205,,,,run_20260315_105800,,/data/kernelbench-v3/references/98_Matmul_AvgPool_GELU_Scale_Max.py
Qwen3.5 397B A17B,H100,2,99_Matmul_GELU_Softmax.py,True,False,,,,12,107758,0.060157,,,fp32,run_20260315_105800,/data/kernelbench-v3/solutions/Qwen3.5 397B A17B_H100_99_Matmul_GELU_Softmax.py.txt,/data/kernelbench-v3/references/99_Matmul_GELU_Softmax.py
Qwen3.5 397B A17B,H100,2,85_Conv2d_GroupNorm_Scale_MaxPool_Clamp.py,True,True,0.5322335474238474,0.2911359965801239,0.5470079779624939,12,171035,0.10223,fused,torch_compile,fp32,run_20260315_105800,/data/kernelbench-v3/solutions/Qwen3.5 397B A17B_H100_85_Conv2d_GroupNorm_Scale_MaxPool_Clamp.py.txt,/data/kernelbench-v3/references/85_Conv2d_GroupNorm_Scale_MaxPool_Clamp.py
Qwen3.5 397B A17B,H100,3,44_MiniGPTBlock.py,False,False,,,,2,0,,,,,run_20260315_105800,,/data/kernelbench-v3/references/44_MiniGPTBlock.py
Qwen3.5 397B A17B,H100,3,31_VisionAttention.py,True,False,,,,15,173732,0.100403,,,fp32,run_20260315_105800,/data/kernelbench-v3/solutions/Qwen3.5 397B A17B_H100_31_VisionAttention.py.txt,/data/kernelbench-v3/references/31_VisionAttention.py
Qwen3.5 397B A17B,H100,4,2_DeepSeek_MoE.py,False,False,,,,2,0,,,,,run_20260315_105800,,/data/kernelbench-v3/references/2_DeepSeek_MoE.py
Qwen3.5 397B A17B,H100,4,3_GroupedQueryAttention.py,False,False,,,,2,0,,,,,run_20260315_105800,,/data/kernelbench-v3/references/3_GroupedQueryAttention.py
Qwen3.5 397B A17B,H100,3,43_MinGPTCausalAttention.py,True,True,1.3501417251391241,5.321632146835327,3.9415359497070312,12,155175,0.090585,attention,torch_compile,fp32,run_20260315_105800,/data/kernelbench-v3/solutions/Qwen3.5 397B A17B_H100_43_MinGPTCausalAttention.py.txt,/data/kernelbench-v3/references/43_MinGPTCausalAttention.py
Qwen3.5 397B A17B,H100,4,4_FP8_Matmul.py,False,False,,,,15,159290,0.078154,,,,run_20260315_105800,,/data/kernelbench-v3/references/4_FP8_Matmul.py
Qwen3.5 397B A17B,H100,4,1_DeepSeek_MLA.py,False,False,,,,15,237906,0.127335,,,,run_20260315_105800,,/data/kernelbench-v3/references/1_DeepSeek_MLA.py
Qwen3.5 397B A17B,H100,4,8_KimiDeltaAttention.py,False,False,,,,3,0,,,,,run_20260315_105800,,/data/kernelbench-v3/references/8_KimiDeltaAttention.py
Qwen3.5 397B A17B,H100,4,6_INT4_Quantized_GEMM.py,False,False,,,,15,185407,0.097165,,,,run_20260315_105800,,/data/kernelbench-v3/references/6_INT4_Quantized_GEMM.py
Qwen3.5 397B A17B,H100,4,7_GatedDeltaNet.py,False,False,,,,6,0,,,,,run_20260315_105800,,/data/kernelbench-v3/references/7_GatedDeltaNet.py
Qwen3.5 397B A17B,H100,1,gemm_bias_relu.py,True,True,1.1176311616072199,0.13195200264453888,0.11806399747729301,4,17699,0.011048,gemm_epilogue,torch_compile,fp16,run_20260315_105800,/data/kernelbench-v3/solutions/Qwen3.5 397B A17B_H100_gemm_bias_relu.py.txt,/data/kernelbench-v3/references/gemm_bias_relu.py
Qwen3.5 397B A17B,H100,1,gemm_bf16.py,True,True,0.20717840560085632,0.046640001237392426,0.22511999309062958,10,107541,0.055362,gemm,pytorch_eager,bf16,run_20260315_105800,/data/kernelbench-v3/solutions/Qwen3.5 397B A17B_H100_gemm_bf16.py.txt,/data/kernelbench-v3/references/gemm_bf16.py
Qwen3.5 397B A17B,H100,1,gemm_bias_gelu.py,True,True,0.9359834228622056,0.1518239974975586,0.16220799833536148,10,78156,0.042715,gemm_epilogue,torch_compile,fp16,run_20260315_105800,/data/kernelbench-v3/solutions/Qwen3.5 397B A17B_H100_gemm_bias_gelu.py.txt,/data/kernelbench-v3/references/gemm_bias_gelu.py
Qwen3.5 397B A17B,H100,4,5_MoE_GatedGEMM.py,True,False,,,,12,180844,0.10347,,,fp32,run_20260315_105800,/data/kernelbench-v3/solutions/Qwen3.5 397B A17B_H100_5_MoE_GatedGEMM.py.txt,/data/kernelbench-v3/references/5_MoE_GatedGEMM.py
Qwen3.5 397B A17B,H100,1,gemm_fp8.py,False,False,,,,10,125004,0.061135,,,,run_20260315_105800,,/data/kernelbench-v3/references/gemm_fp8.py
Qwen3.5 397B A17B,H100,1,gemm_fp4.py,True,True,2.5398851256000743,0.4809119999408722,0.18934399634599686,10,73191,0.045347,gemm,torch_compile,int8,run_20260315_105800,/data/kernelbench-v3/solutions/Qwen3.5 397B A17B_H100_gemm_fp4.py.txt,/data/kernelbench-v3/references/gemm_fp4.py
Qwen3.5 397B A17B,H100,1,gemm_residual_add.py,True,True,1.3950527440482325,0.15249600261449814,0.10931199789047241,4,17309,0.010405,gemm_epilogue,torch_compile,fp16,run_20260315_105800,/data/kernelbench-v3/solutions/Qwen3.5 397B A17B_H100_gemm_residual_add.py.txt,/data/kernelbench-v3/references/gemm_residual_add.py
Qwen3.5 397B A17B,H100,1,gemv_bf16.py,True,True,0.2141768126121344,0.13260800391435623,0.6191520094871521,6,30405,0.018937,gemv,torch_compile,bf16,run_20260315_105800,/data/kernelbench-v3/solutions/Qwen3.5 397B A17B_H100_gemv_bf16.py.txt,/data/kernelbench-v3/references/gemv_bf16.py
Qwen3.5 397B A17B,H100,1,gemm_bias_silu.py,True,False,,,,6,26764,0.018546,,,fp16,run_20260315_105800,/data/kernelbench-v3/solutions/Qwen3.5 397B A17B_H100_gemm_bias_silu.py.txt,/data/kernelbench-v3/references/gemm_bias_silu.py
Qwen3.5 397B A17B,H100,1,gemm_mixed_fp8_fp16.py,True,True,0.7304629958568367,0.07926400005817413,0.10851199924945831,4,18168,0.01211,gemm,pytorch_eager,int8,run_20260315_105800,/data/kernelbench-v3/solutions/Qwen3.5 397B A17B_H100_gemm_mixed_fp8_fp16.py.txt,/data/kernelbench-v3/references/gemm_mixed_fp8_fp16.py
Qwen3.5 397B A17B,H100,1,gemv_fp16.py,False,False,,,,2,0,,,,,run_20260315_105800,,/data/kernelbench-v3/references/gemv_fp16.py
Qwen3.5 397B A17B,H100,1,moe_grouped_gemm.py,True,True,0.25867876121376887,1.649344027042389,6.376031875610352,10,99490,0.062424,moe_grouped_gemm,pytorch_eager,fp32,run_20260315_105800,/data/kernelbench-v3/solutions/Qwen3.5 397B A17B_H100_moe_grouped_gemm.py.txt,/data/kernelbench-v3/references/moe_grouped_gemm.py
Qwen3.5 397B A17B,H100,1,gemv_fp8.py,False,False,,,,2,0,,,,,run_20260315_105800,,/data/kernelbench-v3/references/gemv_fp8.py
Qwen3.5 397B A17B,H100,1,gemv_fp4.py,True,False,,,,10,83413,0.053524,,,int8,run_20260315_105800,/data/kernelbench-v3/solutions/Qwen3.5 397B A17B_H100_gemv_fp4.py.txt,/data/kernelbench-v3/references/gemv_fp4.py
MiniMax M2.5,B200,1,26_GELU_.py,False,False,,,,10,67383,0.023172,,,,run_20260316_095221,,/data/kernelbench-v3/references/26_GELU_.py
MiniMax M2.5,B200,1,1_Square_matrix_multiplication_.py,True,True,0.793779149092721,0.3266559988260269,0.41152000427246094,10,60058,0.021345,gemm,pytorch_eager,fp32,run_20260316_095221,/data/kernelbench-v3/solutions/MiniMax M2.5_B200_1_Square_matrix_multiplication_.py.txt,/data/kernelbench-v3/references/1_Square_matrix_multiplication_.py
MiniMax M2.5,B200,1,3_Batched_matrix_multiplication.py,False,False,,,,10,43443,0.014488,,,,run_20260316_095221,,/data/kernelbench-v3/references/3_Batched_matrix_multiplication.py
MiniMax M2.5,B200,1,2_Standard_matrix_multiplication_.py,False,False,,,,10,75749,0.029534,,,,run_20260316_095221,,/data/kernelbench-v3/references/2_Standard_matrix_multiplication_.py
MiniMax M2.5,B200,1,23_Softmax.py,True,False,,,,10,97167,0.036447,,,fp32,run_20260316_095221,/data/kernelbench-v3/solutions/MiniMax M2.5_B200_23_Softmax.py.txt,/data/kernelbench-v3/references/23_Softmax.py
MiniMax M2.5,B200,1,36_RMSNorm_.py,True,False,,,,10,90841,0.031654,,,fp32,run_20260316_095221,/data/kernelbench-v3/solutions/MiniMax M2.5_B200_36_RMSNorm_.py.txt,/data/kernelbench-v3/references/36_RMSNorm_.py
MiniMax M2.5,B200,1,47_Sum_reduction_over_a_dimension.py,True,True,0.5983133884031734,0.021568000316619873,0.03604799881577492,10,58342,0.022299,reduction,pytorch_eager,fp32,run_20260316_095221,/data/kernelbench-v3/solutions/MiniMax M2.5_B200_47_Sum_reduction_over_a_dimension.py.txt,/data/kernelbench-v3/references/47_Sum_reduction_over_a_dimension.py
MiniMax M2.5,B200,1,4_Matrix_vector_multiplication_.py,True,True,0.6130202562666249,0.05137600004673004,0.08380799740552902,10,61815,0.024075,gemm,pytorch_eager,fp32,run_20260316_095221,/data/kernelbench-v3/solutions/MiniMax M2.5_B200_4_Matrix_vector_multiplication_.py.txt,/data/kernelbench-v3/references/4_Matrix_vector_multiplication_.py
MiniMax M2.5,B200,1,40_LayerNorm.py,False,False,,,,10,104395,0.0368,,,,run_20260316_095221,,/data/kernelbench-v3/references/40_LayerNorm.py
MiniMax M2.5,B200,1,42_Max_Pooling_2D.py,True,False,,,,10,179512,0.05838,,,fp32,run_20260316_095221,/data/kernelbench-v3/solutions/MiniMax M2.5_B200_42_Max_Pooling_2D.py.txt,/data/kernelbench-v3/references/42_Max_Pooling_2D.py
MiniMax M2.5,B200,1,82_conv_depthwise_2D_square_input_square_kernel.py,True,True,0.6331388368846119,0.043407998979091644,0.06856000050902367,10,60811,0.022538,conv,pytorch_eager,fp32,run_20260316_095221,/data/kernelbench-v3/solutions/MiniMax M2.5_B200_82_conv_depthwise_2D_square_input_square_kernel.py.txt,/data/kernelbench-v3/references/82_conv_depthwise_2D_square_input_square_kernel.py
MiniMax M2.5,B200,1,8_Matmul_with_irregular_shapes_.py,True,False,,,,10,68533,0.025408,,,fp32,run_20260316_095221,/data/kernelbench-v3/solutions/MiniMax M2.5_B200_8_Matmul_with_irregular_shapes_.py.txt,/data/kernelbench-v3/references/8_Matmul_with_irregular_shapes_.py
MiniMax M2.5,B200,1,95_CrossEntropyLoss.py,True,True,1.0019379428498911,0.03308799862861633,0.03302400000393391,10,51454,0.017474,reduction,pytorch_eager,fp32,run_20260316_095221,/data/kernelbench-v3/solutions/MiniMax M2.5_B200_95_CrossEntropyLoss.py.txt,/data/kernelbench-v3/references/95_CrossEntropyLoss.py
MiniMax M2.5,B200,1,9_Tall_skinny_matrix_multiplication_.py,False,False,,,,10,52064,0.018061,,,,run_20260316_095221,,/data/kernelbench-v3/references/9_Tall_skinny_matrix_multiplication_.py
MiniMax M2.5,B200,1,63_conv_standard_2D__square_input__square_kernel.py,False,False,,,,10,120432,0.044894,,,,run_20260316_095221,,/data/kernelbench-v3/references/63_conv_standard_2D__square_input__square_kernel.py
MiniMax M2.5,B200,2,17_Conv2d_InstanceNorm_Divide.py,False,False,,,,12,86726,0.031317,,,,run_20260316_095221,,/data/kernelbench-v3/references/17_Conv2d_InstanceNorm_Divide.py
MiniMax M2.5,B200,2,37_Matmul_Swish_Sum_GroupNorm.py,False,False,,,,12,152534,0.054606,,,,run_20260316_095221,,/data/kernelbench-v3/references/37_Matmul_Swish_Sum_GroupNorm.py
MiniMax M2.5,B200,2,40_Matmul_Scaling_ResidualAdd.py,True,True,0.04816542470524433,0.2078079953789711,4.314464092254639,12,248313,0.083241,fused,torch_compile,fp32,run_20260316_095221,/data/kernelbench-v3/solutions/MiniMax M2.5_B200_40_Matmul_Scaling_ResidualAdd.py.txt,/data/kernelbench-v3/references/40_Matmul_Scaling_ResidualAdd.py
MiniMax M2.5,B200,2,46_Conv2d_Subtract_Tanh_Subtract_AvgPool.py,False,False,,,,12,97782,0.033738,,,,run_20260316_095221,,/data/kernelbench-v3/references/46_Conv2d_Subtract_Tanh_Subtract_AvgPool.py
MiniMax M2.5,B200,2,52_Conv2d_Activation_BatchNorm.py,True,True,0.09971757526461067,0.21297600120306015,2.1357920169830322,12,99981,0.035524,fused,torch_compile,fp32,run_20260316_095221,/data/kernelbench-v3/solutions/MiniMax M2.5_B200_52_Conv2d_Activation_BatchNorm.py.txt,/data/kernelbench-v3/references/52_Conv2d_Activation_BatchNorm.py
MiniMax M2.5,B200,2,55_Matmul_MaxPool_Sum_Scale.py,True,False,,,,12,106866,0.037315,,,fp32,run_20260316_095221,/data/kernelbench-v3/solutions/MiniMax M2.5_B200_55_Matmul_MaxPool_Sum_Scale.py.txt,/data/kernelbench-v3/references/55_Matmul_MaxPool_Sum_Scale.py
MiniMax M2.5,B200,2,59_Matmul_Swish_Scaling.py,True,False,,,,12,86888,0.031453,,,fp32,run_20260316_095221,/data/kernelbench-v3/solutions/MiniMax M2.5_B200_59_Matmul_Swish_Scaling.py.txt,/data/kernelbench-v3/references/59_Matmul_Swish_Scaling.py
MiniMax M2.5,B200,2,66_Matmul_Dropout_Mean_Softmax.py,False,False,,,,12,44113,0.012655,,,,run_20260316_095221,,/data/kernelbench-v3/references/66_Matmul_Dropout_Mean_Softmax.py
MiniMax M2.5,B200,2,6_Conv3d_Softmax_MaxPool_MaxPool.py,True,True,0.7065707776652855,0.9824160039424896,1.390399992465973,12,237581,0.071723,fused,torch_compile,fp32,run_20260316_095221,/data/kernelbench-v3/solutions/MiniMax M2.5_B200_6_Conv3d_Softmax_MaxPool_MaxPool.py.txt,/data/kernelbench-v3/references/6_Conv3d_Softmax_MaxPool_MaxPool.py
MiniMax M2.5,B200,2,73_Conv2d_BatchNorm_Scaling.py,True,False,,,,12,119013,0.042245,,,fp32,run_20260316_095221,/data/kernelbench-v3/solutions/MiniMax M2.5_B200_73_Conv2d_BatchNorm_Scaling.py.txt,/data/kernelbench-v3/references/73_Conv2d_BatchNorm_Scaling.py
MiniMax M2.5,B200,2,82_Conv2d_Tanh_Scaling_BiasAdd_Max.py,True,True,1.0002450208227762,0.19593600183725357,0.1958880051970482,12,87193,0.032233,fused,torch_compile,fp32,run_20260316_095221,/data/kernelbench-v3/solutions/MiniMax M2.5_B200_82_Conv2d_Tanh_Scaling_BiasAdd_Max.py.txt,/data/kernelbench-v3/references/82_Conv2d_Tanh_Scaling_BiasAdd_Max.py
MiniMax M2.5,B200,2,85_Conv2d_GroupNorm_Scale_MaxPool_Clamp.py,False,False,,,,12,66439,0.023446,,,,run_20260316_095221,,/data/kernelbench-v3/references/85_Conv2d_GroupNorm_Scale_MaxPool_Clamp.py
MiniMax M2.5,B200,2,86_Matmul_Divide_GELU.py,False,False,,,,12,107661,0.037788,,,,run_20260316_095221,,/data/kernelbench-v3/references/86_Matmul_Divide_GELU.py
MiniMax M2.5,B200,2,98_Matmul_AvgPool_GELU_Scale_Max.py,False,False,,,,12,77866,0.029301,,,,run_20260316_095221,,/data/kernelbench-v3/references/98_Matmul_AvgPool_GELU_Scale_Max.py
MiniMax M2.5,B200,3,31_VisionAttention.py,False,False,,,,15,173748,0.059341,,,,run_20260316_095221,,/data/kernelbench-v3/references/31_VisionAttention.py
MiniMax M2.5,B200,2,99_Matmul_GELU_Softmax.py,True,False,,,,9,74858,0.027317,,,fp32,run_20260316_095221,/data/kernelbench-v3/solutions/MiniMax M2.5_B200_99_Matmul_GELU_Softmax.py.txt,/data/kernelbench-v3/references/99_Matmul_GELU_Softmax.py
MiniMax M2.5,B200,3,44_MiniGPTBlock.py,True,True,0.9735227282280849,18.77355194091797,19.284143447875977,15,112598,0.035867,model,torch_compile,fp32,run_20260316_095221,/data/kernelbench-v3/solutions/MiniMax M2.5_B200_44_MiniGPTBlock.py.txt,/data/kernelbench-v3/references/44_MiniGPTBlock.py
MiniMax M2.5,B200,3,43_MinGPTCausalAttention.py,False,False,,,,15,197367,0.06716,,,,run_20260316_095221,,/data/kernelbench-v3/references/43_MinGPTCausalAttention.py
MiniMax M2.5,B200,4,2_DeepSeek_MoE.py,False,False,,,,15,209399,0.068544,,,,run_20260316_095221,,/data/kernelbench-v3/references/2_DeepSeek_MoE.py
MiniMax M2.5,B200,4,1_DeepSeek_MLA.py,False,False,,,,15,212820,0.07141,,,,run_20260316_095221,,/data/kernelbench-v3/references/1_DeepSeek_MLA.py
MiniMax M2.5,B200,4,4_FP8_Matmul.py,True,False,,,,15,134998,0.043172,,,fp16,run_20260316_095221,/data/kernelbench-v3/solutions/MiniMax M2.5_B200_4_FP8_Matmul.py.txt,/data/kernelbench-v3/references/4_FP8_Matmul.py
MiniMax M2.5,B200,4,6_INT4_Quantized_GEMM.py,False,False,,,,4,0,,,,,run_20260316_095221,,/data/kernelbench-v3/references/6_INT4_Quantized_GEMM.py
MiniMax M2.5,B200,4,3_GroupedQueryAttention.py,False,False,,,,15,210950,0.071447,,,,run_20260316_095221,,/data/kernelbench-v3/references/3_GroupedQueryAttention.py
MiniMax M2.5,B200,4,7_GatedDeltaNet.py,False,False,,,,15,111361,0.034807,,,,run_20260316_095221,,/data/kernelbench-v3/references/7_GatedDeltaNet.py
MiniMax M2.5,B200,1,gemm_bf16.py,False,False,,,,10,61155,0.018279,,,,run_20260316_095221,,/data/kernelbench-v3/references/gemm_bf16.py
MiniMax M2.5,B200,4,5_MoE_GatedGEMM.py,True,False,,,,15,259108,0.087839,,,fp32,run_20260316_095221,/data/kernelbench-v3/solutions/MiniMax M2.5_B200_5_MoE_GatedGEMM.py.txt,/data/kernelbench-v3/references/5_MoE_GatedGEMM.py
MiniMax M2.5,B200,4,8_KimiDeltaAttention.py,False,False,,,,15,127798,0.040199,,,,run_20260316_095221,,/data/kernelbench-v3/references/8_KimiDeltaAttention.py
MiniMax M2.5,B200,1,gemm_bias_gelu.py,False,False,,,,10,49140,0.014732,,,,run_20260316_095221,,/data/kernelbench-v3/references/gemm_bias_gelu.py
MiniMax M2.5,B200,4,9_FP4_BlockScaled_Matmul.py,False,False,,,,15,186297,0.061647,,,,run_20260316_095221,,/data/kernelbench-v3/references/9_FP4_BlockScaled_Matmul.py
MiniMax M2.5,B200,1,gemm_fp4.py,False,False,,,,10,53064,0.019225,,,,run_20260316_095221,,/data/kernelbench-v3/references/gemm_fp4.py
MiniMax M2.5,B200,1,gemm_bias_relu.py,True,True,1.613987876418024,0.1151999980211258,0.0713759995996952,10,60676,0.021914,gemm_epilogue,torch_compile,fp16,run_20260316_095221,/data/kernelbench-v3/solutions/MiniMax M2.5_B200_gemm_bias_relu.py.txt,/data/kernelbench-v3/references/gemm_bias_relu.py
MiniMax M2.5,B200,1,gemm_fp8.py,False,False,,,,10,60277,0.02287,,,,run_20260316_095221,,/data/kernelbench-v3/references/gemm_fp8.py
MiniMax M2.5,B200,1,gemm_bias_silu.py,True,False,,,,10,74227,0.027528,,,fp16,run_20260316_095221,/data/kernelbench-v3/solutions/MiniMax M2.5_B200_gemm_bias_silu.py.txt,/data/kernelbench-v3/references/gemm_bias_silu.py
MiniMax M2.5,B200,1,gemm_mixed_fp8_fp16.py,False,False,,,,10,50459,0.017393,,,,run_20260316_095221,,/data/kernelbench-v3/references/gemm_mixed_fp8_fp16.py
MiniMax M2.5,B200,1,gemm_residual_add.py,False,False,,,,2,0,,,,,run_20260316_095221,,/data/kernelbench-v3/references/gemm_residual_add.py
MiniMax M2.5,B200,1,gemv_fp16.py,False,False,,,,10,63701,0.021575,,,,run_20260316_095221,,/data/kernelbench-v3/references/gemv_fp16.py
MiniMax M2.5,B200,1,gemv_fp4.py,False,False,,,,10,56743,0.021459,,,,run_20260316_095221,,/data/kernelbench-v3/references/gemv_fp4.py
MiniMax M2.5,B200,1,gemv_bf16.py,False,False,,,,10,59046,0.021652,,,,run_20260316_095221,,/data/kernelbench-v3/references/gemv_bf16.py
MiniMax M2.5,B200,1,persistent_gemm.py,True,True,0.5733905557097767,0.05344000086188316,0.09320000186562538,10,54865,0.018879,gemm,pytorch_eager,fp16,run_20260316_095221,/data/kernelbench-v3/solutions/MiniMax M2.5_B200_persistent_gemm.py.txt,/data/kernelbench-v3/references/persistent_gemm.py
MiniMax M2.5,B200,1,stream_k_gemm.py,True,False,,,,10,51492,0.018058,,,fp16,run_20260316_095221,/data/kernelbench-v3/solutions/MiniMax M2.5_B200_stream_k_gemm.py.txt,/data/kernelbench-v3/references/stream_k_gemm.py
MiniMax M2.5,B200,1,warp_specialized_gemm.py,True,False,,,,10,58627,0.021087,,,fp16,run_20260316_095221,/data/kernelbench-v3/solutions/MiniMax M2.5_B200_warp_specialized_gemm.py.txt,/data/kernelbench-v3/references/warp_specialized_gemm.py
MiniMax M2.5,B200,1,moe_grouped_gemm.py,True,False,,,,10,122200,0.045612,,,fp32,run_20260316_095221,/data/kernelbench-v3/solutions/MiniMax M2.5_B200_moe_grouped_gemm.py.txt,/data/kernelbench-v3/references/moe_grouped_gemm.py
MiniMax M2.5,B200,1,gemv_fp8.py,False,False,,,,10,118194,0.046218,,,,run_20260316_095221,,/data/kernelbench-v3/references/gemv_fp8.py
Qwen3.5 397B A17B,B200,1,1_Square_matrix_multiplication_.py,True,True,0.6866481263140438,0.3240319937467575,0.471903994679451,4,18520,0.011037,gemm,pytorch_eager,fp32,run_20260316_180349,/data/kernelbench-v3/solutions/Qwen3.5 397B A17B_B200_1_Square_matrix_multiplication_.py.txt,/data/kernelbench-v3/references/1_Square_matrix_multiplication_.py
Qwen3.5 397B A17B,B200,1,23_Softmax.py,True,False,,,,7,37422,0.020976,,,fp32,run_20260316_180349,/data/kernelbench-v3/solutions/Qwen3.5 397B A17B_B200_23_Softmax.py.txt,/data/kernelbench-v3/references/23_Softmax.py
Qwen3.5 397B A17B,B200,1,2_Standard_matrix_multiplication_.py,True,True,0.4832798082386945,0.3274240046739578,0.6775040030479431,4,20015,0.012548,gemm,pytorch_eager,fp32,run_20260316_180349,/data/kernelbench-v3/solutions/Qwen3.5 397B A17B_B200_2_Standard_matrix_multiplication_.py.txt,/data/kernelbench-v3/references/2_Standard_matrix_multiplication_.py
Qwen3.5 397B A17B,B200,1,3_Batched_matrix_multiplication.py,False,False,,,,10,71776,0.030233,,,,run_20260316_180349,,/data/kernelbench-v3/references/3_Batched_matrix_multiplication.py
Qwen3.5 397B A17B,B200,1,36_RMSNorm_.py,True,True,0.2611200266244334,0.29953600466251373,1.1471199989318848,6,33346,0.019532,layernorm,torch_compile,fp32,run_20260316_180349,/data/kernelbench-v3/solutions/Qwen3.5 397B A17B_B200_36_RMSNorm_.py.txt,/data/kernelbench-v3/references/36_RMSNorm_.py
Qwen3.5 397B A17B,B200,1,42_Max_Pooling_2D.py,False,False,,,,2,10610,0.010687,,,,run_20260316_180349,,/data/kernelbench-v3/references/42_Max_Pooling_2D.py
Qwen3.5 397B A17B,B200,1,26_GELU_.py,True,True,0.926493042045451,0.01935999933630228,0.020896000787615776,8,79591,0.049005,elementwise,pytorch_eager,fp32,run_20260316_180349,/data/kernelbench-v3/solutions/Qwen3.5 397B A17B_B200_26_GELU_.py.txt,/data/kernelbench-v3/references/26_GELU_.py
Qwen3.5 397B A17B,B200,1,63_conv_standard_2D__square_input__square_kernel.py,False,False,,,,10,60726,0.026734,,,,run_20260316_180349,,/data/kernelbench-v3/references/63_conv_standard_2D__square_input__square_kernel.py
Qwen3.5 397B A17B,B200,1,40_LayerNorm.py,True,True,0.050214121749722264,0.3769120126962662,7.506095886230469,8,72472,0.045754,layernorm,torch_compile,fp32,run_20260316_180349,/data/kernelbench-v3/solutions/Qwen3.5 397B A17B_B200_40_LayerNorm.py.txt,/data/kernelbench-v3/references/40_LayerNorm.py
Qwen3.5 397B A17B,B200,1,82_conv_depthwise_2D_square_input_square_kernel.py,False,False,,,,2,10873,0.011047,,,,run_20260316_180349,,/data/kernelbench-v3/references/82_conv_depthwise_2D_square_input_square_kernel.py
Qwen3.5 397B A17B,B200,1,47_Sum_reduction_over_a_dimension.py,True,True,0.42914704943460386,0.020447999238967896,0.047648001462221146,10,107242,0.068854,reduction,pytorch_eager,fp32,run_20260316_180349,/data/kernelbench-v3/solutions/Qwen3.5 397B A17B_B200_47_Sum_reduction_over_a_dimension.py.txt,/data/kernelbench-v3/references/47_Sum_reduction_over_a_dimension.py
Qwen3.5 397B A17B,B200,1,95_CrossEntropyLoss.py,True,True,0.8875985184592888,0.0342399999499321,0.038575999438762665,8,82371,0.049648,reduction,pytorch_eager,fp32,run_20260316_180349,/data/kernelbench-v3/solutions/Qwen3.5 397B A17B_B200_95_CrossEntropyLoss.py.txt,/data/kernelbench-v3/references/95_CrossEntropyLoss.py
Qwen3.5 397B A17B,B200,1,4_Matrix_vector_multiplication_.py,True,True,0.5256871780103036,0.05140800029039383,0.09779199957847595,10,75044,0.050755,gemm,pytorch_eager,fp32,run_20260316_180349,/data/kernelbench-v3/solutions/Qwen3.5 397B A17B_B200_4_Matrix_vector_multiplication_.py.txt,/data/kernelbench-v3/references/4_Matrix_vector_multiplication_.py
Qwen3.5 397B A17B,B200,2,17_Conv2d_InstanceNorm_Divide.py,False,False,,,,2,0,,,,,run_20260316_180349,,/data/kernelbench-v3/references/17_Conv2d_InstanceNorm_Divide.py
Qwen3.5 397B A17B,B200,1,8_Matmul_with_irregular_shapes_.py,True,False,,,,10,135236,0.070951,,,fp32,run_20260316_180349,/data/kernelbench-v3/solutions/Qwen3.5 397B A17B_B200_8_Matmul_with_irregular_shapes_.py.txt,/data/kernelbench-v3/references/8_Matmul_with_irregular_shapes_.py
Qwen3.5 397B A17B,B200,1,9_Tall_skinny_matrix_multiplication_.py,False,False,,,,9,0,,,,,run_20260316_180349,,/data/kernelbench-v3/references/9_Tall_skinny_matrix_multiplication_.py
Qwen3.5 397B A17B,B200,2,40_Matmul_Scaling_ResidualAdd.py,True,True,1.1114362279737868,0.21271999925374985,0.19139199703931808,3,18762,0.019019,fused,torch_compile,fp32,run_20260316_180349,/data/kernelbench-v3/solutions/Qwen3.5 397B A17B_B200_40_Matmul_Scaling_ResidualAdd.py.txt,/data/kernelbench-v3/references/40_Matmul_Scaling_ResidualAdd.py
Qwen3.5 397B A17B,B200,2,37_Matmul_Swish_Sum_GroupNorm.py,False,False,,,,12,150741,0.085492,,,,run_20260316_180349,,/data/kernelbench-v3/references/37_Matmul_Swish_Sum_GroupNorm.py
Qwen3.5 397B A17B,B200,2,52_Conv2d_Activation_BatchNorm.py,True,True,0.0019153008227419514,0.21224000304937363,110.81288146972656,6,43999,0.028403,fused,torch_compile,fp32,run_20260316_180349,/data/kernelbench-v3/solutions/Qwen3.5 397B A17B_B200_52_Conv2d_Activation_BatchNorm.py.txt,/data/kernelbench-v3/references/52_Conv2d_Activation_BatchNorm.py
Qwen3.5 397B A17B,B200,2,46_Conv2d_Subtract_Tanh_Subtract_AvgPool.py,True,True,0.4321300231468314,0.20206400007009506,0.4676000028848648,8,72501,0.040707,fused,torch_compile,fp32,run_20260316_180349,/data/kernelbench-v3/solutions/Qwen3.5 397B A17B_B200_46_Conv2d_Subtract_Tanh_Subtract_AvgPool.py.txt,/data/kernelbench-v3/references/46_Conv2d_Subtract_Tanh_Subtract_AvgPool.py
Qwen3.5 397B A17B,B200,2,59_Matmul_Swish_Scaling.py,True,False,,,,12,76785,0.042664,,,fp32,run_20260316_180349,/data/kernelbench-v3/solutions/Qwen3.5 397B A17B_B200_59_Matmul_Swish_Scaling.py.txt,/data/kernelbench-v3/references/59_Matmul_Swish_Scaling.py
Qwen3.5 397B A17B,B200,2,73_Conv2d_BatchNorm_Scaling.py,False,False,,,,4,0,,,,,run_20260316_180349,,/data/kernelbench-v3/references/73_Conv2d_BatchNorm_Scaling.py
Qwen3.5 397B A17B,B200,2,55_Matmul_MaxPool_Sum_Scale.py,True,True,0.023035649245093374,0.20848000049591064,9.050320148468018,10,119371,0.07218,fused,torch_compile,fp32,run_20260316_180349,/data/kernelbench-v3/solutions/Qwen3.5 397B A17B_B200_55_Matmul_MaxPool_Sum_Scale.py.txt,/data/kernelbench-v3/references/55_Matmul_MaxPool_Sum_Scale.py
Qwen3.5 397B A17B,B200,2,6_Conv3d_Softmax_MaxPool_MaxPool.py,True,True,0.5170343859365453,1.3478879928588867,2.6069600582122803,10,108751,0.060089,fused,torch_compile,fp32,run_20260316_180349,/data/kernelbench-v3/solutions/Qwen3.5 397B A17B_B200_6_Conv3d_Softmax_MaxPool_MaxPool.py.txt,/data/kernelbench-v3/references/6_Conv3d_Softmax_MaxPool_MaxPool.py
Qwen3.5 397B A17B,B200,2,66_Matmul_Dropout_Mean_Softmax.py,True,False,,,,12,142245,0.074657,,,fp32,run_20260316_180349,/data/kernelbench-v3/solutions/Qwen3.5 397B A17B_B200_66_Matmul_Dropout_Mean_Softmax.py.txt,/data/kernelbench-v3/references/66_Matmul_Dropout_Mean_Softmax.py
Qwen3.5 397B A17B,B200,2,86_Matmul_Divide_GELU.py,False,False,,,,12,112125,0.055896,,,,run_20260316_180349,,/data/kernelbench-v3/references/86_Matmul_Divide_GELU.py
Qwen3.5 397B A17B,B200,2,82_Conv2d_Tanh_Scaling_BiasAdd_Max.py,True,False,,,,12,140256,0.079506,,,fp32,run_20260316_180349,/data/kernelbench-v3/solutions/Qwen3.5 397B A17B_B200_82_Conv2d_Tanh_Scaling_BiasAdd_Max.py.txt,/data/kernelbench-v3/references/82_Conv2d_Tanh_Scaling_BiasAdd_Max.py
Qwen3.5 397B A17B,B200,2,98_Matmul_AvgPool_GELU_Scale_Max.py,True,True,0.02396945257995589,0.21593600511550903,9.008800029754639,4,19884,0.012445,fused,torch_compile,fp32,run_20260316_180349,/data/kernelbench-v3/solutions/Qwen3.5 397B A17B_B200_98_Matmul_AvgPool_GELU_Scale_Max.py.txt,/data/kernelbench-v3/references/98_Matmul_AvgPool_GELU_Scale_Max.py
Qwen3.5 397B A17B,B200,2,99_Matmul_GELU_Softmax.py,True,False,,,,12,92636,0.048579,,,fp32,run_20260316_180349,/data/kernelbench-v3/solutions/Qwen3.5 397B A17B_B200_99_Matmul_GELU_Softmax.py.txt,/data/kernelbench-v3/references/99_Matmul_GELU_Softmax.py
Qwen3.5 397B A17B,B200,3,31_VisionAttention.py,True,False,,,,15,149255,0.078261,,,fp32,run_20260316_180349,/data/kernelbench-v3/solutions/Qwen3.5 397B A17B_B200_31_VisionAttention.py.txt,/data/kernelbench-v3/references/31_VisionAttention.py
Qwen3.5 397B A17B,B200,3,43_MinGPTCausalAttention.py,True,False,,,,15,242137,0.129358,,,fp32,run_20260316_180349,/data/kernelbench-v3/solutions/Qwen3.5 397B A17B_B200_43_MinGPTCausalAttention.py.txt,/data/kernelbench-v3/references/43_MinGPTCausalAttention.py
Qwen3.5 397B A17B,B200,4,2_DeepSeek_MoE.py,False,False,,,,1,0,,,,,run_20260316_180349,,/data/kernelbench-v3/references/2_DeepSeek_MoE.py
Qwen3.5 397B A17B,B200,4,1_DeepSeek_MLA.py,False,False,,,,15,247837,0.123119,,,,run_20260316_180349,,/data/kernelbench-v3/references/1_DeepSeek_MLA.py
Qwen3.5 397B A17B,B200,3,44_MiniGPTBlock.py,False,False,,,,14,0,,,,,run_20260316_180349,,/data/kernelbench-v3/references/44_MiniGPTBlock.py
Qwen3.5 397B A17B,B200,4,4_FP8_Matmul.py,False,False,,,,11,0,,,,,run_20260316_180349,,/data/kernelbench-v3/references/4_FP8_Matmul.py
Qwen3.5 397B A17B,B200,4,3_GroupedQueryAttention.py,True,True,0.46055924453998653,17.285776138305664,37.53214454650879,12,247228,0.131977,attention,torch_compile,fp32,run_20260316_180349,/data/kernelbench-v3/solutions/Qwen3.5 397B A17B_B200_3_GroupedQueryAttention.py.txt,/data/kernelbench-v3/references/3_GroupedQueryAttention.py
Qwen3.5 397B A17B,B200,4,7_GatedDeltaNet.py,False,False,,,,5,0,,,,,run_20260316_180349,,/data/kernelbench-v3/references/7_GatedDeltaNet.py
Qwen3.5 397B A17B,B200,4,6_INT4_Quantized_GEMM.py,False,False,,,,6,0,,,,,run_20260316_180349,,/data/kernelbench-v3/references/6_INT4_Quantized_GEMM.py
Qwen3.5 397B A17B,B200,4,5_MoE_GatedGEMM.py,False,False,,,,15,273777,0.143152,,,,run_20260316_180349,,/data/kernelbench-v3/references/5_MoE_GatedGEMM.py
Qwen3.5 397B A17B,B200,4,9_FP4_BlockScaled_Matmul.py,False,False,,,,2,11246,0.005928,,,,run_20260316_180349,,/data/kernelbench-v3/references/9_FP4_BlockScaled_Matmul.py
Qwen3.5 397B A17B,B200,1,gemm_bf16.py,False,False,,,,10,62253,0.027484,,,,run_20260316_180349,,/data/kernelbench-v3/references/gemm_bf16.py
Qwen3.5 397B A17B,B200,1,gemm_bias_relu.py,True,True,0.5675708205131458,0.07532799988985062,0.1327200010418892,4,20740,0.013346,gemm_epilogue,pytorch_eager,fp16,run_20260316_180349,/data/kernelbench-v3/solutions/Qwen3.5 397B A17B_B200_gemm_bias_relu.py.txt,/data/kernelbench-v3/references/gemm_bias_relu.py
Qwen3.5 397B A17B,B200,1,gemm_bias_gelu.py,True,True,0.7316824436981428,0.08036800101399422,0.10984000191092491,10,82457,0.044454,gemm_epilogue,pytorch_eager,fp16,run_20260316_180349,/data/kernelbench-v3/solutions/Qwen3.5 397B A17B_B200_gemm_bias_gelu.py.txt,/data/kernelbench-v3/references/gemm_bias_gelu.py
Qwen3.5 397B A17B,B200,4,8_KimiDeltaAttention.py,True,False,,,,15,185986,0.094,,,fp32,run_20260316_180349,/data/kernelbench-v3/solutions/Qwen3.5 397B A17B_B200_8_KimiDeltaAttention.py.txt,/data/kernelbench-v3/references/8_KimiDeltaAttention.py
Qwen3.5 397B A17B,B200,1,gemm_bias_silu.py,True,True,1.2939888491411513,0.12295999750494957,0.0950240008533001,5,24767,0.014236,gemm_epilogue,torch_compile,fp16,run_20260316_180349,/data/kernelbench-v3/solutions/Qwen3.5 397B A17B_B200_gemm_bias_silu.py.txt,/data/kernelbench-v3/references/gemm_bias_silu.py
Qwen3.5 397B A17B,B200,1,gemm_fp8.py,True,True,2.1247221634837214,0.4129440039396286,0.19435200095176697,5,29375,0.018086,gemm,torch_compile,int8,run_20260316_180349,/data/kernelbench-v3/solutions/Qwen3.5 397B A17B_B200_gemm_fp8.py.txt,/data/kernelbench-v3/references/gemm_fp8.py
Qwen3.5 397B A17B,B200,1,gemm_residual_add.py,False,False,,,,10,79695,0.042377,,,,run_20260316_180349,,/data/kernelbench-v3/references/gemm_residual_add.py
Qwen3.5 397B A17B,B200,1,gemm_fp4.py,True,False,,,,10,103705,0.060717,,,int8,run_20260316_180349,/data/kernelbench-v3/solutions/Qwen3.5 397B A17B_B200_gemm_fp4.py.txt,/data/kernelbench-v3/references/gemm_fp4.py
Qwen3.5 397B A17B,B200,1,gemv_bf16.py,True,True,0.038300589166978406,0.045104000717401505,1.1776320338249207,6,46274,0.028969,gemv,pytorch_eager,bf16,run_20260316_180349,/data/kernelbench-v3/solutions/Qwen3.5 397B A17B_B200_gemv_bf16.py.txt,/data/kernelbench-v3/references/gemv_bf16.py
Qwen3.5 397B A17B,B200,1,gemm_mixed_fp8_fp16.py,True,True,1.1414814340849566,0.09862399846315384,0.08640000224113464,10,83335,0.054904,gemm,torch_compile,int8,run_20260316_180349,/data/kernelbench-v3/solutions/Qwen3.5 397B A17B_B200_gemm_mixed_fp8_fp16.py.txt,/data/kernelbench-v3/references/gemm_mixed_fp8_fp16.py
Qwen3.5 397B A17B,B200,1,gemv_fp16.py,False,False,,,,1,11439,0.020436,,,,run_20260316_180349,,/data/kernelbench-v3/references/gemv_fp16.py
Qwen3.5 397B A17B,B200,1,gemv_fp8.py,True,True,0.020705751231379504,0.27351999282836914,13.209856033325195,8,66127,0.038569,gemv,torch_compile,int8,run_20260316_180349,/data/kernelbench-v3/solutions/Qwen3.5 397B A17B_B200_gemv_fp8.py.txt,/data/kernelbench-v3/references/gemv_fp8.py
Qwen3.5 397B A17B,B200,1,moe_grouped_gemm.py,False,False,,,,4,0,,,,,run_20260316_180349,,/data/kernelbench-v3/references/moe_grouped_gemm.py
Qwen3.5 397B A17B,B200,1,persistent_gemm.py,False,False,,,,4,0,,,,,run_20260316_180349,,/data/kernelbench-v3/references/persistent_gemm.py
Qwen3.5 397B A17B,B200,1,gemv_fp4.py,True,True,0.4950632650539634,0.2735680043697357,0.552592009305954,10,101508,0.074771,gemv,torch_compile,int8,run_20260316_180349,/data/kernelbench-v3/solutions/Qwen3.5 397B A17B_B200_gemv_fp4.py.txt,/data/kernelbench-v3/references/gemv_fp4.py
Qwen3.5 397B A17B,B200,1,warp_specialized_gemm.py,True,True,0.6502639006347328,0.06702399998903275,0.10307199880480766,4,19491,0.01149,gemm,pytorch_eager,fp16,run_20260316_180349,/data/kernelbench-v3/solutions/Qwen3.5 397B A17B_B200_warp_specialized_gemm.py.txt,/data/kernelbench-v3/references/warp_specialized_gemm.py
Qwen3.5 397B A17B,B200,1,stream_k_gemm.py,True,True,0.25012706164340487,0.118112001568079,0.47220800817012787,10,83060,0.048044,gemm,pytorch_eager,fp16,run_20260316_180349,/data/kernelbench-v3/solutions/Qwen3.5 397B A17B_B200_stream_k_gemm.py.txt,/data/kernelbench-v3/references/stream_k_gemm.py
Qwen3.5 397B A17B,B200,2,85_Conv2d_GroupNorm_Scale_MaxPool_Clamp.py,False,False,,,,12,169706,0.102275,,,,run_20260316_180349,,/data/kernelbench-v3/references/85_Conv2d_GroupNorm_Scale_MaxPool_Clamp.py
GLM-5,RTX3090,1,26_GELU_.py,False,False,,,,2,0,,,,,run_20260317_072632,,/data/kernelbench-v3/references/26_GELU_.py
GLM-5,RTX3090,1,1_Square_matrix_multiplication_.py,False,False,,,,2,0,,,,,run_20260317_072632,,/data/kernelbench-v3/references/1_Square_matrix_multiplication_.py
GLM-5,RTX3090,1,2_Standard_matrix_multiplication_.py,False,False,,,,2,0,,,,,run_20260317_072632,,/data/kernelbench-v3/references/2_Standard_matrix_multiplication_.py
GLM-5,RTX3090,1,3_Batched_matrix_multiplication.py,True,True,0.9921924070234771,0.2277280017733574,0.22952000051736832,10,86669,0.072061,gemm,pytorch_eager,fp32,run_20260317_072632,/data/kernelbench-v3/solutions/GLM-5_RTX3090_3_Batched_matrix_multiplication.py.txt,/data/kernelbench-v3/references/3_Batched_matrix_multiplication.py
GLM-5,RTX3090,1,23_Softmax.py,True,True,0.7450381744512973,0.062463998794555664,0.08383999764919281,10,80586,0.07514,softmax,pytorch_eager,fp32,run_20260317_072632,/data/kernelbench-v3/solutions/GLM-5_RTX3090_23_Softmax.py.txt,/data/kernelbench-v3/references/23_Softmax.py
GLM-5,RTX3090,1,47_Sum_reduction_over_a_dimension.py,False,False,,,,2,5661,0.004494,,,,run_20260317_072632,,/data/kernelbench-v3/references/47_Sum_reduction_over_a_dimension.py
GLM-5,RTX3090,1,4_Matrix_vector_multiplication_.py,False,False,,,,1,2422,0.001744,,,,run_20260317_072632,,/data/kernelbench-v3/references/4_Matrix_vector_multiplication_.py
GLM-5,RTX3090,1,40_LayerNorm.py,True,True,0.4314923613575981,2.2923359870910645,5.312576055526733,10,109992,0.095445,layernorm,torch_compile,fp32,run_20260317_072632,/data/kernelbench-v3/solutions/GLM-5_RTX3090_40_LayerNorm.py.txt,/data/kernelbench-v3/references/40_LayerNorm.py
GLM-5,RTX3090,1,63_conv_standard_2D__square_input__square_kernel.py,False,False,,,,1,2728,0.001964,,,,run_20260317_072632,,/data/kernelbench-v3/references/63_conv_standard_2D__square_input__square_kernel.py
GLM-5,RTX3090,1,82_conv_depthwise_2D_square_input_square_kernel.py,False,False,,,,2,6398,0.005295,,,,run_20260317_072632,,/data/kernelbench-v3/references/82_conv_depthwise_2D_square_input_square_kernel.py
GLM-5,RTX3090,1,8_Matmul_with_irregular_shapes_.py,False,False,,,,3,11578,0.011528,,,,run_20260317_072632,,/data/kernelbench-v3/references/8_Matmul_with_irregular_shapes_.py
GLM-5,RTX3090,1,36_RMSNorm_.py,True,True,0.0918937682406434,1.6145440340042114,17.569679260253906,10,91184,0.084032,layernorm,pytorch_eager,fp32,run_20260317_072632,/data/kernelbench-v3/solutions/GLM-5_RTX3090_36_RMSNorm_.py.txt,/data/kernelbench-v3/references/36_RMSNorm_.py
GLM-5,RTX3090,1,95_CrossEntropyLoss.py,True,False,,,,4,22733,0.022954,,,fp32,run_20260317_072632,/data/kernelbench-v3/solutions/GLM-5_RTX3090_95_CrossEntropyLoss.py.txt,/data/kernelbench-v3/references/95_CrossEntropyLoss.py
GLM-5,RTX3090,1,42_Max_Pooling_2D.py,True,False,,,,10,83090,0.081188,,,fp32,run_20260317_072632,/data/kernelbench-v3/solutions/GLM-5_RTX3090_42_Max_Pooling_2D.py.txt,/data/kernelbench-v3/references/42_Max_Pooling_2D.py
GLM-5,RTX3090,1,9_Tall_skinny_matrix_multiplication_.py,True,True,1.003297794615659,1.489520013332367,1.4846240282058716,10,136304,0.122106,gemm,pytorch_eager,fp32,run_20260317_072632,/data/kernelbench-v3/solutions/GLM-5_RTX3090_9_Tall_skinny_matrix_multiplication_.py.txt,/data/kernelbench-v3/references/9_Tall_skinny_matrix_multiplication_.py
GLM-5,RTX3090,2,17_Conv2d_InstanceNorm_Divide.py,True,True,0.8719671047020139,0.5152000188827515,0.5908479988574982,12,136240,0.122781,fused,torch_compile,fp32,run_20260317_072632,/data/kernelbench-v3/solutions/GLM-5_RTX3090_17_Conv2d_InstanceNorm_Divide.py.txt,/data/kernelbench-v3/references/17_Conv2d_InstanceNorm_Divide.py
GLM-5,RTX3090,2,37_Matmul_Swish_Sum_GroupNorm.py,True,True,0.09955709766365747,0.28808000683784485,2.893615961074829,12,250330,0.219742,fused,pytorch_eager,fp32,run_20260317_072632,/data/kernelbench-v3/solutions/GLM-5_RTX3090_37_Matmul_Swish_Sum_GroupNorm.py.txt,/data/kernelbench-v3/references/37_Matmul_Swish_Sum_GroupNorm.py
GLM-5,RTX3090,2,46_Conv2d_Subtract_Tanh_Subtract_AvgPool.py,True,True,0.7684628361185762,0.4864799976348877,0.6330559849739075,12,104097,0.09709,fused,torch_compile,fp32,run_20260317_072632,/data/kernelbench-v3/solutions/GLM-5_RTX3090_46_Conv2d_Subtract_Tanh_Subtract_AvgPool.py.txt,/data/kernelbench-v3/references/46_Conv2d_Subtract_Tanh_Subtract_AvgPool.py
GLM-5,RTX3090,2,40_Matmul_Scaling_ResidualAdd.py,True,False,,,,12,183394,0.159535,,,fp32,run_20260317_072632,/data/kernelbench-v3/solutions/GLM-5_RTX3090_40_Matmul_Scaling_ResidualAdd.py.txt,/data/kernelbench-v3/references/40_Matmul_Scaling_ResidualAdd.py
GLM-5,RTX3090,2,55_Matmul_MaxPool_Sum_Scale.py,False,False,,,,2,0,,,,,run_20260317_072632,,/data/kernelbench-v3/references/55_Matmul_MaxPool_Sum_Scale.py
GLM-5,RTX3090,2,52_Conv2d_Activation_BatchNorm.py,True,True,1.014088081438816,0.3835199922323227,0.3781919926404953,12,108038,0.098108,fused,torch_compile,fp32,run_20260317_072632,/data/kernelbench-v3/solutions/GLM-5_RTX3090_52_Conv2d_Activation_BatchNorm.py.txt,/data/kernelbench-v3/references/52_Conv2d_Activation_BatchNorm.py
GLM-5,RTX3090,2,59_Matmul_Swish_Scaling.py,True,False,,,,12,98827,0.089336,,,fp32,run_20260317_072632,/data/kernelbench-v3/solutions/GLM-5_RTX3090_59_Matmul_Swish_Scaling.py.txt,/data/kernelbench-v3/references/59_Matmul_Swish_Scaling.py
GLM-5,RTX3090,2,66_Matmul_Dropout_Mean_Softmax.py,True,True,0.01891686844743129,0.2702239900827408,14.284816265106201,12,141057,0.130035,fused,pytorch_eager,fp32,run_20260317_072632,/data/kernelbench-v3/solutions/GLM-5_RTX3090_66_Matmul_Dropout_Mean_Softmax.py.txt,/data/kernelbench-v3/references/66_Matmul_Dropout_Mean_Softmax.py
GLM-5,RTX3090,2,6_Conv3d_Softmax_MaxPool_MaxPool.py,True,True,0.8806846409519086,3.972831964492798,4.511072158813477,12,106562,0.10031,fused,pytorch_eager,fp32,run_20260317_072632,/data/kernelbench-v3/solutions/GLM-5_RTX3090_6_Conv3d_Softmax_MaxPool_MaxPool.py.txt,/data/kernelbench-v3/references/6_Conv3d_Softmax_MaxPool_MaxPool.py
GLM-5,RTX3090,2,82_Conv2d_Tanh_Scaling_BiasAdd_Max.py,True,False,,,,12,95643,0.08728,,,fp32,run_20260317_072632,/data/kernelbench-v3/solutions/GLM-5_RTX3090_82_Conv2d_Tanh_Scaling_BiasAdd_Max.py.txt,/data/kernelbench-v3/references/82_Conv2d_Tanh_Scaling_BiasAdd_Max.py
GLM-5,RTX3090,2,85_Conv2d_GroupNorm_Scale_MaxPool_Clamp.py,True,True,0.9394096853425183,0.6931039988994598,0.7378080189228058,12,105636,0.097067,fused,torch_compile,fp32,run_20260317_072632,/data/kernelbench-v3/solutions/GLM-5_RTX3090_85_Conv2d_GroupNorm_Scale_MaxPool_Clamp.py.txt,/data/kernelbench-v3/references/85_Conv2d_GroupNorm_Scale_MaxPool_Clamp.py
GLM-5,RTX3090,2,73_Conv2d_BatchNorm_Scaling.py,True,True,0.33925101661972923,0.38279999792575836,1.1283680200576782,12,127843,0.127454,fused,torch_compile,fp32,run_20260317_072632,/data/kernelbench-v3/solutions/GLM-5_RTX3090_73_Conv2d_BatchNorm_Scaling.py.txt,/data/kernelbench-v3/references/73_Conv2d_BatchNorm_Scaling.py
GLM-5,RTX3090,2,86_Matmul_Divide_GELU.py,False,False,,,,12,184741,0.16445,,,,run_20260317_072632,,/data/kernelbench-v3/references/86_Matmul_Divide_GELU.py
GLM-5,RTX3090,3,31_VisionAttention.py,False,False,,,,15,174831,0.148993,,,,run_20260317_072632,,/data/kernelbench-v3/references/31_VisionAttention.py
GLM-5,RTX3090,2,98_Matmul_AvgPool_GELU_Scale_Max.py,True,False,,,,12,172285,0.153999,,,fp32,run_20260317_072632,/data/kernelbench-v3/solutions/GLM-5_RTX3090_98_Matmul_AvgPool_GELU_Scale_Max.py.txt,/data/kernelbench-v3/references/98_Matmul_AvgPool_GELU_Scale_Max.py
GLM-5,RTX3090,2,99_Matmul_GELU_Softmax.py,True,True,0.005845978078020123,0.25283199548721313,43.248878479003906,12,218644,0.188696,fused,pytorch_eager,fp32,run_20260317_072632,/data/kernelbench-v3/solutions/GLM-5_RTX3090_99_Matmul_GELU_Softmax.py.txt,/data/kernelbench-v3/references/99_Matmul_GELU_Softmax.py
GLM-5,RTX3090,3,44_MiniGPTBlock.py,False,False,,,,15,240229,0.203065,,,,run_20260317_072632,,/data/kernelbench-v3/references/44_MiniGPTBlock.py
GLM-5,RTX3090,3,43_MinGPTCausalAttention.py,True,True,1.234711921784303,12.732112407684326,10.311808109283447,15,223368,0.196425,attention,torch_compile,fp32,run_20260317_072632,/data/kernelbench-v3/solutions/GLM-5_RTX3090_43_MinGPTCausalAttention.py.txt,/data/kernelbench-v3/references/43_MinGPTCausalAttention.py
GLM-5,RTX3090,4,1_DeepSeek_MLA.py,False,False,,,,15,269196,0.236756,,,,run_20260317_072632,,/data/kernelbench-v3/references/1_DeepSeek_MLA.py
GLM-5,RTX3090,4,2_DeepSeek_MoE.py,False,False,,,,15,282141,0.244939,,,,run_20260317_072632,,/data/kernelbench-v3/references/2_DeepSeek_MoE.py
GLM-5,RTX3090,4,3_GroupedQueryAttention.py,True,True,1.2200082874632856,51.58550453186035,42.28291320800781,15,246650,0.21725,attention,torch_compile,fp32,run_20260317_072632,/data/kernelbench-v3/solutions/GLM-5_RTX3090_3_GroupedQueryAttention.py.txt,/data/kernelbench-v3/references/3_GroupedQueryAttention.py
GLM-5,RTX3090,4,4_FP8_Matmul.py,False,False,,,,15,238622,0.21832,,,,run_20260317_072632,,/data/kernelbench-v3/references/4_FP8_Matmul.py
GLM-5,RTX3090,4,5_MoE_GatedGEMM.py,False,False,,,,8,0,,,,,run_20260317_072632,,/data/kernelbench-v3/references/5_MoE_GatedGEMM.py
GLM-5,RTX3090,4,7_GatedDeltaNet.py,True,False,,,,15,143506,0.126707,,,fp32,run_20260317_072632,/data/kernelbench-v3/solutions/GLM-5_RTX3090_7_GatedDeltaNet.py.txt,/data/kernelbench-v3/references/7_GatedDeltaNet.py
GLM-5,RTX3090,1,bloom.py,True,True,1.8590657487563778,0.22540800273418427,0.12124799937009811,10,108442,0.097917,fused,torch_compile,fp32,run_20260317_072632,/data/kernelbench-v3/solutions/GLM-5_RTX3090_bloom.py.txt,/data/kernelbench-v3/references/bloom.py
GLM-5,RTX3090,4,8_KimiDeltaAttention.py,False,False,,,,15,165264,0.145602,,,,run_20260317_072632,,/data/kernelbench-v3/references/8_KimiDeltaAttention.py
GLM-5,RTX3090,4,6_INT4_Quantized_GEMM.py,True,True,0.0073598694381463315,9.705503940582275,1318.7059936523438,15,304785,0.266772,gemm,torch_compile,fp16,run_20260317_072632,/data/kernelbench-v3/solutions/GLM-5_RTX3090_6_INT4_Quantized_GEMM.py.txt,/data/kernelbench-v3/references/6_INT4_Quantized_GEMM.py
GLM-5,RTX3090,1,particles.py,True,True,1.9582105483819643,0.11696000024676323,0.059728000313043594,6,34321,0.034566,fused,torch_compile,fp32,run_20260317_072632,/data/kernelbench-v3/solutions/GLM-5_RTX3090_particles.py.txt,/data/kernelbench-v3/references/particles.py
GPT-5.4,H100,1,23_Softmax.py,True,True,0.47374595444804024,0.025839999318122864,0.0545439999550581,7,28431,,softmax,pytorch_eager,fp32,run_20260317_072633,/data/kernelbench-v3/solutions/GPT-5.4_H100_23_Softmax.py.txt,/data/kernelbench-v3/references/23_Softmax.py
GPT-5.4,H100,1,1_Square_matrix_multiplication_.py,True,True,0.8395298101046962,0.35767999291419983,0.42604799568653107,5,21170,,gemm,pytorch_eager,fp32,run_20260317_072633,/data/kernelbench-v3/solutions/GPT-5.4_H100_1_Square_matrix_multiplication_.py.txt,/data/kernelbench-v3/references/1_Square_matrix_multiplication_.py
GPT-5.4,H100,1,2_Standard_matrix_multiplication_.py,False,False,,,,10,49635,,,,,run_20260317_072633,,/data/kernelbench-v3/references/2_Standard_matrix_multiplication_.py
GPT-5.4,H100,1,26_GELU_.py,False,False,,,,5,18642,,,,,run_20260317_072633,,/data/kernelbench-v3/references/26_GELU_.py
GPT-5.4,H100,1,36_RMSNorm_.py,True,True,0.275307903432809,0.4528000056743622,1.644703984260559,4,15124,,layernorm,torch_compile,fp32,run_20260317_072633,/data/kernelbench-v3/solutions/GPT-5.4_H100_36_RMSNorm_.py.txt,/data/kernelbench-v3/references/36_RMSNorm_.py
GPT-5.4,H100,1,47_Sum_reduction_over_a_dimension.py,True,True,0.5399923079518235,0.04472000151872635,0.0828159973025322,4,14417,,reduction,pytorch_eager,fp32,run_20260317_072633,/data/kernelbench-v3/solutions/GPT-5.4_H100_47_Sum_reduction_over_a_dimension.py.txt,/data/kernelbench-v3/references/47_Sum_reduction_over_a_dimension.py
GPT-5.4,H100,1,40_LayerNorm.py,True,True,0.1115252659182847,0.7602240145206451,6.81660795211792,4,16606,,layernorm,torch_compile,fp32,run_20260317_072633,/data/kernelbench-v3/solutions/GPT-5.4_H100_40_LayerNorm.py.txt,/data/kernelbench-v3/references/40_LayerNorm.py
GPT-5.4,H100,1,4_Matrix_vector_multiplication_.py,True,True,0.5498972947566062,0.06427199766039848,0.11688000336289406,6,26070,,gemm,pytorch_eager,fp32,run_20260317_072633,/data/kernelbench-v3/solutions/GPT-5.4_H100_4_Matrix_vector_multiplication_.py.txt,/data/kernelbench-v3/references/4_Matrix_vector_multiplication_.py
GPT-5.4,H100,1,42_Max_Pooling_2D.py,False,False,,,,4,16981,,,,,run_20260317_072633,,/data/kernelbench-v3/references/42_Max_Pooling_2D.py
GPT-5.4,H100,1,3_Batched_matrix_multiplication.py,True,True,1.5764599489232733,0.11100800335407257,0.07041599974036217,10,57705,,gemm,pytorch_eager,fp32,run_20260317_072633,/data/kernelbench-v3/solutions/GPT-5.4_H100_3_Batched_matrix_multiplication.py.txt,/data/kernelbench-v3/references/3_Batched_matrix_multiplication.py
GPT-5.4,H100,1,63_conv_standard_2D__square_input__square_kernel.py,True,True,1.0014296034456454,0.2465760037302971,0.24622400104999542,8,49471,,conv,pytorch_eager,fp32,run_20260317_072633,/data/kernelbench-v3/solutions/GPT-5.4_H100_63_conv_standard_2D__square_input__square_kernel.py.txt,/data/kernelbench-v3/references/63_conv_standard_2D__square_input__square_kernel.py
GPT-5.4,H100,1,95_CrossEntropyLoss.py,True,True,0.6265840728760564,0.035600000992417336,0.05681600049138069,4,13850,,reduction,pytorch_eager,fp32,run_20260317_072633,/data/kernelbench-v3/solutions/GPT-5.4_H100_95_CrossEntropyLoss.py.txt,/data/kernelbench-v3/references/95_CrossEntropyLoss.py
GPT-5.4,H100,1,9_Tall_skinny_matrix_multiplication_.py,True,True,1.166775962157131,0.4840160012245178,0.4148319959640503,4,15955,,gemm,pytorch_eager,fp32,run_20260317_072633,/data/kernelbench-v3/solutions/GPT-5.4_H100_9_Tall_skinny_matrix_multiplication_.py.txt,/data/kernelbench-v3/references/9_Tall_skinny_matrix_multiplication_.py
GPT-5.4,H100,2,17_Conv2d_InstanceNorm_Divide.py,True,True,0.6732385781765984,0.28192000091075897,0.4187519997358322,4,14055,,fused,torch_compile,fp32,run_20260317_072633,/data/kernelbench-v3/solutions/GPT-5.4_H100_17_Conv2d_InstanceNorm_Divide.py.txt,/data/kernelbench-v3/references/17_Conv2d_InstanceNorm_Divide.py
GPT-5.4,H100,1,82_conv_depthwise_2D_square_input_square_kernel.py,True,True,1.3770561347734989,0.052239999175071716,0.037935998290777206,8,62131,,conv,pytorch_eager,fp32,run_20260317_072633,/data/kernelbench-v3/solutions/GPT-5.4_H100_82_conv_depthwise_2D_square_input_square_kernel.py.txt,/data/kernelbench-v3/references/82_conv_depthwise_2D_square_input_square_kernel.py
GPT-5.4,H100,2,40_Matmul_Scaling_ResidualAdd.py,True,True,1.5721052464373004,0.19116799533367157,0.12159999832510948,4,17046,,fused,torch_compile,fp32,run_20260317_072633,/data/kernelbench-v3/solutions/GPT-5.4_H100_40_Matmul_Scaling_ResidualAdd.py.txt,/data/kernelbench-v3/references/40_Matmul_Scaling_ResidualAdd.py
GPT-5.4,H100,1,8_Matmul_with_irregular_shapes_.py,False,False,,,,10,58536,,,,,run_20260317_072633,,/data/kernelbench-v3/references/8_Matmul_with_irregular_shapes_.py
GPT-5.4,H100,2,37_Matmul_Swish_Sum_GroupNorm.py,True,True,0.8915071310437982,0.20641599595546722,0.23153600096702576,12,87912,,fused,torch_compile,fp32,run_20260317_072633,/data/kernelbench-v3/solutions/GPT-5.4_H100_37_Matmul_Swish_Sum_GroupNorm.py.txt,/data/kernelbench-v3/references/37_Matmul_Swish_Sum_GroupNorm.py
GPT-5.4,H100,2,46_Conv2d_Subtract_Tanh_Subtract_AvgPool.py,True,True,1.0808035815622534,0.27457599341869354,0.2540480047464371,4,17351,,fused,torch_compile,fp32,run_20260317_072633,/data/kernelbench-v3/solutions/GPT-5.4_H100_46_Conv2d_Subtract_Tanh_Subtract_AvgPool.py.txt,/data/kernelbench-v3/references/46_Conv2d_Subtract_Tanh_Subtract_AvgPool.py
GPT-5.4,H100,2,59_Matmul_Swish_Scaling.py,True,False,,,,4,15872,,,,fp32,run_20260317_072633,/data/kernelbench-v3/solutions/GPT-5.4_H100_59_Matmul_Swish_Scaling.py.txt,/data/kernelbench-v3/references/59_Matmul_Swish_Scaling.py
GPT-5.4,H100,2,52_Conv2d_Activation_BatchNorm.py,True,True,0.48458205528769216,0.25043199956417084,0.5167999863624573,10,83444,,fused,torch_compile,fp32,run_20260317_072633,/data/kernelbench-v3/solutions/GPT-5.4_H100_52_Conv2d_Activation_BatchNorm.py.txt,/data/kernelbench-v3/references/52_Conv2d_Activation_BatchNorm.py
GPT-5.4,H100,2,73_Conv2d_BatchNorm_Scaling.py,False,False,,,,4,13982,,,,,run_20260317_072633,,/data/kernelbench-v3/references/73_Conv2d_BatchNorm_Scaling.py
GPT-5.4,H100,2,6_Conv3d_Softmax_MaxPool_MaxPool.py,True,True,0.7131330268746214,1.243008017539978,1.7430240511894226,4,14629,,fused,torch_compile,fp32,run_20260317_072633,/data/kernelbench-v3/solutions/GPT-5.4_H100_6_Conv3d_Softmax_MaxPool_MaxPool.py.txt,/data/kernelbench-v3/references/6_Conv3d_Softmax_MaxPool_MaxPool.py
GPT-5.4,H100,2,55_Matmul_MaxPool_Sum_Scale.py,True,True,0.16218052026729576,0.25219200551509857,1.5550079941749573,12,69439,,fused,torch_compile,fp32,run_20260317_072633,/data/kernelbench-v3/solutions/GPT-5.4_H100_55_Matmul_MaxPool_Sum_Scale.py.txt,/data/kernelbench-v3/references/55_Matmul_MaxPool_Sum_Scale.py
GPT-5.4,H100,2,66_Matmul_Dropout_Mean_Softmax.py,True,True,2.082110490895744,0.213408000767231,0.10249600186944008,4,14620,,fused,pytorch_eager,fp32,run_20260317_072633,/data/kernelbench-v3/solutions/GPT-5.4_H100_66_Matmul_Dropout_Mean_Softmax.py.txt,/data/kernelbench-v3/references/66_Matmul_Dropout_Mean_Softmax.py
GPT-5.4,H100,2,85_Conv2d_GroupNorm_Scale_MaxPool_Clamp.py,True,True,0.5966190465126521,0.3145280033349991,0.5271839797496796,4,14770,,fused,torch_compile,fp32,run_20260317_072633,/data/kernelbench-v3/solutions/GPT-5.4_H100_85_Conv2d_GroupNorm_Scale_MaxPool_Clamp.py.txt,/data/kernelbench-v3/references/85_Conv2d_GroupNorm_Scale_MaxPool_Clamp.py
GPT-5.4,H100,2,86_Matmul_Divide_GELU.py,True,True,1.4854702469175691,0.2003839984536171,0.13489600270986557,4,16766,,fused,torch_compile,fp32,run_20260317_072633,/data/kernelbench-v3/solutions/GPT-5.4_H100_86_Matmul_Divide_GELU.py.txt,/data/kernelbench-v3/references/86_Matmul_Divide_GELU.py
GPT-5.4,H100,2,82_Conv2d_Tanh_Scaling_BiasAdd_Max.py,True,True,0.634917627645369,0.2701599895954132,0.42550399899482727,8,47754,,fused,torch_compile,fp32,run_20260317_072633,/data/kernelbench-v3/solutions/GPT-5.4_H100_82_Conv2d_Tanh_Scaling_BiasAdd_Max.py.txt,/data/kernelbench-v3/references/82_Conv2d_Tanh_Scaling_BiasAdd_Max.py
GPT-5.4,H100,2,99_Matmul_GELU_Softmax.py,True,False,,,,6,26921,,,,fp32,run_20260317_072633,/data/kernelbench-v3/solutions/GPT-5.4_H100_99_Matmul_GELU_Softmax.py.txt,/data/kernelbench-v3/references/99_Matmul_GELU_Softmax.py
GPT-5.4,H100,3,43_MinGPTCausalAttention.py,True,True,1.3169059379263268,5.33407998085022,4.050463914871216,4,18072,,attention,torch_compile,fp32,run_20260317_072633,/data/kernelbench-v3/solutions/GPT-5.4_H100_43_MinGPTCausalAttention.py.txt,/data/kernelbench-v3/references/43_MinGPTCausalAttention.py
GPT-5.4,H100,3,31_VisionAttention.py,True,True,0.5057383471872651,14.439711570739746,28.551743507385254,4,17497,,attention,torch_compile,fp32,run_20260317_072633,/data/kernelbench-v3/solutions/GPT-5.4_H100_31_VisionAttention.py.txt,/data/kernelbench-v3/references/31_VisionAttention.py
GPT-5.4,H100,2,98_Matmul_AvgPool_GELU_Scale_Max.py,True,False,,,,12,68141,,,,fp32,run_20260317_072633,/data/kernelbench-v3/solutions/GPT-5.4_H100_98_Matmul_AvgPool_GELU_Scale_Max.py.txt,/data/kernelbench-v3/references/98_Matmul_AvgPool_GELU_Scale_Max.py
GPT-5.4,H100,3,44_MiniGPTBlock.py,True,True,0.919863070678925,23.430943489074707,25.47220802307129,4,21188,,model,torch_compile,fp32,run_20260317_072633,/data/kernelbench-v3/solutions/GPT-5.4_H100_44_MiniGPTBlock.py.txt,/data/kernelbench-v3/references/44_MiniGPTBlock.py
GPT-5.4,H100,4,2_DeepSeek_MoE.py,False,False,,,,7,66650,,,,,run_20260317_072633,,/data/kernelbench-v3/references/2_DeepSeek_MoE.py
GPT-5.4,H100,4,1_DeepSeek_MLA.py,False,False,,,,10,95532,,,,,run_20260317_072633,,/data/kernelbench-v3/references/1_DeepSeek_MLA.py
GPT-5.4,H100,4,4_FP8_Matmul.py,True,True,0.8473684979296751,0.7607199847698212,0.8977439999580383,4,23315,,gemm,torch_compile,fp16,run_20260317_072633,/data/kernelbench-v3/solutions/GPT-5.4_H100_4_FP8_Matmul.py.txt,/data/kernelbench-v3/references/4_FP8_Matmul.py
GPT-5.4,H100,4,3_GroupedQueryAttention.py,True,True,1.2187624518037763,21.43705654144287,17.589200019836426,8,68346,,attention,torch_compile,fp32,run_20260317_072633,/data/kernelbench-v3/solutions/GPT-5.4_H100_3_GroupedQueryAttention.py.txt,/data/kernelbench-v3/references/3_GroupedQueryAttention.py
GPT-5.4,H100,4,5_MoE_GatedGEMM.py,False,False,,,,8,59085,,,,,run_20260317_072633,,/data/kernelbench-v3/references/5_MoE_GatedGEMM.py
GPT-5.4,H100,4,7_GatedDeltaNet.py,True,True,0.9995659472091244,11.090735912322998,11.09555196762085,6,40268,,model,pytorch_eager,fp32,run_20260317_072633,/data/kernelbench-v3/solutions/GPT-5.4_H100_7_GatedDeltaNet.py.txt,/data/kernelbench-v3/references/7_GatedDeltaNet.py
GPT-5.4,H100,4,8_KimiDeltaAttention.py,True,True,1.0063143953567726,11.23742389678955,11.166911602020264,7,49598,,attention,pytorch_eager,fp32,run_20260317_072633,/data/kernelbench-v3/solutions/GPT-5.4_H100_8_KimiDeltaAttention.py.txt,/data/kernelbench-v3/references/8_KimiDeltaAttention.py
GPT-5.4,H100,1,gemm_bf16.py,True,True,0.5703303607152918,0.04391999915242195,0.07700799778103828,2,7911,,gemm,pytorch_eager,bf16,run_20260317_072633,/data/kernelbench-v3/solutions/GPT-5.4_H100_gemm_bf16.py.txt,/data/kernelbench-v3/references/gemm_bf16.py
GPT-5.4,H100,1,gemm_bias_gelu.py,True,True,1.6575959890004428,0.15886399894952774,0.09583999961614609,9,41316,,gemm_epilogue,torch_compile,fp16,run_20260317_072633,/data/kernelbench-v3/solutions/GPT-5.4_H100_gemm_bias_gelu.py.txt,/data/kernelbench-v3/references/gemm_bias_gelu.py
GPT-5.4,H100,1,gemm_bias_relu.py,True,True,1.0069276775580294,0.10000000149011612,0.09931199997663498,4,16154,,gemm_epilogue,pytorch_eager,fp16,run_20260317_072633,/data/kernelbench-v3/solutions/GPT-5.4_H100_gemm_bias_relu.py.txt,/data/kernelbench-v3/references/gemm_bias_relu.py
GPT-5.4,H100,1,gemm_bias_silu.py,True,True,1.1604619410482946,0.1366560012102127,0.11776000261306763,4,16179,,gemm_epilogue,torch_compile,fp16,run_20260317_072633,/data/kernelbench-v3/solutions/GPT-5.4_H100_gemm_bias_silu.py.txt,/data/kernelbench-v3/references/gemm_bias_silu.py
GPT-5.4,H100,1,gemm_fp4.py,True,True,3.2881909819661552,0.4187840074300766,0.127360001206398,2,8329,,gemm,pytorch_eager,int8,run_20260317_072633,/data/kernelbench-v3/solutions/GPT-5.4_H100_gemm_fp4.py.txt,/data/kernelbench-v3/references/gemm_fp4.py
GPT-5.4,H100,1,gemm_fp8.py,True,True,2.9404374193748732,0.4755040109157562,0.16171199828386307,3,11963,,gemm,torch_compile,int8,run_20260317_072633,/data/kernelbench-v3/solutions/GPT-5.4_H100_gemm_fp8.py.txt,/data/kernelbench-v3/references/gemm_fp8.py
GPT-5.4,H100,1,gemm_residual_add.py,True,True,1.6792313706805786,0.18318399786949158,0.1090880036354065,4,13002,,gemm_epilogue,torch_compile,fp16,run_20260317_072633,/data/kernelbench-v3/solutions/GPT-5.4_H100_gemm_residual_add.py.txt,/data/kernelbench-v3/references/gemm_residual_add.py
GPT-5.4,H100,4,6_INT4_Quantized_GEMM.py,True,True,0.0014346855143500038,1.1224160194396973,782.3428955078125,15,141531,,gemm,torch_compile,fp16,run_20260317_072633,/data/kernelbench-v3/solutions/GPT-5.4_H100_6_INT4_Quantized_GEMM.py.txt,/data/kernelbench-v3/references/6_INT4_Quantized_GEMM.py
GPT-5.4,H100,1,gemm_mixed_fp8_fp16.py,False,False,,,,10,51202,,,,,run_20260317_072633,,/data/kernelbench-v3/references/gemm_mixed_fp8_fp16.py
GPT-5.4,H100,1,gemv_fp4.py,True,True,0.6225762262861164,0.4145760089159012,0.6659040153026581,4,15576,,gemv,torch_compile,int8,run_20260317_072633,/data/kernelbench-v3/solutions/GPT-5.4_H100_gemv_fp4.py.txt,/data/kernelbench-v3/references/gemv_fp4.py
GPT-5.4,H100,1,gemv_fp16.py,True,True,0.10559236194849221,0.06833599880337715,0.6471680104732513,4,14493,,gemv,pytorch_eager,fp16,run_20260317_072633,/data/kernelbench-v3/solutions/GPT-5.4_H100_gemv_fp16.py.txt,/data/kernelbench-v3/references/gemv_fp16.py
GPT-5.4,H100,1,gemv_bf16.py,True,True,0.04936617498811997,0.06249599903821945,1.2659680247306824,4,14799,,gemv,pytorch_eager,bf16,run_20260317_072633,/data/kernelbench-v3/solutions/GPT-5.4_H100_gemv_bf16.py.txt,/data/kernelbench-v3/references/gemv_bf16.py
GPT-5.4,H100,1,gemv_fp8.py,True,True,0.8639752864212052,0.3893280029296875,0.4506240040063858,4,15147,,gemv,torch_compile,int8,run_20260317_072633,/data/kernelbench-v3/solutions/GPT-5.4_H100_gemv_fp8.py.txt,/data/kernelbench-v3/references/gemv_fp8.py
GPT-5.4,H100,1,moe_grouped_gemm.py,True,True,0.9889323543823858,1.8485440015792847,1.8692319989204407,8,46956,,moe_grouped_gemm,pytorch_eager,fp32,run_20260317_072633,/data/kernelbench-v3/solutions/GPT-5.4_H100_moe_grouped_gemm.py.txt,/data/kernelbench-v3/references/moe_grouped_gemm.py
Qwen3.5 397B A17B,RTX3090,1,26_GELU_.py,True,True,0.8697885152172057,0.04606400057673454,0.052960000932216644,10,86017,0.046599,elementwise,pytorch_eager,fp32,run_20260317_084945,/data/kernelbench-v3/solutions/Qwen3.5 397B A17B_RTX3090_26_GELU_.py.txt,/data/kernelbench-v3/references/26_GELU_.py
Qwen3.5 397B A17B,RTX3090,1,23_Softmax.py,False,False,,,,8,92644,0.057314,,,,run_20260317_084945,,/data/kernelbench-v3/references/23_Softmax.py
Qwen3.5 397B A17B,RTX3090,1,1_Square_matrix_multiplication_.py,True,False,,,,10,134817,0.076351,,,fp32,run_20260317_084945,/data/kernelbench-v3/solutions/Qwen3.5 397B A17B_RTX3090_1_Square_matrix_multiplication_.py.txt,/data/kernelbench-v3/references/1_Square_matrix_multiplication_.py
Qwen3.5 397B A17B,RTX3090,1,2_Standard_matrix_multiplication_.py,True,False,,,,10,88583,0.054518,,,fp32,run_20260317_084945,/data/kernelbench-v3/solutions/Qwen3.5 397B A17B_RTX3090_2_Standard_matrix_multiplication_.py.txt,/data/kernelbench-v3/references/2_Standard_matrix_multiplication_.py
Qwen3.5 397B A17B,RTX3090,1,40_LayerNorm.py,False,False,,,,2,10997,0.013333,,,,run_20260317_084945,,/data/kernelbench-v3/references/40_LayerNorm.py
Qwen3.5 397B A17B,RTX3090,1,3_Batched_matrix_multiplication.py,False,False,,,,2,0,,,,,run_20260317_084945,,/data/kernelbench-v3/references/3_Batched_matrix_multiplication.py
Qwen3.5 397B A17B,RTX3090,1,42_Max_Pooling_2D.py,True,True,1.4483466658693933,1.1289920210838318,0.7795040011405945,4,20734,0.013566,reduction,pytorch_eager,fp32,run_20260317_084945,/data/kernelbench-v3/solutions/Qwen3.5 397B A17B_RTX3090_42_Max_Pooling_2D.py.txt,/data/kernelbench-v3/references/42_Max_Pooling_2D.py
Qwen3.5 397B A17B,RTX3090,1,47_Sum_reduction_over_a_dimension.py,True,True,0.3381623318845221,0.027264000847935677,0.08062400296330452,4,18839,0.012635,reduction,pytorch_eager,fp32,run_20260317_084945,/data/kernelbench-v3/solutions/Qwen3.5 397B A17B_RTX3090_47_Sum_reduction_over_a_dimension.py.txt,/data/kernelbench-v3/references/47_Sum_reduction_over_a_dimension.py
Qwen3.5 397B A17B,RTX3090,1,4_Matrix_vector_multiplication_.py,True,True,0.06728144682663259,0.16249600052833557,2.415168046951294,8,63756,0.03789,gemm,pytorch_eager,fp32,run_20260317_084945,/data/kernelbench-v3/solutions/Qwen3.5 397B A17B_RTX3090_4_Matrix_vector_multiplication_.py.txt,/data/kernelbench-v3/references/4_Matrix_vector_multiplication_.py
Qwen3.5 397B A17B,RTX3090,1,8_Matmul_with_irregular_shapes_.py,True,True,0.7310406765410736,22.861408233642578,31.27241611480713,10,72505,0.038881,gemm,pytorch_eager,fp32,run_20260317_084945,/data/kernelbench-v3/solutions/Qwen3.5 397B A17B_RTX3090_8_Matmul_with_irregular_shapes_.py.txt,/data/kernelbench-v3/references/8_Matmul_with_irregular_shapes_.py
Qwen3.5 397B A17B,RTX3090,1,63_conv_standard_2D__square_input__square_kernel.py,False,False,,,,10,156758,0.09728,,,,run_20260317_084945,,/data/kernelbench-v3/references/63_conv_standard_2D__square_input__square_kernel.py
Qwen3.5 397B A17B,RTX3090,1,95_CrossEntropyLoss.py,True,True,1.95347170561941,0.0873280018568039,0.044704001396894455,6,48291,0.031163,reduction,torch_compile,fp32,run_20260317_084945,/data/kernelbench-v3/solutions/Qwen3.5 397B A17B_RTX3090_95_CrossEntropyLoss.py.txt,/data/kernelbench-v3/references/95_CrossEntropyLoss.py
Qwen3.5 397B A17B,RTX3090,1,82_conv_depthwise_2D_square_input_square_kernel.py,False,False,,,,10,164538,0.099354,,,,run_20260317_084945,,/data/kernelbench-v3/references/82_conv_depthwise_2D_square_input_square_kernel.py
Qwen3.5 397B A17B,RTX3090,1,36_RMSNorm_.py,True,False,,,,10,86012,0.056959,,,fp32,run_20260317_084945,/data/kernelbench-v3/solutions/Qwen3.5 397B A17B_RTX3090_36_RMSNorm_.py.txt,/data/kernelbench-v3/references/36_RMSNorm_.py
Qwen3.5 397B A17B,RTX3090,1,9_Tall_skinny_matrix_multiplication_.py,True,True,0.3699463428208742,1.4724160432815552,3.980080008506775,10,88939,0.048365,gemm,pytorch_eager,fp32,run_20260317_084945,/data/kernelbench-v3/solutions/Qwen3.5 397B A17B_RTX3090_9_Tall_skinny_matrix_multiplication_.py.txt,/data/kernelbench-v3/references/9_Tall_skinny_matrix_multiplication_.py
Qwen3.5 397B A17B,RTX3090,2,17_Conv2d_InstanceNorm_Divide.py,True,True,0.018398455089509522,0.5056640207767487,27.484047889709473,12,129286,0.070598,fused,torch_compile,fp32,run_20260317_084945,/data/kernelbench-v3/solutions/Qwen3.5 397B A17B_RTX3090_17_Conv2d_InstanceNorm_Divide.py.txt,/data/kernelbench-v3/references/17_Conv2d_InstanceNorm_Divide.py
Qwen3.5 397B A17B,RTX3090,2,37_Matmul_Swish_Sum_GroupNorm.py,False,False,,,,12,139604,0.078682,,,,run_20260317_084945,,/data/kernelbench-v3/references/37_Matmul_Swish_Sum_GroupNorm.py
Qwen3.5 397B A17B,RTX3090,2,46_Conv2d_Subtract_Tanh_Subtract_AvgPool.py,True,True,0.9262987485526974,0.48443199694156647,0.5229759812355042,10,68119,0.036938,fused,torch_compile,fp32,run_20260317_084945,/data/kernelbench-v3/solutions/Qwen3.5 397B A17B_RTX3090_46_Conv2d_Subtract_Tanh_Subtract_AvgPool.py.txt,/data/kernelbench-v3/references/46_Conv2d_Subtract_Tanh_Subtract_AvgPool.py
Qwen3.5 397B A17B,RTX3090,2,59_Matmul_Swish_Scaling.py,True,True,0.7629383581257203,0.27219200134277344,0.35676801204681396,8,45144,0.024876,fused,pytorch_eager,fp32,run_20260317_084945,/data/kernelbench-v3/solutions/Qwen3.5 397B A17B_RTX3090_59_Matmul_Swish_Scaling.py.txt,/data/kernelbench-v3/references/59_Matmul_Swish_Scaling.py
Qwen3.5 397B A17B,RTX3090,2,55_Matmul_MaxPool_Sum_Scale.py,False,False,,,,2,13832,0.019688,,,,run_20260317_084945,,/data/kernelbench-v3/references/55_Matmul_MaxPool_Sum_Scale.py
Qwen3.5 397B A17B,RTX3090,2,52_Conv2d_Activation_BatchNorm.py,True,False,,,,12,82521,0.044256,,,fp32,run_20260317_084945,/data/kernelbench-v3/solutions/Qwen3.5 397B A17B_RTX3090_52_Conv2d_Activation_BatchNorm.py.txt,/data/kernelbench-v3/references/52_Conv2d_Activation_BatchNorm.py
Qwen3.5 397B A17B,RTX3090,2,66_Matmul_Dropout_Mean_Softmax.py,True,False,,,,4,19285,0.012646,,,fp32,run_20260317_084945,/data/kernelbench-v3/solutions/Qwen3.5 397B A17B_RTX3090_66_Matmul_Dropout_Mean_Softmax.py.txt,/data/kernelbench-v3/references/66_Matmul_Dropout_Mean_Softmax.py
Qwen3.5 397B A17B,RTX3090,2,40_Matmul_Scaling_ResidualAdd.py,True,False,,,,12,210705,0.119519,,,fp32,run_20260317_084945,/data/kernelbench-v3/solutions/Qwen3.5 397B A17B_RTX3090_40_Matmul_Scaling_ResidualAdd.py.txt,/data/kernelbench-v3/references/40_Matmul_Scaling_ResidualAdd.py
Qwen3.5 397B A17B,RTX3090,2,6_Conv3d_Softmax_MaxPool_MaxPool.py,True,True,0.009112954806637303,4.011119842529297,440.1557922363281,9,90185,0.057338,fused,pytorch_eager,fp32,run_20260317_084945,/data/kernelbench-v3/solutions/Qwen3.5 397B A17B_RTX3090_6_Conv3d_Softmax_MaxPool_MaxPool.py.txt,/data/kernelbench-v3/references/6_Conv3d_Softmax_MaxPool_MaxPool.py
Qwen3.5 397B A17B,RTX3090,2,82_Conv2d_Tanh_Scaling_BiasAdd_Max.py,True,True,0.2862339004750769,0.48601600527763367,1.6979680061340332,12,148871,0.078464,fused,torch_compile,fp32,run_20260317_084945,/data/kernelbench-v3/solutions/Qwen3.5 397B A17B_RTX3090_82_Conv2d_Tanh_Scaling_BiasAdd_Max.py.txt,/data/kernelbench-v3/references/82_Conv2d_Tanh_Scaling_BiasAdd_Max.py
Qwen3.5 397B A17B,RTX3090,2,73_Conv2d_BatchNorm_Scaling.py,True,False,,,,12,166515,0.089985,,,fp32,run_20260317_084945,/data/kernelbench-v3/solutions/Qwen3.5 397B A17B_RTX3090_73_Conv2d_BatchNorm_Scaling.py.txt,/data/kernelbench-v3/references/73_Conv2d_BatchNorm_Scaling.py
Qwen3.5 397B A17B,RTX3090,2,85_Conv2d_GroupNorm_Scale_MaxPool_Clamp.py,False,False,,,,12,169919,0.097451,,,,run_20260317_084945,,/data/kernelbench-v3/references/85_Conv2d_GroupNorm_Scale_MaxPool_Clamp.py
Qwen3.5 397B A17B,RTX3090,2,86_Matmul_Divide_GELU.py,True,False,,,,12,117286,0.063937,,,fp32,run_20260317_084945,/data/kernelbench-v3/solutions/Qwen3.5 397B A17B_RTX3090_86_Matmul_Divide_GELU.py.txt,/data/kernelbench-v3/references/86_Matmul_Divide_GELU.py
Qwen3.5 397B A17B,RTX3090,2,99_Matmul_GELU_Softmax.py,True,False,,,,12,133007,0.070468,,,fp32,run_20260317_084945,/data/kernelbench-v3/solutions/Qwen3.5 397B A17B_RTX3090_99_Matmul_GELU_Softmax.py.txt,/data/kernelbench-v3/references/99_Matmul_GELU_Softmax.py
Qwen3.5 397B A17B,RTX3090,3,43_MinGPTCausalAttention.py,False,False,,,,2,17126,0.023729,,,,run_20260317_084945,,/data/kernelbench-v3/references/43_MinGPTCausalAttention.py
Qwen3.5 397B A17B,RTX3090,3,31_VisionAttention.py,True,False,,,,15,163999,0.093628,,,fp32,run_20260317_084945,/data/kernelbench-v3/solutions/Qwen3.5 397B A17B_RTX3090_31_VisionAttention.py.txt,/data/kernelbench-v3/references/31_VisionAttention.py
Qwen3.5 397B A17B,RTX3090,4,1_DeepSeek_MLA.py,False,False,,,,2,0,,,,,run_20260317_084945,,/data/kernelbench-v3/references/1_DeepSeek_MLA.py
Qwen3.5 397B A17B,RTX3090,2,98_Matmul_AvgPool_GELU_Scale_Max.py,True,False,,,,12,139649,0.099889,,,fp32,run_20260317_084945,/data/kernelbench-v3/solutions/Qwen3.5 397B A17B_RTX3090_98_Matmul_AvgPool_GELU_Scale_Max.py.txt,/data/kernelbench-v3/references/98_Matmul_AvgPool_GELU_Scale_Max.py
Qwen3.5 397B A17B,RTX3090,4,3_GroupedQueryAttention.py,False,False,,,,2,0,,,,,run_20260317_084945,,/data/kernelbench-v3/references/3_GroupedQueryAttention.py
Qwen3.5 397B A17B,RTX3090,3,44_MiniGPTBlock.py,False,False,,,,15,214625,0.117563,,,,run_20260317_084945,,/data/kernelbench-v3/references/44_MiniGPTBlock.py
Qwen3.5 397B A17B,RTX3090,4,4_FP8_Matmul.py,False,False,,,,15,167952,0.085774,,,,run_20260317_084945,,/data/kernelbench-v3/references/4_FP8_Matmul.py
Qwen3.5 397B A17B,RTX3090,4,2_DeepSeek_MoE.py,False,False,,,,15,371949,0.181111,,,,run_20260317_084945,,/data/kernelbench-v3/references/2_DeepSeek_MoE.py
Qwen3.5 397B A17B,RTX3090,4,8_KimiDeltaAttention.py,False,False,,,,3,19021,0.009494,,,,run_20260317_084945,,/data/kernelbench-v3/references/8_KimiDeltaAttention.py
Qwen3.5 397B A17B,RTX3090,4,7_GatedDeltaNet.py,False,False,,,,11,0,,,,,run_20260317_084945,,/data/kernelbench-v3/references/7_GatedDeltaNet.py
Qwen3.5 397B A17B,RTX3090,1,particles.py,False,False,,,,2,8437,0.006873,,,,run_20260317_084945,,/data/kernelbench-v3/references/particles.py
Qwen3.5 397B A17B,RTX3090,4,5_MoE_GatedGEMM.py,True,False,,,,15,218825,0.113751,,,fp32,run_20260317_084945,/data/kernelbench-v3/solutions/Qwen3.5 397B A17B_RTX3090_5_MoE_GatedGEMM.py.txt,/data/kernelbench-v3/references/5_MoE_GatedGEMM.py
Qwen3.5 397B A17B,RTX3090,4,6_INT4_Quantized_GEMM.py,True,True,0.22980378800901693,19.4192476272583,84.50360107421875,15,271767,0.15222,gemm,torch_compile,fp16,run_20260317_084945,/data/kernelbench-v3/solutions/Qwen3.5 397B A17B_RTX3090_6_INT4_Quantized_GEMM.py.txt,/data/kernelbench-v3/references/6_INT4_Quantized_GEMM.py
Qwen3.5 397B A17B,RTX3090,1,bloom.py,True,False,,,,10,94463,0.056641,,,fp32,run_20260317_084945,/data/kernelbench-v3/solutions/Qwen3.5 397B A17B_RTX3090_bloom.py.txt,/data/kernelbench-v3/references/bloom.py
GPT-5.3,H100,1,23_Softmax.py,True,True,0.5709746050984158,0.025872000493109226,0.04531199857592583,3,9277,,softmax,pytorch_eager,fp32,run_20260317_084946,/data/kernelbench-v3/solutions/GPT-5.3_H100_23_Softmax.py.txt,/data/kernelbench-v3/references/23_Softmax.py
GPT-5.3,H100,1,1_Square_matrix_multiplication_.py,True,True,0.9852749146306804,0.4464319944381714,0.4531039893627167,9,35500,,gemm,torch_compile,fp32,run_20260317_084946,/data/kernelbench-v3/solutions/GPT-5.3_H100_1_Square_matrix_multiplication_.py.txt,/data/kernelbench-v3/references/1_Square_matrix_multiplication_.py
GPT-5.3,H100,1,36_RMSNorm_.py,True,True,0.28959354449947794,0.4811840057373047,1.6615840196609497,3,10108,,layernorm,torch_compile,fp32,run_20260317_084946,/data/kernelbench-v3/solutions/GPT-5.3_H100_36_RMSNorm_.py.txt,/data/kernelbench-v3/references/36_RMSNorm_.py
GPT-5.3,H100,1,26_GELU_.py,True,True,0.9719908799482239,0.02054399996995926,0.021136000752449036,3,10538,,elementwise,pytorch_eager,fp32,run_20260317_084946,/data/kernelbench-v3/solutions/GPT-5.3_H100_26_GELU_.py.txt,/data/kernelbench-v3/references/26_GELU_.py
GPT-5.3,H100,1,2_Standard_matrix_multiplication_.py,True,True,1.8973421255240464,0.49798400700092316,0.2624640017747879,10,40723,,gemm,torch_compile,fp32,run_20260317_084946,/data/kernelbench-v3/solutions/GPT-5.3_H100_2_Standard_matrix_multiplication_.py.txt,/data/kernelbench-v3/references/2_Standard_matrix_multiplication_.py
GPT-5.3,H100,1,47_Sum_reduction_over_a_dimension.py,True,True,0.4162410491600855,0.026079999282956123,0.06265600025653839,3,9516,,reduction,pytorch_eager,fp32,run_20260317_084946,/data/kernelbench-v3/solutions/GPT-5.3_H100_47_Sum_reduction_over_a_dimension.py.txt,/data/kernelbench-v3/references/47_Sum_reduction_over_a_dimension.py
GPT-5.3,H100,1,3_Batched_matrix_multiplication.py,True,True,0.7990096706203681,0.1136000007390976,0.14217600226402283,10,43138,,gemm,pytorch_eager,fp32,run_20260317_084946,/data/kernelbench-v3/solutions/GPT-5.3_H100_3_Batched_matrix_multiplication.py.txt,/data/kernelbench-v3/references/3_Batched_matrix_multiplication.py
GPT-5.3,H100,1,42_Max_Pooling_2D.py,True,True,1.2642967961044949,0.4188160002231598,0.3312639892101288,3,11243,,reduction,pytorch_eager,fp32,run_20260317_084946,/data/kernelbench-v3/solutions/GPT-5.3_H100_42_Max_Pooling_2D.py.txt,/data/kernelbench-v3/references/42_Max_Pooling_2D.py
GPT-5.3,H100,1,40_LayerNorm.py,True,True,0.0368045348197717,0.7040160000324249,19.128512382507324,3,11324,,layernorm,torch_compile,fp32,run_20260317_084946,/data/kernelbench-v3/solutions/GPT-5.3_H100_40_LayerNorm.py.txt,/data/kernelbench-v3/references/40_LayerNorm.py
GPT-5.3,H100,1,4_Matrix_vector_multiplication_.py,True,True,0.5706756789325835,0.06756800040602684,0.11840000003576279,6,23782,,gemm,pytorch_eager,fp32,run_20260317_084946,/data/kernelbench-v3/solutions/GPT-5.3_H100_4_Matrix_vector_multiplication_.py.txt,/data/kernelbench-v3/references/4_Matrix_vector_multiplication_.py
GPT-5.3,H100,1,8_Matmul_with_irregular_shapes_.py,True,True,0.5054465413126981,6.446352005004883,12.75377607345581,5,17935,,gemm,pytorch_eager,fp32,run_20260317_084946,/data/kernelbench-v3/solutions/GPT-5.3_H100_8_Matmul_with_irregular_shapes_.py.txt,/data/kernelbench-v3/references/8_Matmul_with_irregular_shapes_.py
GPT-5.3,H100,1,95_CrossEntropyLoss.py,True,True,0.6645604448498086,0.038704000413417816,0.058240000158548355,3,9388,,reduction,pytorch_eager,fp32,run_20260317_084946,/data/kernelbench-v3/solutions/GPT-5.3_H100_95_CrossEntropyLoss.py.txt,/data/kernelbench-v3/references/95_CrossEntropyLoss.py
GPT-5.3,H100,1,63_conv_standard_2D__square_input__square_kernel.py,True,True,1.0022044912902803,0.26185598969459534,0.26128000020980835,10,50939,,conv,pytorch_eager,fp32,run_20260317_084946,/data/kernelbench-v3/solutions/GPT-5.3_H100_63_conv_standard_2D__square_input__square_kernel.py.txt,/data/kernelbench-v3/references/63_conv_standard_2D__square_input__square_kernel.py
GPT-5.3,H100,1,9_Tall_skinny_matrix_multiplication_.py,True,True,0.339859459760643,0.5424320101737976,1.5960479974746704,3,9834,,gemm,torch_compile,fp32,run_20260317_084946,/data/kernelbench-v3/solutions/GPT-5.3_H100_9_Tall_skinny_matrix_multiplication_.py.txt,/data/kernelbench-v3/references/9_Tall_skinny_matrix_multiplication_.py
GPT-5.3,H100,1,82_conv_depthwise_2D_square_input_square_kernel.py,False,False,,,,10,47373,,,,,run_20260317_084946,,/data/kernelbench-v3/references/82_conv_depthwise_2D_square_input_square_kernel.py
GPT-5.3,H100,2,37_Matmul_Swish_Sum_GroupNorm.py,True,False,,,,12,61966,,,,fp32,run_20260317_084946,/data/kernelbench-v3/solutions/GPT-5.3_H100_37_Matmul_Swish_Sum_GroupNorm.py.txt,/data/kernelbench-v3/references/37_Matmul_Swish_Sum_GroupNorm.py
GPT-5.3,H100,2,17_Conv2d_InstanceNorm_Divide.py,True,True,0.01372248487393921,0.2555679976940155,18.624032020568848,7,34904,,fused,torch_compile,fp32,run_20260317_084946,/data/kernelbench-v3/solutions/GPT-5.3_H100_17_Conv2d_InstanceNorm_Divide.py.txt,/data/kernelbench-v3/references/17_Conv2d_InstanceNorm_Divide.py
GPT-5.3,H100,2,46_Conv2d_Subtract_Tanh_Subtract_AvgPool.py,True,False,,,,3,12889,,,,fp32,run_20260317_084946,/data/kernelbench-v3/solutions/GPT-5.3_H100_46_Conv2d_Subtract_Tanh_Subtract_AvgPool.py.txt,/data/kernelbench-v3/references/46_Conv2d_Subtract_Tanh_Subtract_AvgPool.py
GPT-5.3,H100,2,52_Conv2d_Activation_BatchNorm.py,True,True,0.5823861353026943,0.2475840002298355,0.425120010972023,5,21037,,fused,torch_compile,fp32,run_20260317_084946,/data/kernelbench-v3/solutions/GPT-5.3_H100_52_Conv2d_Activation_BatchNorm.py.txt,/data/kernelbench-v3/references/52_Conv2d_Activation_BatchNorm.py
GPT-5.3,H100,2,40_Matmul_Scaling_ResidualAdd.py,True,False,,,,12,58315,,,,fp32,run_20260317_084946,/data/kernelbench-v3/solutions/GPT-5.3_H100_40_Matmul_Scaling_ResidualAdd.py.txt,/data/kernelbench-v3/references/40_Matmul_Scaling_ResidualAdd.py
GPT-5.3,H100,2,55_Matmul_MaxPool_Sum_Scale.py,True,True,0.029406420189426838,0.25380799174308777,8.631040096282959,5,19813,,fused,torch_compile,fp32,run_20260317_084946,/data/kernelbench-v3/solutions/GPT-5.3_H100_55_Matmul_MaxPool_Sum_Scale.py.txt,/data/kernelbench-v3/references/55_Matmul_MaxPool_Sum_Scale.py
GPT-5.3,H100,2,59_Matmul_Swish_Scaling.py,True,False,,,,12,55544,,,,fp32,run_20260317_084946,/data/kernelbench-v3/solutions/GPT-5.3_H100_59_Matmul_Swish_Scaling.py.txt,/data/kernelbench-v3/references/59_Matmul_Swish_Scaling.py
GPT-5.3,H100,2,66_Matmul_Dropout_Mean_Softmax.py,True,True,0.3237485398198905,0.21275199949741364,0.657151997089386,5,19035,,fused,pytorch_eager,fp32,run_20260317_084946,/data/kernelbench-v3/solutions/GPT-5.3_H100_66_Matmul_Dropout_Mean_Softmax.py.txt,/data/kernelbench-v3/references/66_Matmul_Dropout_Mean_Softmax.py
GPT-5.3,H100,2,73_Conv2d_BatchNorm_Scaling.py,True,True,0.5762262179024533,0.2223680019378662,0.385903999209404,3,11261,,fused,torch_compile,fp32,run_20260317_084946,/data/kernelbench-v3/solutions/GPT-5.3_H100_73_Conv2d_BatchNorm_Scaling.py.txt,/data/kernelbench-v3/references/73_Conv2d_BatchNorm_Scaling.py
GPT-5.3,H100,2,85_Conv2d_GroupNorm_Scale_MaxPool_Clamp.py,True,True,0.5622910617685104,0.3282880038022995,0.5838399827480316,5,22450,,fused,torch_compile,fp32,run_20260317_084946,/data/kernelbench-v3/solutions/GPT-5.3_H100_85_Conv2d_GroupNorm_Scale_MaxPool_Clamp.py.txt,/data/kernelbench-v3/references/85_Conv2d_GroupNorm_Scale_MaxPool_Clamp.py
GPT-5.3,H100,2,6_Conv3d_Softmax_MaxPool_MaxPool.py,True,True,0.2460473834620525,1.2629120349884033,5.132800102233887,7,34136,,fused,torch_compile,fp32,run_20260317_084946,/data/kernelbench-v3/solutions/GPT-5.3_H100_6_Conv3d_Softmax_MaxPool_MaxPool.py.txt,/data/kernelbench-v3/references/6_Conv3d_Softmax_MaxPool_MaxPool.py
GPT-5.3,H100,2,82_Conv2d_Tanh_Scaling_BiasAdd_Max.py,True,True,0.985314355119076,0.25227200984954834,0.2560320049524307,12,56491,,fused,torch_compile,fp32,run_20260317_084946,/data/kernelbench-v3/solutions/GPT-5.3_H100_82_Conv2d_Tanh_Scaling_BiasAdd_Max.py.txt,/data/kernelbench-v3/references/82_Conv2d_Tanh_Scaling_BiasAdd_Max.py
GPT-5.3,H100,2,98_Matmul_AvgPool_GELU_Scale_Max.py,True,False,,,,9,44170,,,,fp32,run_20260317_084946,/data/kernelbench-v3/solutions/GPT-5.3_H100_98_Matmul_AvgPool_GELU_Scale_Max.py.txt,/data/kernelbench-v3/references/98_Matmul_AvgPool_GELU_Scale_Max.py
GPT-5.3,H100,2,99_Matmul_GELU_Softmax.py,True,False,,,,12,62738,,,,fp32,run_20260317_084946,/data/kernelbench-v3/solutions/GPT-5.3_H100_99_Matmul_GELU_Softmax.py.txt,/data/kernelbench-v3/references/99_Matmul_GELU_Softmax.py
GPT-5.3,H100,3,43_MinGPTCausalAttention.py,True,True,1.317183443952954,5.350336074829102,4.061952114105225,3,10956,,attention,torch_compile,fp32,run_20260317_084946,/data/kernelbench-v3/solutions/GPT-5.3_H100_43_MinGPTCausalAttention.py.txt,/data/kernelbench-v3/references/43_MinGPTCausalAttention.py
GPT-5.3,H100,3,44_MiniGPTBlock.py,True,True,0.9161592241849957,24.088640213012695,26.293071746826172,3,13440,,model,torch_compile,fp32,run_20260317_084946,/data/kernelbench-v3/solutions/GPT-5.3_H100_44_MiniGPTBlock.py.txt,/data/kernelbench-v3/references/44_MiniGPTBlock.py
GPT-5.3,H100,4,2_DeepSeek_MoE.py,False,False,,,,1,4895,,,,,run_20260317_084946,,/data/kernelbench-v3/references/2_DeepSeek_MoE.py
GPT-5.3,H100,3,31_VisionAttention.py,False,False,,,,15,112728,,,,,run_20260317_084946,,/data/kernelbench-v3/references/31_VisionAttention.py
GPT-5.3,H100,4,3_GroupedQueryAttention.py,False,False,,,,1,4282,,,,,run_20260317_084946,,/data/kernelbench-v3/references/3_GroupedQueryAttention.py
GPT-5.3,H100,2,86_Matmul_Divide_GELU.py,True,True,1.8860087509272414,0.19324800372123718,0.10246400162577629,11,52641,,fused,torch_compile,fp32,run_20260317_084946,/data/kernelbench-v3/solutions/GPT-5.3_H100_86_Matmul_Divide_GELU.py.txt,/data/kernelbench-v3/references/86_Matmul_Divide_GELU.py
GPT-5.3,H100,4,4_FP8_Matmul.py,True,True,0.850755613679898,0.7620320022106171,0.8957119882106781,3,13784,,gemm,torch_compile,fp16,run_20260317_084946,/data/kernelbench-v3/solutions/GPT-5.3_H100_4_FP8_Matmul.py.txt,/data/kernelbench-v3/references/4_FP8_Matmul.py
GPT-5.3,H100,4,1_DeepSeek_MLA.py,False,False,,,,15,141428,,,,,run_20260317_084946,,/data/kernelbench-v3/references/1_DeepSeek_MLA.py
GPT-5.3,H100,4,6_INT4_Quantized_GEMM.py,True,True,0.026059721325627352,1.1296159625053406,43.34720039367676,13,85221,,gemm,torch_compile,fp16,run_20260317_084946,/data/kernelbench-v3/solutions/GPT-5.3_H100_6_INT4_Quantized_GEMM.py.txt,/data/kernelbench-v3/references/6_INT4_Quantized_GEMM.py
GPT-5.3,H100,1,gemm_bf16.py,True,True,0.638543699398229,0.04686399921774864,0.07339200004935265,3,10060,,gemm,pytorch_eager,bf16,run_20260317_084946,/data/kernelbench-v3/solutions/GPT-5.3_H100_gemm_bf16.py.txt,/data/kernelbench-v3/references/gemm_bf16.py
GPT-5.3,H100,4,7_GatedDeltaNet.py,True,True,1.000417212960827,11.126304149627686,11.121664047241211,9,75914,,model,pytorch_eager,fp32,run_20260317_084946,/data/kernelbench-v3/solutions/GPT-5.3_H100_7_GatedDeltaNet.py.txt,/data/kernelbench-v3/references/7_GatedDeltaNet.py
GPT-5.3,H100,4,5_MoE_GatedGEMM.py,False,False,,,,9,57786,,,,,run_20260317_084946,,/data/kernelbench-v3/references/5_MoE_GatedGEMM.py
GPT-5.3,H100,1,gemm_bias_relu.py,True,True,1.3885483846117044,0.1594720035791397,0.11484799906611443,3,10502,,gemm_epilogue,torch_compile,fp16,run_20260317_084946,/data/kernelbench-v3/solutions/GPT-5.3_H100_gemm_bias_relu.py.txt,/data/kernelbench-v3/references/gemm_bias_relu.py
GPT-5.3,H100,1,gemm_bias_gelu.py,True,False,,,,10,54303,,,,fp16,run_20260317_084946,/data/kernelbench-v3/solutions/GPT-5.3_H100_gemm_bias_gelu.py.txt,/data/kernelbench-v3/references/gemm_bias_gelu.py
GPT-5.3,H100,1,gemm_bias_silu.py,True,True,1.3935363511287124,0.15591999888420105,0.11188800260424614,3,10405,,gemm_epilogue,torch_compile,fp16,run_20260317_084946,/data/kernelbench-v3/solutions/GPT-5.3_H100_gemm_bias_silu.py.txt,/data/kernelbench-v3/references/gemm_bias_silu.py
GPT-5.3,H100,1,gemm_fp4.py,True,True,2.6188114171168895,0.4477120041847229,0.17096000164747238,5,21774,,gemm,torch_compile,int8,run_20260317_084946,/data/kernelbench-v3/solutions/GPT-5.3_H100_gemm_fp4.py.txt,/data/kernelbench-v3/references/gemm_fp4.py
GPT-5.3,H100,1,gemm_fp8.py,True,True,2.8200171241189684,0.4760640114545822,0.1688160002231598,3,10804,,gemm,torch_compile,int8,run_20260317_084946,/data/kernelbench-v3/solutions/GPT-5.3_H100_gemm_fp8.py.txt,/data/kernelbench-v3/references/gemm_fp8.py
GPT-5.3,H100,1,gemm_mixed_fp8_fp16.py,True,True,0.8180180294822329,0.08716800063848495,0.10655999928712845,5,18785,,gemm,pytorch_eager,int8,run_20260317_084946,/data/kernelbench-v3/solutions/GPT-5.3_H100_gemm_mixed_fp8_fp16.py.txt,/data/kernelbench-v3/references/gemm_mixed_fp8_fp16.py
GPT-5.3,H100,4,8_KimiDeltaAttention.py,False,False,,,,15,127709,,,,,run_20260317_084946,,/data/kernelbench-v3/references/8_KimiDeltaAttention.py
GPT-5.3,H100,1,gemm_residual_add.py,True,True,0.7637627837586353,0.08612800016999245,0.11276799812912941,3,10474,,gemm_epilogue,pytorch_eager,fp16,run_20260317_084946,/data/kernelbench-v3/solutions/GPT-5.3_H100_gemm_residual_add.py.txt,/data/kernelbench-v3/references/gemm_residual_add.py
GPT-5.3,H100,1,gemv_bf16.py,True,True,0.008426007335976283,0.06593600288033485,7.82529616355896,3,9911,,gemv,pytorch_eager,bf16,run_20260317_084946,/data/kernelbench-v3/solutions/GPT-5.3_H100_gemv_bf16.py.txt,/data/kernelbench-v3/references/gemv_bf16.py
GPT-5.3,H100,1,gemv_fp4.py,True,True,4.06592184304577,0.4134879857301712,0.10169599950313568,5,21743,,gemv,torch_compile,int8,run_20260317_084946,/data/kernelbench-v3/solutions/GPT-5.3_H100_gemv_fp4.py.txt,/data/kernelbench-v3/references/gemv_fp4.py
GPT-5.3,H100,1,gemv_fp16.py,True,True,0.009010779458111642,0.0682239979505539,7.571375846862793,3,10464,,gemv,pytorch_eager,fp16,run_20260317_084946,/data/kernelbench-v3/solutions/GPT-5.3_H100_gemv_fp16.py.txt,/data/kernelbench-v3/references/gemv_fp16.py
GPT-5.3,H100,1,gemv_fp8.py,True,True,0.286004075497574,0.4150719940662384,1.4512799978256226,3,10574,,gemv,torch_compile,int8,run_20260317_084946,/data/kernelbench-v3/solutions/GPT-5.3_H100_gemv_fp8.py.txt,/data/kernelbench-v3/references/gemv_fp8.py
GPT-5.3,H100,1,moe_grouped_gemm.py,True,True,0.38690019997016506,1.7431679964065552,4.50547194480896,3,12832,,moe_grouped_gemm,pytorch_eager,fp32,run_20260317_084946,/data/kernelbench-v3/solutions/GPT-5.3_H100_moe_grouped_gemm.py.txt,/data/kernelbench-v3/references/moe_grouped_gemm.py
Claude Opus 4.6,H100,1,1_Square_matrix_multiplication_.py,True,True,0.8008743058477871,0.37227199971675873,0.46483199298381805,10,72475,0.462275,gemm,pytorch_eager,fp32,run_20260317_091603,/data/kernelbench-v3/solutions/Claude Opus 4.6_H100_1_Square_matrix_multiplication_.py.txt,/data/kernelbench-v3/references/1_Square_matrix_multiplication_.py
Claude Opus 4.6,H100,1,2_Standard_matrix_multiplication_.py,True,True,0.9088572692242246,0.41307199001312256,0.45449599623680115,10,79889,0.524185,gemm,pytorch_eager,fp32,run_20260317_091603,/data/kernelbench-v3/solutions/Claude Opus 4.6_H100_2_Standard_matrix_multiplication_.py.txt,/data/kernelbench-v3/references/2_Standard_matrix_multiplication_.py
Claude Opus 4.6,H100,1,23_Softmax.py,True,True,0.9590608444239197,0.025488000363111496,0.026575999334454536,10,73316,0.5133,softmax,pytorch_eager,fp32,run_20260317_091603,/data/kernelbench-v3/solutions/Claude Opus 4.6_H100_23_Softmax.py.txt,/data/kernelbench-v3/references/23_Softmax.py
Claude Opus 4.6,H100,1,26_GELU_.py,True,True,0.9404617324417354,0.024768000468611717,0.02633600030094385,10,60126,0.39131,elementwise,pytorch_eager,fp32,run_20260317_091603,/data/kernelbench-v3/solutions/Claude Opus 4.6_H100_26_GELU_.py.txt,/data/kernelbench-v3/references/26_GELU_.py
Claude Opus 4.6,H100,1,36_RMSNorm_.py,True,True,1.5361057420204174,0.44620800018310547,0.29048000276088715,10,74812,0.49732,layernorm,torch_compile,fp32,run_20260317_091603,/data/kernelbench-v3/solutions/Claude Opus 4.6_H100_36_RMSNorm_.py.txt,/data/kernelbench-v3/references/36_RMSNorm_.py
Claude Opus 4.6,H100,1,3_Batched_matrix_multiplication.py,False,False,,,,10,78918,0.52159,,,,run_20260317_091603,,/data/kernelbench-v3/references/3_Batched_matrix_multiplication.py
Claude Opus 4.6,H100,1,40_LayerNorm.py,True,True,1.8857213181262784,0.731328010559082,0.38782401382923126,7,54956,0.38644,layernorm,torch_compile,fp32,run_20260317_091603,/data/kernelbench-v3/solutions/Claude Opus 4.6_H100_40_LayerNorm.py.txt,/data/kernelbench-v3/references/40_LayerNorm.py
Claude Opus 4.6,H100,1,42_Max_Pooling_2D.py,True,True,1.3768828107860402,0.4212159961462021,0.3059200048446655,10,82663,0.563535,reduction,pytorch_eager,fp32,run_20260317_091603,/data/kernelbench-v3/solutions/Claude Opus 4.6_H100_42_Max_Pooling_2D.py.txt,/data/kernelbench-v3/references/42_Max_Pooling_2D.py
Claude Opus 4.6,H100,1,4_Matrix_vector_multiplication_.py,True,False,,,,10,68056,0.44774,,,fp32,run_20260317_091603,/data/kernelbench-v3/solutions/Claude Opus 4.6_H100_4_Matrix_vector_multiplication_.py.txt,/data/kernelbench-v3/references/4_Matrix_vector_multiplication_.py
Claude Opus 4.6,H100,1,63_conv_standard_2D__square_input__square_kernel.py,True,True,1.279861266813512,0.25390399992465973,0.19838400185108185,10,74195,0.468915,conv,pytorch_eager,fp32,run_20260317_091603,/data/kernelbench-v3/solutions/Claude Opus 4.6_H100_63_conv_standard_2D__square_input__square_kernel.py.txt,/data/kernelbench-v3/references/63_conv_standard_2D__square_input__square_kernel.py
Claude Opus 4.6,H100,1,47_Sum_reduction_over_a_dimension.py,True,True,0.9093500318300326,0.02551999967545271,0.02806400042027235,10,93804,0.6761,reduction,pytorch_eager,fp32,run_20260317_091603,/data/kernelbench-v3/solutions/Claude Opus 4.6_H100_47_Sum_reduction_over_a_dimension.py.txt,/data/kernelbench-v3/references/47_Sum_reduction_over_a_dimension.py
Claude Opus 4.6,H100,1,82_conv_depthwise_2D_square_input_square_kernel.py,True,True,1.5118030867893462,0.0481599997729063,0.031856000423431396,10,81144,0.56254,conv,pytorch_eager,fp32,run_20260317_091603,/data/kernelbench-v3/solutions/Claude Opus 4.6_H100_82_conv_depthwise_2D_square_input_square_kernel.py.txt,/data/kernelbench-v3/references/82_conv_depthwise_2D_square_input_square_kernel.py
Claude Opus 4.6,H100,1,8_Matmul_with_irregular_shapes_.py,True,True,0.554200893021273,6.397216081619263,11.543135643005371,10,76958,0.49127,gemm,pytorch_eager,fp32,run_20260317_091603,/data/kernelbench-v3/solutions/Claude Opus 4.6_H100_8_Matmul_with_irregular_shapes_.py.txt,/data/kernelbench-v3/references/8_Matmul_with_irregular_shapes_.py
Claude Opus 4.6,H100,1,95_CrossEntropyLoss.py,True,True,0.7185114508763253,0.03614399954676628,0.050303999334573746,10,65957,0.427825,reduction,pytorch_eager,fp32,run_20260317_091603,/data/kernelbench-v3/solutions/Claude Opus 4.6_H100_95_CrossEntropyLoss.py.txt,/data/kernelbench-v3/references/95_CrossEntropyLoss.py
Claude Opus 4.6,H100,1,9_Tall_skinny_matrix_multiplication_.py,True,True,1.3921549341365358,0.668368011713028,0.4800959974527359,10,71328,0.48048,gemm,torch_compile,fp32,run_20260317_091603,/data/kernelbench-v3/solutions/Claude Opus 4.6_H100_9_Tall_skinny_matrix_multiplication_.py.txt,/data/kernelbench-v3/references/9_Tall_skinny_matrix_multiplication_.py
Claude Opus 4.6,H100,2,17_Conv2d_InstanceNorm_Divide.py,True,True,0.7613548421216608,0.26793599128723145,0.3519199937582016,12,99841,0.648245,fused,torch_compile,fp32,run_20260317_091603,/data/kernelbench-v3/solutions/Claude Opus 4.6_H100_17_Conv2d_InstanceNorm_Divide.py.txt,/data/kernelbench-v3/references/17_Conv2d_InstanceNorm_Divide.py
Claude Opus 4.6,H100,2,37_Matmul_Swish_Sum_GroupNorm.py,True,True,1.640550908113115,0.1162559986114502,0.0708639994263649,11,82248,0.50998,fused,torch_compile,fp32,run_20260317_091603,/data/kernelbench-v3/solutions/Claude Opus 4.6_H100_37_Matmul_Swish_Sum_GroupNorm.py.txt,/data/kernelbench-v3/references/37_Matmul_Swish_Sum_GroupNorm.py
Claude Opus 4.6,H100,2,40_Matmul_Scaling_ResidualAdd.py,True,True,2.2763840256452603,0.1756640002131462,0.07716799899935722,12,118134,0.80753,fused,torch_compile,fp32,run_20260317_091603,/data/kernelbench-v3/solutions/Claude Opus 4.6_H100_40_Matmul_Scaling_ResidualAdd.py.txt,/data/kernelbench-v3/references/40_Matmul_Scaling_ResidualAdd.py
Claude Opus 4.6,H100,2,46_Conv2d_Subtract_Tanh_Subtract_AvgPool.py,True,True,1.0554230669814488,0.2760480046272278,0.26155199110507965,12,102166,0.61451,fused,torch_compile,fp32,run_20260317_091603,/data/kernelbench-v3/solutions/Claude Opus 4.6_H100_46_Conv2d_Subtract_Tanh_Subtract_AvgPool.py.txt,/data/kernelbench-v3/references/46_Conv2d_Subtract_Tanh_Subtract_AvgPool.py
Claude Opus 4.6,H100,2,52_Conv2d_Activation_BatchNorm.py,True,True,0.8245342612997003,0.23014400154352188,0.27911999821662903,12,150294,1.00561,fused,torch_compile,fp32,run_20260317_091603,/data/kernelbench-v3/solutions/Claude Opus 4.6_H100_52_Conv2d_Activation_BatchNorm.py.txt,/data/kernelbench-v3/references/52_Conv2d_Activation_BatchNorm.py
Claude Opus 4.6,H100,2,66_Matmul_Dropout_Mean_Softmax.py,True,True,3.106696774612986,0.2627519965171814,0.08457600325345993,12,118149,0.770105,fused,torch_compile,fp32,run_20260317_091603,/data/kernelbench-v3/solutions/Claude Opus 4.6_H100_66_Matmul_Dropout_Mean_Softmax.py.txt,/data/kernelbench-v3/references/66_Matmul_Dropout_Mean_Softmax.py
Claude Opus 4.6,H100,2,55_Matmul_MaxPool_Sum_Scale.py,True,False,,,,12,179193,1.270345,,,fp32,run_20260317_091603,/data/kernelbench-v3/solutions/Claude Opus 4.6_H100_55_Matmul_MaxPool_Sum_Scale.py.txt,/data/kernelbench-v3/references/55_Matmul_MaxPool_Sum_Scale.py
Claude Opus 4.6,H100,2,59_Matmul_Swish_Scaling.py,True,True,1.9059097703413594,0.19607999920845032,0.10288000106811523,12,116041,0.786685,fused,torch_compile,fp32,run_20260317_091603,/data/kernelbench-v3/solutions/Claude Opus 4.6_H100_59_Matmul_Swish_Scaling.py.txt,/data/kernelbench-v3/references/59_Matmul_Swish_Scaling.py
Claude Opus 4.6,H100,2,6_Conv3d_Softmax_MaxPool_MaxPool.py,False,False,,,,12,102507,0.667015,,,,run_20260317_091603,,/data/kernelbench-v3/references/6_Conv3d_Softmax_MaxPool_MaxPool.py
Claude Opus 4.6,H100,2,73_Conv2d_BatchNorm_Scaling.py,True,True,2.7299796648892247,0.236175999045372,0.0865119993686676,12,105807,0.679795,fused,torch_compile,fp32,run_20260317_091603,/data/kernelbench-v3/solutions/Claude Opus 4.6_H100_73_Conv2d_BatchNorm_Scaling.py.txt,/data/kernelbench-v3/references/73_Conv2d_BatchNorm_Scaling.py
Claude Opus 4.6,H100,2,82_Conv2d_Tanh_Scaling_BiasAdd_Max.py,False,False,,,,12,115827,0.762015,,,,run_20260317_091603,,/data/kernelbench-v3/references/82_Conv2d_Tanh_Scaling_BiasAdd_Max.py
Claude Opus 4.6,H100,2,85_Conv2d_GroupNorm_Scale_MaxPool_Clamp.py,True,True,1.0613932596026388,0.3059359937906265,0.2882400006055832,12,110706,0.72189,fused,torch_compile,fp32,run_20260317_091603,/data/kernelbench-v3/solutions/Claude Opus 4.6_H100_85_Conv2d_GroupNorm_Scale_MaxPool_Clamp.py.txt,/data/kernelbench-v3/references/85_Conv2d_GroupNorm_Scale_MaxPool_Clamp.py
Claude Opus 4.6,H100,2,86_Matmul_Divide_GELU.py,True,True,1.9497394226340263,0.18558400124311447,0.09518400207161903,12,107920,0.71322,fused,torch_compile,fp32,run_20260317_091603,/data/kernelbench-v3/solutions/Claude Opus 4.6_H100_86_Matmul_Divide_GELU.py.txt,/data/kernelbench-v3/references/86_Matmul_Divide_GELU.py
Claude Opus 4.6,H100,2,98_Matmul_AvgPool_GELU_Scale_Max.py,False,False,,,,12,122200,0.773,,,,run_20260317_091603,,/data/kernelbench-v3/references/98_Matmul_AvgPool_GELU_Scale_Max.py
Claude Opus 4.6,H100,2,99_Matmul_GELU_Softmax.py,True,True,1.8409025181135774,0.20364800095558167,0.11062400043010712,12,132630,0.88903,fused,torch_compile,fp32,run_20260317_091603,/data/kernelbench-v3/solutions/Claude Opus 4.6_H100_99_Matmul_GELU_Softmax.py.txt,/data/kernelbench-v3/references/99_Matmul_GELU_Softmax.py
Claude Opus 4.6,H100,3,31_VisionAttention.py,True,True,10.827494567670207,14.657135963439941,1.3536959886550903,15,159403,0.984815,attention,torch_compile,fp32,run_20260317_091603,/data/kernelbench-v3/solutions/Claude Opus 4.6_H100_31_VisionAttention.py.txt,/data/kernelbench-v3/references/31_VisionAttention.py
Claude Opus 4.6,H100,3,43_MinGPTCausalAttention.py,False,False,,,,8,62466,0.38969,,,,run_20260317_091603,,/data/kernelbench-v3/references/43_MinGPTCausalAttention.py
Claude Opus 4.6,H100,3,44_MiniGPTBlock.py,False,False,,,,15,213046,1.28361,,,,run_20260317_091603,,/data/kernelbench-v3/references/44_MiniGPTBlock.py
Claude Opus 4.6,H100,4,1_DeepSeek_MLA.py,False,False,,,,15,232743,1.379475,,,,run_20260317_091603,,/data/kernelbench-v3/references/1_DeepSeek_MLA.py
Claude Opus 4.6,H100,4,3_GroupedQueryAttention.py,False,False,,,,15,219269,1.362085,,,,run_20260317_091603,,/data/kernelbench-v3/references/3_GroupedQueryAttention.py
Claude Opus 4.6,H100,4,2_DeepSeek_MoE.py,False,False,,,,15,271488,1.75006,,,,run_20260317_091603,,/data/kernelbench-v3/references/2_DeepSeek_MoE.py
Claude Opus 4.6,H100,4,4_FP8_Matmul.py,True,True,1.3812806664865616,0.7565439939498901,0.5477119982242584,15,204935,1.239335,gemm,torch_compile,fp16,run_20260317_091603,/data/kernelbench-v3/solutions/Claude Opus 4.6_H100_4_FP8_Matmul.py.txt,/data/kernelbench-v3/references/4_FP8_Matmul.py
Claude Opus 4.6,H100,4,5_MoE_GatedGEMM.py,True,False,,,,15,226047,1.400415,,,fp32,run_20260317_091603,/data/kernelbench-v3/solutions/Claude Opus 4.6_H100_5_MoE_GatedGEMM.py.txt,/data/kernelbench-v3/references/5_MoE_GatedGEMM.py
Claude Opus 4.6,H100,4,6_INT4_Quantized_GEMM.py,True,True,0.167141338905835,1.1117600202560425,6.651616096496582,15,263788,1.64372,gemm,torch_compile,fp16,run_20260317_091603,/data/kernelbench-v3/solutions/Claude Opus 4.6_H100_6_INT4_Quantized_GEMM.py.txt,/data/kernelbench-v3/references/6_INT4_Quantized_GEMM.py
Claude Opus 4.6,H100,4,7_GatedDeltaNet.py,True,False,,,,15,222976,1.32756,,,fp32,run_20260317_091603,/data/kernelbench-v3/solutions/Claude Opus 4.6_H100_7_GatedDeltaNet.py.txt,/data/kernelbench-v3/references/7_GatedDeltaNet.py
Claude Opus 4.6,H100,1,gemm_bf16.py,True,True,0.684514204200914,0.04745600000023842,0.06932799890637398,10,78439,0.552695,gemm,pytorch_eager,bf16,run_20260317_091603,/data/kernelbench-v3/solutions/Claude Opus 4.6_H100_gemm_bf16.py.txt,/data/kernelbench-v3/references/gemm_bf16.py
Claude Opus 4.6,H100,4,8_KimiDeltaAttention.py,False,False,,,,15,215675,1.240395,,,,run_20260317_091603,,/data/kernelbench-v3/references/8_KimiDeltaAttention.py
Claude Opus 4.6,H100,1,gemm_bias_gelu.py,True,True,0.9237861878730288,0.10259199887514114,0.11105599999427795,10,79252,0.51442,gemm_epilogue,pytorch_eager,fp16,run_20260317_091603,/data/kernelbench-v3/solutions/Claude Opus 4.6_H100_gemm_bias_gelu.py.txt,/data/kernelbench-v3/references/gemm_bias_gelu.py
Claude Opus 4.6,H100,1,gemm_bias_relu.py,True,True,0.9694457415228804,0.10102400183677673,0.10420800000429153,10,83384,0.57036,gemm_epilogue,pytorch_eager,fp16,run_20260317_091603,/data/kernelbench-v3/solutions/Claude Opus 4.6_H100_gemm_bias_relu.py.txt,/data/kernelbench-v3/references/gemm_bias_relu.py
Claude Opus 4.6,H100,1,gemm_fp4.py,True,True,2.469625552084875,0.4442560076713562,0.17988800257444382,10,68696,0.4466,gemm,torch_compile,int8,run_20260317_091603,/data/kernelbench-v3/solutions/Claude Opus 4.6_H100_gemm_fp4.py.txt,/data/kernelbench-v3/references/gemm_fp4.py
Claude Opus 4.6,H100,1,gemm_bias_silu.py,True,True,1.0462051266808687,0.10542399808764458,0.10076799988746643,10,73288,0.49042,gemm_epilogue,pytorch_eager,fp16,run_20260317_091603,/data/kernelbench-v3/solutions/Claude Opus 4.6_H100_gemm_bias_silu.py.txt,/data/kernelbench-v3/references/gemm_bias_silu.py
Claude Opus 4.6,H100,1,gemm_fp8.py,True,True,4.04871461183402,0.45611199736595154,0.11265600100159645,10,81007,0.565395,gemm,torch_compile,int8,run_20260317_091603,/data/kernelbench-v3/solutions/Claude Opus 4.6_H100_gemm_fp8.py.txt,/data/kernelbench-v3/references/gemm_fp8.py
Claude Opus 4.6,H100,1,gemm_mixed_fp8_fp16.py,True,True,0.8052500955398519,0.07264000177383423,0.09020800143480301,8,60968,0.42002,gemm,pytorch_eager,int8,run_20260317_091603,/data/kernelbench-v3/solutions/Claude Opus 4.6_H100_gemm_mixed_fp8_fp16.py.txt,/data/kernelbench-v3/references/gemm_mixed_fp8_fp16.py
Claude Opus 4.6,H100,1,gemm_residual_add.py,True,True,0.9908274600284762,0.08295999839901924,0.08372799679636955,10,73437,0.510345,gemm_epilogue,pytorch_eager,fp16,run_20260317_091603,/data/kernelbench-v3/solutions/Claude Opus 4.6_H100_gemm_residual_add.py.txt,/data/kernelbench-v3/references/gemm_residual_add.py
Claude Opus 4.6,H100,1,gemv_bf16.py,True,True,0.797047930850846,0.06911999732255936,0.08672000095248222,10,85670,0.59131,gemv,pytorch_eager,bf16,run_20260317_091603,/data/kernelbench-v3/solutions/Claude Opus 4.6_H100_gemv_bf16.py.txt,/data/kernelbench-v3/references/gemv_bf16.py
Claude Opus 4.6,H100,1,gemv_fp4.py,True,False,,,,10,70532,0.42976,,,int8,run_20260317_091603,/data/kernelbench-v3/solutions/Claude Opus 4.6_H100_gemv_fp4.py.txt,/data/kernelbench-v3/references/gemv_fp4.py
Claude Opus 4.6,H100,1,gemv_fp16.py,True,True,0.11194405475951198,0.13499199599027634,1.205888032913208,10,71165,0.492225,gemv,torch_compile,fp16,run_20260317_091603,/data/kernelbench-v3/solutions/Claude Opus 4.6_H100_gemv_fp16.py.txt,/data/kernelbench-v3/references/gemv_fp16.py
Claude Opus 4.6,H100,1,gemv_fp8.py,True,False,,,,10,81141,0.517165,,,int8,run_20260317_091603,/data/kernelbench-v3/solutions/Claude Opus 4.6_H100_gemv_fp8.py.txt,/data/kernelbench-v3/references/gemv_fp8.py
Claude Opus 4.6,H100,1,moe_grouped_gemm.py,True,False,,,,10,106901,0.708905,,,fp32,run_20260317_091603,/data/kernelbench-v3/solutions/Claude Opus 4.6_H100_moe_grouped_gemm.py.txt,/data/kernelbench-v3/references/moe_grouped_gemm.py
Claude Sonnet 4.6,H100,1,2_Standard_matrix_multiplication_.py,False,False,,,,10,102149,0.357483,,,,run_20260317_101252,,/data/kernelbench-v3/references/2_Standard_matrix_multiplication_.py
Claude Sonnet 4.6,H100,1,1_Square_matrix_multiplication_.py,False,False,,,,10,66285,0.243886,,,,run_20260317_101252,,/data/kernelbench-v3/references/1_Square_matrix_multiplication_.py
Claude Sonnet 4.6,H100,1,26_GELU_.py,True,True,0.931862435917746,0.022975999861955643,0.02465599961578846,10,82492,0.351099,elementwise,pytorch_eager,fp32,run_20260317_101252,/data/kernelbench-v3/solutions/Claude Sonnet 4.6_H100_26_GELU_.py.txt,/data/kernelbench-v3/references/26_GELU_.py
Claude Sonnet 4.6,H100,1,23_Softmax.py,True,True,0.6110091616719333,0.02131200022995472,0.03488000109791756,10,90851,0.416424,softmax,pytorch_eager,fp32,run_20260317_101252,/data/kernelbench-v3/solutions/Claude Sonnet 4.6_H100_23_Softmax.py.txt,/data/kernelbench-v3/references/23_Softmax.py
Claude Sonnet 4.6,H100,1,3_Batched_matrix_multiplication.py,False,False,,,,10,76995,0.280107,,,,run_20260317_101252,,/data/kernelbench-v3/references/3_Batched_matrix_multiplication.py
Claude Sonnet 4.6,H100,1,36_RMSNorm_.py,True,True,2.0529593198534415,0.44843199849128723,0.2184319943189621,10,89233,0.377618,layernorm,torch_compile,fp32,run_20260317_101252,/data/kernelbench-v3/solutions/Claude Sonnet 4.6_H100_36_RMSNorm_.py.txt,/data/kernelbench-v3/references/36_RMSNorm_.py
Claude Sonnet 4.6,H100,1,42_Max_Pooling_2D.py,True,True,1.5659438950680178,0.4183200001716614,0.26713600754737854,10,97689,0.395693,reduction,pytorch_eager,fp32,run_20260317_101252,/data/kernelbench-v3/solutions/Claude Sonnet 4.6_H100_42_Max_Pooling_2D.py.txt,/data/kernelbench-v3/references/42_Max_Pooling_2D.py
Claude Sonnet 4.6,H100,1,47_Sum_reduction_over_a_dimension.py,True,True,1.0062893194579936,0.02560000028461218,0.025439999997615814,10,88717,0.379015,reduction,pytorch_eager,fp32,run_20260317_101252,/data/kernelbench-v3/solutions/Claude Sonnet 4.6_H100_47_Sum_reduction_over_a_dimension.py.txt,/data/kernelbench-v3/references/47_Sum_reduction_over_a_dimension.py
Claude Sonnet 4.6,H100,1,63_conv_standard_2D__square_input__square_kernel.py,False,False,,,,10,84978,0.28362,,,,run_20260317_101252,,/data/kernelbench-v3/references/63_conv_standard_2D__square_input__square_kernel.py
Claude Sonnet 4.6,H100,1,4_Matrix_vector_multiplication_.py,True,True,1.137103219062278,0.068207997828722,0.0599839985370636,10,81533,0.348243,gemm,pytorch_eager,fp32,run_20260317_101252,/data/kernelbench-v3/solutions/Claude Sonnet 4.6_H100_4_Matrix_vector_multiplication_.py.txt,/data/kernelbench-v3/references/4_Matrix_vector_multiplication_.py
Claude Sonnet 4.6,H100,1,8_Matmul_with_irregular_shapes_.py,False,False,,,,10,94421,0.305933,,,,run_20260317_101252,,/data/kernelbench-v3/references/8_Matmul_with_irregular_shapes_.py
Claude Sonnet 4.6,H100,1,40_LayerNorm.py,True,True,0.6860693900192265,0.7251039743423462,1.0568959712982178,10,105808,0.491276,layernorm,torch_compile,fp32,run_20260317_101252,/data/kernelbench-v3/solutions/Claude Sonnet 4.6_H100_40_LayerNorm.py.txt,/data/kernelbench-v3/references/40_LayerNorm.py
Claude Sonnet 4.6,H100,1,82_conv_depthwise_2D_square_input_square_kernel.py,True,True,3.1144365652316224,0.11321600154042244,0.0363520011305809,10,133451,0.567992,conv,torch_compile,fp32,run_20260317_101252,/data/kernelbench-v3/solutions/Claude Sonnet 4.6_H100_82_conv_depthwise_2D_square_input_square_kernel.py.txt,/data/kernelbench-v3/references/82_conv_depthwise_2D_square_input_square_kernel.py
Claude Sonnet 4.6,H100,2,17_Conv2d_InstanceNorm_Divide.py,False,False,,,,12,129346,0.508524,,,,run_20260317_101252,,/data/kernelbench-v3/references/17_Conv2d_InstanceNorm_Divide.py
Claude Sonnet 4.6,H100,1,9_Tall_skinny_matrix_multiplication_.py,False,False,,,,10,97953,0.460826,,,,run_20260317_101252,,/data/kernelbench-v3/references/9_Tall_skinny_matrix_multiplication_.py
Claude Sonnet 4.6,H100,1,95_CrossEntropyLoss.py,True,False,,,,10,132223,0.611057,,,fp32,run_20260317_101252,/data/kernelbench-v3/solutions/Claude Sonnet 4.6_H100_95_CrossEntropyLoss.py.txt,/data/kernelbench-v3/references/95_CrossEntropyLoss.py
Claude Sonnet 4.6,H100,2,40_Matmul_Scaling_ResidualAdd.py,False,False,,,,12,115435,0.450687,,,,run_20260317_101252,,/data/kernelbench-v3/references/40_Matmul_Scaling_ResidualAdd.py
Claude Sonnet 4.6,H100,2,46_Conv2d_Subtract_Tanh_Subtract_AvgPool.py,True,True,1.053299550918378,0.2589600086212158,0.24585599452257156,12,148151,0.572066,fused,torch_compile,fp32,run_20260317_101252,/data/kernelbench-v3/solutions/Claude Sonnet 4.6_H100_46_Conv2d_Subtract_Tanh_Subtract_AvgPool.py.txt,/data/kernelbench-v3/references/46_Conv2d_Subtract_Tanh_Subtract_AvgPool.py
Claude Sonnet 4.6,H100,2,37_Matmul_Swish_Sum_GroupNorm.py,True,True,1.6008224864258054,0.20551999658346176,0.12838400155305862,12,114181,0.456727,fused,torch_compile,fp32,run_20260317_101252,/data/kernelbench-v3/solutions/Claude Sonnet 4.6_H100_37_Matmul_Swish_Sum_GroupNorm.py.txt,/data/kernelbench-v3/references/37_Matmul_Swish_Sum_GroupNorm.py
Claude Sonnet 4.6,H100,2,52_Conv2d_Activation_BatchNorm.py,False,False,,,,12,104528,0.391166,,,,run_20260317_101252,,/data/kernelbench-v3/references/52_Conv2d_Activation_BatchNorm.py
Claude Sonnet 4.6,H100,2,59_Matmul_Swish_Scaling.py,False,False,,,,12,82637,0.275385,,,,run_20260317_101252,,/data/kernelbench-v3/references/59_Matmul_Swish_Scaling.py
Claude Sonnet 4.6,H100,2,55_Matmul_MaxPool_Sum_Scale.py,False,False,,,,12,130501,0.464121,,,,run_20260317_101252,,/data/kernelbench-v3/references/55_Matmul_MaxPool_Sum_Scale.py
Claude Sonnet 4.6,H100,2,6_Conv3d_Softmax_MaxPool_MaxPool.py,False,False,,,,12,88564,0.348132,,,,run_20260317_101252,,/data/kernelbench-v3/references/6_Conv3d_Softmax_MaxPool_MaxPool.py
Claude Sonnet 4.6,H100,2,66_Matmul_Dropout_Mean_Softmax.py,True,True,1.005646596852531,0.20232000201940536,0.2011839970946312,12,156506,0.617514,fused,pytorch_eager,fp32,run_20260317_101252,/data/kernelbench-v3/solutions/Claude Sonnet 4.6_H100_66_Matmul_Dropout_Mean_Softmax.py.txt,/data/kernelbench-v3/references/66_Matmul_Dropout_Mean_Softmax.py
Claude Sonnet 4.6,H100,2,86_Matmul_Divide_GELU.py,False,False,,,,12,111332,0.36057,,,,run_20260317_101252,,/data/kernelbench-v3/references/86_Matmul_Divide_GELU.py
Claude Sonnet 4.6,H100,2,85_Conv2d_GroupNorm_Scale_MaxPool_Clamp.py,True,True,0.690787881210531,0.311584010720253,0.45105598866939545,12,173508,0.640114,fused,torch_compile,fp32,run_20260317_101252,/data/kernelbench-v3/solutions/Claude Sonnet 4.6_H100_85_Conv2d_GroupNorm_Scale_MaxPool_Clamp.py.txt,/data/kernelbench-v3/references/85_Conv2d_GroupNorm_Scale_MaxPool_Clamp.py
Claude Sonnet 4.6,H100,2,73_Conv2d_BatchNorm_Scaling.py,True,True,1.0816030905691678,0.22670400142669678,0.20959999412298203,12,138493,0.563429,fused,torch_compile,fp32,run_20260317_101252,/data/kernelbench-v3/solutions/Claude Sonnet 4.6_H100_73_Conv2d_BatchNorm_Scaling.py.txt,/data/kernelbench-v3/references/73_Conv2d_BatchNorm_Scaling.py
Claude Sonnet 4.6,H100,2,82_Conv2d_Tanh_Scaling_BiasAdd_Max.py,False,False,,,,12,188267,0.826507,,,,run_20260317_101252,,/data/kernelbench-v3/references/82_Conv2d_Tanh_Scaling_BiasAdd_Max.py
Claude Sonnet 4.6,H100,3,31_VisionAttention.py,False,False,,,,15,172134,0.686795,,,,run_20260317_101252,,/data/kernelbench-v3/references/31_VisionAttention.py
Claude Sonnet 4.6,H100,2,99_Matmul_GELU_Softmax.py,False,False,,,,12,92479,0.34821,,,,run_20260317_101252,,/data/kernelbench-v3/references/99_Matmul_GELU_Softmax.py
Claude Sonnet 4.6,H100,3,43_MinGPTCausalAttention.py,False,False,,,,15,135454,0.48884,,,,run_20260317_101252,,/data/kernelbench-v3/references/43_MinGPTCausalAttention.py
Claude Sonnet 4.6,H100,2,98_Matmul_AvgPool_GELU_Scale_Max.py,False,False,,,,12,178126,0.677215,,,,run_20260317_101252,,/data/kernelbench-v3/references/98_Matmul_AvgPool_GELU_Scale_Max.py
Claude Sonnet 4.6,H100,4,1_DeepSeek_MLA.py,False,False,,,,15,200205,0.690044,,,,run_20260317_101252,,/data/kernelbench-v3/references/1_DeepSeek_MLA.py
Claude Sonnet 4.6,H100,3,44_MiniGPTBlock.py,False,False,,,,15,170813,0.614224,,,,run_20260317_101252,,/data/kernelbench-v3/references/44_MiniGPTBlock.py
Claude Sonnet 4.6,H100,4,4_FP8_Matmul.py,False,False,,,,15,213554,0.678356,,,,run_20260317_101252,,/data/kernelbench-v3/references/4_FP8_Matmul.py
Claude Sonnet 4.6,H100,4,2_DeepSeek_MoE.py,False,False,,,,15,248485,0.96042,,,,run_20260317_101252,,/data/kernelbench-v3/references/2_DeepSeek_MoE.py
Claude Sonnet 4.6,H100,4,5_MoE_GatedGEMM.py,False,False,,,,15,203086,0.71818,,,,run_20260317_101252,,/data/kernelbench-v3/references/5_MoE_GatedGEMM.py
Claude Sonnet 4.6,H100,4,3_GroupedQueryAttention.py,True,True,1.4074253267818029,21.597200393676758,15.345183849334717,15,267755,1.045758,attention,torch_compile,fp32,run_20260317_101252,/data/kernelbench-v3/solutions/Claude Sonnet 4.6_H100_3_GroupedQueryAttention.py.txt,/data/kernelbench-v3/references/3_GroupedQueryAttention.py
Claude Sonnet 4.6,H100,1,gemm_bf16.py,False,False,,,,10,63477,0.209726,,,,run_20260317_101252,,/data/kernelbench-v3/references/gemm_bf16.py
Claude Sonnet 4.6,H100,4,6_INT4_Quantized_GEMM.py,True,True,0.3337852564995442,1.1383839845657349,3.410528063774109,15,193544,0.717647,gemm,torch_compile,fp16,run_20260317_101252,/data/kernelbench-v3/solutions/Claude Sonnet 4.6_H100_6_INT4_Quantized_GEMM.py.txt,/data/kernelbench-v3/references/6_INT4_Quantized_GEMM.py
Claude Sonnet 4.6,H100,1,gemm_bias_relu.py,False,False,,,,10,89468,0.294977,,,,run_20260317_101252,,/data/kernelbench-v3/references/gemm_bias_relu.py
Claude Sonnet 4.6,H100,1,gemm_bias_gelu.py,False,False,,,,10,76689,0.254999,,,,run_20260317_101252,,/data/kernelbench-v3/references/gemm_bias_gelu.py
Claude Sonnet 4.6,H100,4,7_GatedDeltaNet.py,False,False,,,,15,198802,0.761875,,,,run_20260317_101252,,/data/kernelbench-v3/references/7_GatedDeltaNet.py
Claude Sonnet 4.6,H100,1,gemm_bias_silu.py,False,False,,,,10,107036,0.349904,,,,run_20260317_101252,,/data/kernelbench-v3/references/gemm_bias_silu.py
Claude Sonnet 4.6,H100,1,gemm_fp4.py,False,False,,,,10,103595,0.341527,,,,run_20260317_101252,,/data/kernelbench-v3/references/gemm_fp4.py
Claude Sonnet 4.6,H100,1,gemm_fp8.py,False,False,,,,10,79524,0.281602,,,,run_20260317_101252,,/data/kernelbench-v3/references/gemm_fp8.py
Claude Sonnet 4.6,H100,1,gemm_mixed_fp8_fp16.py,False,False,,,,10,99570,0.329318,,,,run_20260317_101252,,/data/kernelbench-v3/references/gemm_mixed_fp8_fp16.py
Claude Sonnet 4.6,H100,4,8_KimiDeltaAttention.py,False,False,,,,15,183819,0.635923,,,,run_20260317_101252,,/data/kernelbench-v3/references/8_KimiDeltaAttention.py
Claude Sonnet 4.6,H100,1,gemv_fp4.py,False,False,,,,10,70569,0.288218,,,,run_20260317_101252,,/data/kernelbench-v3/references/gemv_fp4.py
Claude Sonnet 4.6,H100,1,gemv_bf16.py,True,True,0.10984749147650233,0.13414400070905685,1.2211840152740479,10,70403,0.305468,gemv,torch_compile,bf16,run_20260317_101252,/data/kernelbench-v3/solutions/Claude Sonnet 4.6_H100_gemv_bf16.py.txt,/data/kernelbench-v3/references/gemv_bf16.py
Claude Sonnet 4.6,H100,1,gemm_residual_add.py,False,False,,,,10,141777,0.512507,,,,run_20260317_101252,,/data/kernelbench-v3/references/gemm_residual_add.py
Claude Sonnet 4.6,H100,1,gemv_fp8.py,True,True,0.2075622873512563,0.4102559983730316,1.9765440225601196,10,104929,0.398833,gemv,torch_compile,int8,run_20260317_101252,/data/kernelbench-v3/solutions/Claude Sonnet 4.6_H100_gemv_fp8.py.txt,/data/kernelbench-v3/references/gemv_fp8.py
Claude Sonnet 4.6,H100,1,moe_grouped_gemm.py,True,True,1.3065772843355619,1.7363680005073547,1.3289439678192139,10,83473,0.317209,moe_grouped_gemm,pytorch_eager,fp32,run_20260317_101252,/data/kernelbench-v3/solutions/Claude Sonnet 4.6_H100_moe_grouped_gemm.py.txt,/data/kernelbench-v3/references/moe_grouped_gemm.py
Claude Sonnet 4.6,H100,1,gemv_fp16.py,True,True,0.18710042705633617,0.06883200258016586,0.3678880035877228,10,90162,0.381401,gemv,pytorch_eager,fp16,run_20260317_101252,/data/kernelbench-v3/solutions/Claude Sonnet 4.6_H100_gemv_fp16.py.txt,/data/kernelbench-v3/references/gemv_fp16.py
Gemini 3.1 Pro Preview,H100,1,1_Square_matrix_multiplication_.py,False,False,,,,10,76009,0.260848,,,,run_20260317_110358,,/data/kernelbench-v3/references/1_Square_matrix_multiplication_.py
Gemini 3.1 Pro Preview,H100,1,26_GELU_.py,False,False,,,,10,104659,0.364156,,,,run_20260317_110358,,/data/kernelbench-v3/references/26_GELU_.py
Gemini 3.1 Pro Preview,H100,1,23_Softmax.py,False,False,,,,10,96097,0.380413,,,,run_20260317_110358,,/data/kernelbench-v3/references/23_Softmax.py
Gemini 3.1 Pro Preview,H100,1,36_RMSNorm_.py,False,False,,,,1,18803,0.116266,,,,run_20260317_110358,,/data/kernelbench-v3/references/36_RMSNorm_.py
Gemini 3.1 Pro Preview,H100,1,2_Standard_matrix_multiplication_.py,True,True,0.9301571188932177,0.4129600077867508,0.4439680129289627,10,83594,0.285654,gemm,pytorch_eager,fp32,run_20260317_110358,/data/kernelbench-v3/solutions/Gemini 3.1 Pro Preview_H100_2_Standard_matrix_multiplication_.py.txt,/data/kernelbench-v3/references/2_Standard_matrix_multiplication_.py
Gemini 3.1 Pro Preview,H100,1,3_Batched_matrix_multiplication.py,False,False,,,,10,70004,0.226848,,,,run_20260317_110358,,/data/kernelbench-v3/references/3_Batched_matrix_multiplication.py
Gemini 3.1 Pro Preview,H100,1,40_LayerNorm.py,False,False,,,,10,84502,0.312462,,,,run_20260317_110358,,/data/kernelbench-v3/references/40_LayerNorm.py
Gemini 3.1 Pro Preview,H100,1,4_Matrix_vector_multiplication_.py,False,False,,,,10,61829,0.189778,,,,run_20260317_110358,,/data/kernelbench-v3/references/4_Matrix_vector_multiplication_.py
Gemini 3.1 Pro Preview,H100,1,42_Max_Pooling_2D.py,False,False,,,,10,119471,0.486006,,,,run_20260317_110358,,/data/kernelbench-v3/references/42_Max_Pooling_2D.py
Gemini 3.1 Pro Preview,H100,1,47_Sum_reduction_over_a_dimension.py,True,True,0.8734328456133716,0.023408000357449055,0.026800000108778477,10,63833,0.261026,reduction,pytorch_eager,fp32,run_20260317_110358,/data/kernelbench-v3/solutions/Gemini 3.1 Pro Preview_H100_47_Sum_reduction_over_a_dimension.py.txt,/data/kernelbench-v3/references/47_Sum_reduction_over_a_dimension.py
Gemini 3.1 Pro Preview,H100,1,63_conv_standard_2D__square_input__square_kernel.py,False,False,,,,10,83039,0.294547,,,,run_20260317_110358,,/data/kernelbench-v3/references/63_conv_standard_2D__square_input__square_kernel.py
Gemini 3.1 Pro Preview,H100,1,82_conv_depthwise_2D_square_input_square_kernel.py,True,True,1.9314466837424284,0.12667199969291687,0.06558400020003319,10,85346,0.330525,conv,torch_compile,fp32,run_20260317_110358,/data/kernelbench-v3/solutions/Gemini 3.1 Pro Preview_H100_82_conv_depthwise_2D_square_input_square_kernel.py.txt,/data/kernelbench-v3/references/82_conv_depthwise_2D_square_input_square_kernel.py
Gemini 3.1 Pro Preview,H100,1,95_CrossEntropyLoss.py,True,False,,,,10,62863,0.270286,,,fp32,run_20260317_110358,/data/kernelbench-v3/solutions/Gemini 3.1 Pro Preview_H100_95_CrossEntropyLoss.py.txt,/data/kernelbench-v3/references/95_CrossEntropyLoss.py
Gemini 3.1 Pro Preview,H100,1,8_Matmul_with_irregular_shapes_.py,False,False,,,,10,106355,0.374666,,,,run_20260317_110358,,/data/kernelbench-v3/references/8_Matmul_with_irregular_shapes_.py
Gemini 3.1 Pro Preview,H100,1,9_Tall_skinny_matrix_multiplication_.py,False,False,,,,10,118512,0.430497,,,,run_20260317_110358,,/data/kernelbench-v3/references/9_Tall_skinny_matrix_multiplication_.py
Gemini 3.1 Pro Preview,H100,2,37_Matmul_Swish_Sum_GroupNorm.py,False,False,,,,12,117443,0.388018,,,,run_20260317_110358,,/data/kernelbench-v3/references/37_Matmul_Swish_Sum_GroupNorm.py
Gemini 3.1 Pro Preview,H100,2,52_Conv2d_Activation_BatchNorm.py,True,True,2.3738758983949944,0.2492000013589859,0.10497600212693214,12,216178,0.728805,fused,torch_compile,fp32,run_20260317_110358,/data/kernelbench-v3/solutions/Gemini 3.1 Pro Preview_H100_52_Conv2d_Activation_BatchNorm.py.txt,/data/kernelbench-v3/references/52_Conv2d_Activation_BatchNorm.py
Gemini 3.1 Pro Preview,H100,2,17_Conv2d_InstanceNorm_Divide.py,False,False,,,,12,154811,0.625408,,,,run_20260317_110358,,/data/kernelbench-v3/references/17_Conv2d_InstanceNorm_Divide.py
Gemini 3.1 Pro Preview,H100,2,40_Matmul_Scaling_ResidualAdd.py,False,False,,,,12,187436,0.616012,,,,run_20260317_110358,,/data/kernelbench-v3/references/40_Matmul_Scaling_ResidualAdd.py
Gemini 3.1 Pro Preview,H100,2,55_Matmul_MaxPool_Sum_Scale.py,False,False,,,,12,138742,0.474092,,,,run_20260317_110358,,/data/kernelbench-v3/references/55_Matmul_MaxPool_Sum_Scale.py
Gemini 3.1 Pro Preview,H100,2,46_Conv2d_Subtract_Tanh_Subtract_AvgPool.py,False,False,,,,12,1337051,3.031297,,,,run_20260317_110358,,/data/kernelbench-v3/references/46_Conv2d_Subtract_Tanh_Subtract_AvgPool.py
Gemini 3.1 Pro Preview,H100,2,59_Matmul_Swish_Scaling.py,True,True,1.7794917756414075,0.18825599551200867,0.10579200088977814,12,240408,0.618811,fused,torch_compile,fp32,run_20260317_110358,/data/kernelbench-v3/solutions/Gemini 3.1 Pro Preview_H100_59_Matmul_Swish_Scaling.py.txt,/data/kernelbench-v3/references/59_Matmul_Swish_Scaling.py
Gemini 3.1 Pro Preview,H100,2,66_Matmul_Dropout_Mean_Softmax.py,False,False,,,,12,83006,0.316288,,,,run_20260317_110358,,/data/kernelbench-v3/references/66_Matmul_Dropout_Mean_Softmax.py
Gemini 3.1 Pro Preview,H100,2,85_Conv2d_GroupNorm_Scale_MaxPool_Clamp.py,False,False,,,,12,132163,0.487803,,,,run_20260317_110358,,/data/kernelbench-v3/references/85_Conv2d_GroupNorm_Scale_MaxPool_Clamp.py
Gemini 3.1 Pro Preview,H100,2,73_Conv2d_BatchNorm_Scaling.py,True,True,0.6109003763420273,0.22417600452899933,0.36696000397205353,12,142556,0.539416,fused,torch_compile,fp32,run_20260317_110358,/data/kernelbench-v3/solutions/Gemini 3.1 Pro Preview_H100_73_Conv2d_BatchNorm_Scaling.py.txt,/data/kernelbench-v3/references/73_Conv2d_BatchNorm_Scaling.py
Gemini 3.1 Pro Preview,H100,2,6_Conv3d_Softmax_MaxPool_MaxPool.py,False,False,,,,12,101381,0.553382,,,,run_20260317_110358,,/data/kernelbench-v3/references/6_Conv3d_Softmax_MaxPool_MaxPool.py
Gemini 3.1 Pro Preview,H100,2,98_Matmul_AvgPool_GELU_Scale_Max.py,False,False,,,,12,133114,0.486937,,,,run_20260317_110358,,/data/kernelbench-v3/references/98_Matmul_AvgPool_GELU_Scale_Max.py
Gemini 3.1 Pro Preview,H100,2,86_Matmul_Divide_GELU.py,False,False,,,,12,180141,0.608291,,,,run_20260317_110358,,/data/kernelbench-v3/references/86_Matmul_Divide_GELU.py
Gemini 3.1 Pro Preview,H100,2,82_Conv2d_Tanh_Scaling_BiasAdd_Max.py,False,False,,,,12,181138,0.692655,,,,run_20260317_110358,,/data/kernelbench-v3/references/82_Conv2d_Tanh_Scaling_BiasAdd_Max.py
Gemini 3.1 Pro Preview,H100,3,43_MinGPTCausalAttention.py,False,False,,,,1,16808,0.099416,,,,run_20260317_110358,,/data/kernelbench-v3/references/43_MinGPTCausalAttention.py
Gemini 3.1 Pro Preview,H100,2,99_Matmul_GELU_Softmax.py,True,True,0.9181344435219341,0.19182399660348892,0.20892800390720367,12,163173,0.60375,fused,torch_compile,fp32,run_20260317_110358,/data/kernelbench-v3/solutions/Gemini 3.1 Pro Preview_H100_99_Matmul_GELU_Softmax.py.txt,/data/kernelbench-v3/references/99_Matmul_GELU_Softmax.py
Gemini 3.1 Pro Preview,H100,3,31_VisionAttention.py,False,False,,,,15,150779,0.463783,,,,run_20260317_110358,,/data/kernelbench-v3/references/31_VisionAttention.py
Gemini 3.1 Pro Preview,H100,4,1_DeepSeek_MLA.py,False,False,,,,15,125788,0.386763,,,,run_20260317_110358,,/data/kernelbench-v3/references/1_DeepSeek_MLA.py
Gemini 3.1 Pro Preview,H100,3,44_MiniGPTBlock.py,False,False,,,,15,159574,0.520784,,,,run_20260317_110358,,/data/kernelbench-v3/references/44_MiniGPTBlock.py
Gemini 3.1 Pro Preview,H100,4,2_DeepSeek_MoE.py,False,False,,,,15,191386,0.655226,,,,run_20260317_110358,,/data/kernelbench-v3/references/2_DeepSeek_MoE.py
Gemini 3.1 Pro Preview,H100,4,3_GroupedQueryAttention.py,False,False,,,,15,156175,0.499014,,,fp32,run_20260317_110358,,/data/kernelbench-v3/references/3_GroupedQueryAttention.py
Gemini 3.1 Pro Preview,H100,4,6_INT4_Quantized_GEMM.py,False,False,,,,1,12687,0.107254,,,,run_20260317_110358,,/data/kernelbench-v3/references/6_INT4_Quantized_GEMM.py
Gemini 3.1 Pro Preview,H100,4,7_GatedDeltaNet.py,False,False,,,,15,129106,0.352152,,,,run_20260317_110358,,/data/kernelbench-v3/references/7_GatedDeltaNet.py
Gemini 3.1 Pro Preview,H100,4,5_MoE_GatedGEMM.py,False,False,,,,15,261951,0.998494,,,,run_20260317_110358,,/data/kernelbench-v3/references/5_MoE_GatedGEMM.py
Gemini 3.1 Pro Preview,H100,1,gemm_bf16.py,True,True,0.6078310903853543,0.047439999878406525,0.07804799824953079,10,78798,0.271905,gemm,pytorch_eager,bf16,run_20260317_110358,/data/kernelbench-v3/solutions/Gemini 3.1 Pro Preview_H100_gemm_bf16.py.txt,/data/kernelbench-v3/references/gemm_bf16.py
Gemini 3.1 Pro Preview,H100,4,8_KimiDeltaAttention.py,True,False,,,,15,126788,0.431598,,,fp32,run_20260317_110358,/data/kernelbench-v3/solutions/Gemini 3.1 Pro Preview_H100_8_KimiDeltaAttention.py.txt,/data/kernelbench-v3/references/8_KimiDeltaAttention.py
Gemini 3.1 Pro Preview,H100,1,gemm_bias_gelu.py,False,False,,,,10,73718,0.236848,,,,run_20260317_110358,,/data/kernelbench-v3/references/gemm_bias_gelu.py
Gemini 3.1 Pro Preview,H100,4,4_FP8_Matmul.py,True,True,1.1996825224442684,0.7618080079555511,0.6350080072879791,15,149634,0.486232,gemm,torch_compile,fp16,run_20260317_110358,/data/kernelbench-v3/solutions/Gemini 3.1 Pro Preview_H100_4_FP8_Matmul.py.txt,/data/kernelbench-v3/references/4_FP8_Matmul.py
Gemini 3.1 Pro Preview,H100,1,gemm_bias_silu.py,False,False,,,,10,297574,0.72411,,,,run_20260317_110358,,/data/kernelbench-v3/references/gemm_bias_silu.py
Gemini 3.1 Pro Preview,H100,1,gemm_bias_relu.py,True,True,0.9710123453000381,0.10558399930596352,0.10873600095510483,10,82908,0.299367,gemm_epilogue,pytorch_eager,fp16,run_20260317_110358,/data/kernelbench-v3/solutions/Gemini 3.1 Pro Preview_H100_gemm_bias_relu.py.txt,/data/kernelbench-v3/references/gemm_bias_relu.py
Gemini 3.1 Pro Preview,H100,1,gemm_fp4.py,True,True,4.115086005289892,0.4748480021953583,0.11539199948310852,10,117310,0.377077,gemm,torch_compile,int8,run_20260317_110358,/data/kernelbench-v3/solutions/Gemini 3.1 Pro Preview_H100_gemm_fp4.py.txt,/data/kernelbench-v3/references/gemm_fp4.py
Gemini 3.1 Pro Preview,H100,1,gemm_fp8.py,False,False,,,,10,123593,0.437385,,,,run_20260317_110358,,/data/kernelbench-v3/references/gemm_fp8.py
Gemini 3.1 Pro Preview,H100,1,gemm_residual_add.py,True,True,0.7461716144130844,0.08263999968767166,0.11075200140476227,10,107585,0.379893,gemm_epilogue,pytorch_eager,fp16,run_20260317_110358,/data/kernelbench-v3/solutions/Gemini 3.1 Pro Preview_H100_gemm_residual_add.py.txt,/data/kernelbench-v3/references/gemm_residual_add.py
Gemini 3.1 Pro Preview,H100,1,gemm_mixed_fp8_fp16.py,False,False,,,,10,130508,0.464573,,,,run_20260317_110358,,/data/kernelbench-v3/references/gemm_mixed_fp8_fp16.py
Gemini 3.1 Pro Preview,H100,1,gemv_bf16.py,False,False,,,,10,138961,0.469145,,,,run_20260317_110358,,/data/kernelbench-v3/references/gemv_bf16.py
Gemini 3.1 Pro Preview,H100,1,gemv_fp4.py,False,False,,,,10,81606,0.240317,,,,run_20260317_110358,,/data/kernelbench-v3/references/gemv_fp4.py
Gemini 3.1 Pro Preview,H100,1,gemv_fp16.py,False,False,,,,10,69818,0.23231,,,,run_20260317_110358,,/data/kernelbench-v3/references/gemv_fp16.py
Gemini 3.1 Pro Preview,H100,1,moe_grouped_gemm.py,False,False,,,,2,17089,0.127458,,,,run_20260317_110358,,/data/kernelbench-v3/references/moe_grouped_gemm.py
Gemini 3.1 Pro Preview,H100,1,gemv_fp8.py,True,True,0.6439326052720983,0.41467200219631195,0.643968015909195,10,252570,0.631637,gemv,torch_compile,int8,run_20260317_110358,/data/kernelbench-v3/solutions/Gemini 3.1 Pro Preview_H100_gemv_fp8.py.txt,/data/kernelbench-v3/references/gemv_fp8.py
GPT-5.4,B200,1,26_GELU_.py,True,True,0.5873589252579466,0.020816000178456306,0.035439999774098396,6,26027,,elementwise,pytorch_eager,fp32,run_20260317_121922,/data/kernelbench-v3/solutions/GPT-5.4_B200_26_GELU_.py.txt,/data/kernelbench-v3/references/26_GELU_.py
GPT-5.4,B200,1,2_Standard_matrix_multiplication_.py,True,True,0.9951741919197736,0.31675200164318085,0.31828799843788147,6,29725,,gemm,pytorch_eager,fp32,run_20260317_121922,/data/kernelbench-v3/solutions/GPT-5.4_B200_2_Standard_matrix_multiplication_.py.txt,/data/kernelbench-v3/references/2_Standard_matrix_multiplication_.py
GPT-5.4,B200,1,23_Softmax.py,True,True,1.028187050260991,0.025679999962449074,0.02497600018978119,7,29514,,softmax,pytorch_eager,fp32,run_20260317_121922,/data/kernelbench-v3/solutions/GPT-5.4_B200_23_Softmax.py.txt,/data/kernelbench-v3/references/23_Softmax.py
GPT-5.4,B200,1,1_Square_matrix_multiplication_.py,True,True,0.9938533798641774,0.3259679973125458,0.3279839903116226,5,22583,,gemm,pytorch_eager,fp32,run_20260317_121922,/data/kernelbench-v3/solutions/GPT-5.4_B200_1_Square_matrix_multiplication_.py.txt,/data/kernelbench-v3/references/1_Square_matrix_multiplication_.py
GPT-5.4,B200,1,42_Max_Pooling_2D.py,True,True,2.026753595087245,0.32363200187683105,0.15967999398708344,4,17410,,reduction,pytorch_eager,fp32,run_20260317_121922,/data/kernelbench-v3/solutions/GPT-5.4_B200_42_Max_Pooling_2D.py.txt,/data/kernelbench-v3/references/42_Max_Pooling_2D.py
GPT-5.4,B200,1,36_RMSNorm_.py,True,True,1.2041544678085447,0.30236800014972687,0.2511039972305298,7,38272,,layernorm,torch_compile,fp32,run_20260317_121922,/data/kernelbench-v3/solutions/GPT-5.4_B200_36_RMSNorm_.py.txt,/data/kernelbench-v3/references/36_RMSNorm_.py
GPT-5.4,B200,1,40_LayerNorm.py,False,False,,,,10,55967,,,,,run_20260317_121922,,/data/kernelbench-v3/references/40_LayerNorm.py
GPT-5.4,B200,1,3_Batched_matrix_multiplication.py,True,True,0.9901685301401876,0.1128000020980835,0.11392000317573547,10,62576,,gemm,pytorch_eager,fp32,run_20260317_121922,/data/kernelbench-v3/solutions/GPT-5.4_B200_3_Batched_matrix_multiplication.py.txt,/data/kernelbench-v3/references/3_Batched_matrix_multiplication.py
GPT-5.4,B200,1,47_Sum_reduction_over_a_dimension.py,True,True,0.5008771996709327,0.027408000081777573,0.05471999943256378,3,12788,,reduction,pytorch_eager,fp32,run_20260317_121922,/data/kernelbench-v3/solutions/GPT-5.4_B200_47_Sum_reduction_over_a_dimension.py.txt,/data/kernelbench-v3/references/47_Sum_reduction_over_a_dimension.py
GPT-5.4,B200,1,4_Matrix_vector_multiplication_.py,True,True,0.05155012839208919,0.05009600147604942,0.9717919826507568,4,16058,,gemm,pytorch_eager,fp32,run_20260317_121922,/data/kernelbench-v3/solutions/GPT-5.4_B200_4_Matrix_vector_multiplication_.py.txt,/data/kernelbench-v3/references/4_Matrix_vector_multiplication_.py
GPT-5.4,B200,1,63_conv_standard_2D__square_input__square_kernel.py,True,True,0.9994265189328699,0.22307199984788895,0.2232000008225441,7,31184,,conv,pytorch_eager,fp32,run_20260317_121922,/data/kernelbench-v3/solutions/GPT-5.4_B200_63_conv_standard_2D__square_input__square_kernel.py.txt,/data/kernelbench-v3/references/63_conv_standard_2D__square_input__square_kernel.py
GPT-5.4,B200,1,82_conv_depthwise_2D_square_input_square_kernel.py,True,True,3.469471157789236,0.27184000611305237,0.07835200056433678,9,46776,,conv,torch_compile,fp32,run_20260317_121922,/data/kernelbench-v3/solutions/GPT-5.4_B200_82_conv_depthwise_2D_square_input_square_kernel.py.txt,/data/kernelbench-v3/references/82_conv_depthwise_2D_square_input_square_kernel.py
GPT-5.4,B200,1,95_CrossEntropyLoss.py,True,True,2.1627108846146714,0.11080000177025795,0.051231998950242996,4,15076,,reduction,torch_compile,fp32,run_20260317_121922,/data/kernelbench-v3/solutions/GPT-5.4_B200_95_CrossEntropyLoss.py.txt,/data/kernelbench-v3/references/95_CrossEntropyLoss.py
GPT-5.4,B200,1,9_Tall_skinny_matrix_multiplication_.py,True,True,0.9566263261208653,0.3627680093050003,0.3792160004377365,4,17640,,gemm,pytorch_eager,fp32,run_20260317_121922,/data/kernelbench-v3/solutions/GPT-5.4_B200_9_Tall_skinny_matrix_multiplication_.py.txt,/data/kernelbench-v3/references/9_Tall_skinny_matrix_multiplication_.py
GPT-5.4,B200,2,17_Conv2d_InstanceNorm_Divide.py,True,True,0.7529706911570092,0.22102399915456772,0.2935359925031662,4,15157,,fused,torch_compile,fp32,run_20260317_121922,/data/kernelbench-v3/solutions/GPT-5.4_B200_17_Conv2d_InstanceNorm_Divide.py.txt,/data/kernelbench-v3/references/17_Conv2d_InstanceNorm_Divide.py
GPT-5.4,B200,2,40_Matmul_Scaling_ResidualAdd.py,True,True,1.3097521279645368,0.20972799509763718,0.16012800484895706,4,15353,,fused,torch_compile,fp32,run_20260317_121922,/data/kernelbench-v3/solutions/GPT-5.4_B200_40_Matmul_Scaling_ResidualAdd.py.txt,/data/kernelbench-v3/references/40_Matmul_Scaling_ResidualAdd.py
GPT-5.4,B200,1,8_Matmul_with_irregular_shapes_.py,True,True,0.6375935886421825,4.544512033462524,7.1275999546051025,9,57899,,gemm,pytorch_eager,fp32,run_20260317_121922,/data/kernelbench-v3/solutions/GPT-5.4_B200_8_Matmul_with_irregular_shapes_.py.txt,/data/kernelbench-v3/references/8_Matmul_with_irregular_shapes_.py
GPT-5.4,B200,2,52_Conv2d_Activation_BatchNorm.py,False,False,,,,4,15033,,,,,run_20260317_121922,,/data/kernelbench-v3/references/52_Conv2d_Activation_BatchNorm.py
GPT-5.4,B200,2,55_Matmul_MaxPool_Sum_Scale.py,True,True,1.210487548637399,0.21052800118923187,0.17392000555992126,4,14996,,fused,torch_compile,fp32,run_20260317_121922,/data/kernelbench-v3/solutions/GPT-5.4_B200_55_Matmul_MaxPool_Sum_Scale.py.txt,/data/kernelbench-v3/references/55_Matmul_MaxPool_Sum_Scale.py
GPT-5.4,B200,2,37_Matmul_Swish_Sum_GroupNorm.py,True,True,1.7841185182613482,0.22360000014305115,0.12532799690961838,11,67517,,fused,torch_compile,fp32,run_20260317_121922,/data/kernelbench-v3/solutions/GPT-5.4_B200_37_Matmul_Swish_Sum_GroupNorm.py.txt,/data/kernelbench-v3/references/37_Matmul_Swish_Sum_GroupNorm.py
GPT-5.4,B200,2,46_Conv2d_Subtract_Tanh_Subtract_AvgPool.py,True,True,1.0533968310404962,0.1982240006327629,0.1881759986281395,9,49920,,fused,torch_compile,fp32,run_20260317_121922,/data/kernelbench-v3/solutions/GPT-5.4_B200_46_Conv2d_Subtract_Tanh_Subtract_AvgPool.py.txt,/data/kernelbench-v3/references/46_Conv2d_Subtract_Tanh_Subtract_AvgPool.py
GPT-5.4,B200,2,66_Matmul_Dropout_Mean_Softmax.py,True,False,,,,4,17748,,,,fp32,run_20260317_121922,/data/kernelbench-v3/solutions/GPT-5.4_B200_66_Matmul_Dropout_Mean_Softmax.py.txt,/data/kernelbench-v3/references/66_Matmul_Dropout_Mean_Softmax.py
GPT-5.4,B200,2,59_Matmul_Swish_Scaling.py,True,True,2.0602409489318716,0.21067199856042862,0.10225600004196167,4,17600,,fused,torch_compile,fp32,run_20260317_121922,/data/kernelbench-v3/solutions/GPT-5.4_B200_59_Matmul_Swish_Scaling.py.txt,/data/kernelbench-v3/references/59_Matmul_Swish_Scaling.py
GPT-5.4,B200,2,6_Conv3d_Softmax_MaxPool_MaxPool.py,True,True,0.7724386539200606,1.341040015220642,1.7361119985580444,10,59926,,fused,torch_compile,fp32,run_20260317_121922,/data/kernelbench-v3/solutions/GPT-5.4_B200_6_Conv3d_Softmax_MaxPool_MaxPool.py.txt,/data/kernelbench-v3/references/6_Conv3d_Softmax_MaxPool_MaxPool.py
GPT-5.4,B200,2,73_Conv2d_BatchNorm_Scaling.py,True,True,0.8937632292337969,0.18939200043678284,0.21190399676561356,4,18456,,fused,torch_compile,fp32,run_20260317_121922,/data/kernelbench-v3/solutions/GPT-5.4_B200_73_Conv2d_BatchNorm_Scaling.py.txt,/data/kernelbench-v3/references/73_Conv2d_BatchNorm_Scaling.py
GPT-5.4,B200,2,98_Matmul_AvgPool_GELU_Scale_Max.py,True,True,1.1819783873103344,0.18238399922847748,0.15430400520563126,4,16695,,fused,torch_compile,fp32,run_20260317_121922,/data/kernelbench-v3/solutions/GPT-5.4_B200_98_Matmul_AvgPool_GELU_Scale_Max.py.txt,/data/kernelbench-v3/references/98_Matmul_AvgPool_GELU_Scale_Max.py
GPT-5.4,B200,2,86_Matmul_Divide_GELU.py,True,True,1.6214274157224755,0.15884800255298615,0.09796800091862679,4,17779,,fused,pytorch_eager,fp32,run_20260317_121922,/data/kernelbench-v3/solutions/GPT-5.4_B200_86_Matmul_Divide_GELU.py.txt,/data/kernelbench-v3/references/86_Matmul_Divide_GELU.py
GPT-5.4,B200,2,85_Conv2d_GroupNorm_Scale_MaxPool_Clamp.py,True,True,0.003316044314547503,0.22596799582242966,68.14384078979492,7,53722,,fused,torch_compile,fp32,run_20260317_121922,/data/kernelbench-v3/solutions/GPT-5.4_B200_85_Conv2d_GroupNorm_Scale_MaxPool_Clamp.py.txt,/data/kernelbench-v3/references/85_Conv2d_GroupNorm_Scale_MaxPool_Clamp.py
GPT-5.4,B200,2,82_Conv2d_Tanh_Scaling_BiasAdd_Max.py,True,True,1.1947508584483189,0.2789599895477295,0.23348800092935562,6,37587,,fused,torch_compile,fp32,run_20260317_121922,/data/kernelbench-v3/solutions/GPT-5.4_B200_82_Conv2d_Tanh_Scaling_BiasAdd_Max.py.txt,/data/kernelbench-v3/references/82_Conv2d_Tanh_Scaling_BiasAdd_Max.py
GPT-5.4,B200,2,99_Matmul_GELU_Softmax.py,True,False,,,,6,27873,,,,fp32,run_20260317_121922,/data/kernelbench-v3/solutions/GPT-5.4_B200_99_Matmul_GELU_Softmax.py.txt,/data/kernelbench-v3/references/99_Matmul_GELU_Softmax.py
GPT-5.4,B200,3,31_VisionAttention.py,True,True,0.9870095056302307,9.584335803985596,9.710479736328125,4,21196,,attention,torch_compile,fp32,run_20260317_121922,/data/kernelbench-v3/solutions/GPT-5.4_B200_31_VisionAttention.py.txt,/data/kernelbench-v3/references/31_VisionAttention.py
GPT-5.4,B200,3,43_MinGPTCausalAttention.py,True,True,1.1323126833988086,4.452960014343262,3.9326239824295044,4,19451,,attention,torch_compile,fp32,run_20260317_121922,/data/kernelbench-v3/solutions/GPT-5.4_B200_43_MinGPTCausalAttention.py.txt,/data/kernelbench-v3/references/43_MinGPTCausalAttention.py
GPT-5.4,B200,3,44_MiniGPTBlock.py,True,True,0.886951686688466,18.758559226989746,21.149471282958984,4,23030,,model,torch_compile,fp32,run_20260317_121922,/data/kernelbench-v3/solutions/GPT-5.4_B200_44_MiniGPTBlock.py.txt,/data/kernelbench-v3/references/44_MiniGPTBlock.py
GPT-5.4,B200,4,3_GroupedQueryAttention.py,True,True,0.7877257392003615,17.29742431640625,21.958688735961914,4,28794,,attention,torch_compile,fp32,run_20260317_121922,/data/kernelbench-v3/solutions/GPT-5.4_B200_3_GroupedQueryAttention.py.txt,/data/kernelbench-v3/references/3_GroupedQueryAttention.py
GPT-5.4,B200,4,1_DeepSeek_MLA.py,False,False,,,,9,86462,,,,,run_20260317_121922,,/data/kernelbench-v3/references/1_DeepSeek_MLA.py
GPT-5.4,B200,4,4_FP8_Matmul.py,True,True,0.7542565930963591,0.41889600455760956,0.5553759932518005,4,24458,,gemm,torch_compile,fp16,run_20260317_121922,/data/kernelbench-v3/solutions/GPT-5.4_B200_4_FP8_Matmul.py.txt,/data/kernelbench-v3/references/4_FP8_Matmul.py
GPT-5.4,B200,4,6_INT4_Quantized_GEMM.py,True,True,1.1806675554396873,0.5597119927406311,0.47406400740146637,8,67605,,gemm,torch_compile,fp16,run_20260317_121922,/data/kernelbench-v3/solutions/GPT-5.4_B200_6_INT4_Quantized_GEMM.py.txt,/data/kernelbench-v3/references/6_INT4_Quantized_GEMM.py
GPT-5.4,B200,4,5_MoE_GatedGEMM.py,True,True,1.0000566237434925,100.58793640136719,100.58224105834961,4,29477,,fused,pytorch_eager,fp32,run_20260317_121922,/data/kernelbench-v3/solutions/GPT-5.4_B200_5_MoE_GatedGEMM.py.txt,/data/kernelbench-v3/references/5_MoE_GatedGEMM.py
GPT-5.4,B200,4,9_FP4_BlockScaled_Matmul.py,True,True,0.027129325597077442,0.510560005903244,18.81948757171631,8,64063,,gemm,torch_compile,fp16,run_20260317_121922,/data/kernelbench-v3/solutions/GPT-5.4_B200_9_FP4_BlockScaled_Matmul.py.txt,/data/kernelbench-v3/references/9_FP4_BlockScaled_Matmul.py
GPT-5.4,B200,4,2_DeepSeek_MoE.py,False,False,,,,15,210985,,,,,run_20260317_121922,,/data/kernelbench-v3/references/2_DeepSeek_MoE.py
GPT-5.4,B200,1,gemm_bf16.py,True,True,0.45061107430418346,0.03598399832844734,0.07985600084066391,2,8417,,gemm,pytorch_eager,bf16,run_20260317_121922,/data/kernelbench-v3/solutions/GPT-5.4_B200_gemm_bf16.py.txt,/data/kernelbench-v3/references/gemm_bf16.py
GPT-5.4,B200,4,7_GatedDeltaNet.py,False,False,,,,11,83984,,,,,run_20260317_121922,,/data/kernelbench-v3/references/7_GatedDeltaNet.py
GPT-5.4,B200,4,8_KimiDeltaAttention.py,True,True,0.9731519178120067,9.85153579711914,10.123327732086182,7,50720,,attention,pytorch_eager,fp32,run_20260317_121922,/data/kernelbench-v3/solutions/GPT-5.4_B200_8_KimiDeltaAttention.py.txt,/data/kernelbench-v3/references/8_KimiDeltaAttention.py
GPT-5.4,B200,1,gemm_bias_gelu.py,True,True,1.6547646273854484,0.11641599982976913,0.07035199925303459,8,40961,,gemm_epilogue,torch_compile,fp16,run_20260317_121922,/data/kernelbench-v3/solutions/GPT-5.4_B200_gemm_bias_gelu.py.txt,/data/kernelbench-v3/references/gemm_bias_gelu.py
GPT-5.4,B200,1,gemm_fp4.py,True,True,2.690036919743113,0.4199039936065674,0.15609599649906158,2,8397,,gemm,torch_compile,int8,run_20260317_121922,/data/kernelbench-v3/solutions/GPT-5.4_B200_gemm_fp4.py.txt,/data/kernelbench-v3/references/gemm_fp4.py
GPT-5.4,B200,1,gemm_bias_relu.py,True,True,0.8521553590075227,0.07654400169849396,0.08982399851083755,5,23804,,gemm_epilogue,pytorch_eager,fp16,run_20260317_121922,/data/kernelbench-v3/solutions/GPT-5.4_B200_gemm_bias_relu.py.txt,/data/kernelbench-v3/references/gemm_bias_relu.py
GPT-5.4,B200,1,gemm_bias_silu.py,True,True,0.8751928396895405,0.08167999982833862,0.09332800284028053,5,22420,,gemm_epilogue,pytorch_eager,fp16,run_20260317_121922,/data/kernelbench-v3/solutions/GPT-5.4_B200_gemm_bias_silu.py.txt,/data/kernelbench-v3/references/gemm_bias_silu.py
GPT-5.4,B200,1,gemm_residual_add.py,True,True,0.6255453045338355,0.057360000908374786,0.09169599786400795,3,13189,,gemm_epilogue,pytorch_eager,fp16,run_20260317_121922,/data/kernelbench-v3/solutions/GPT-5.4_B200_gemm_residual_add.py.txt,/data/kernelbench-v3/references/gemm_residual_add.py
GPT-5.4,B200,1,gemm_mixed_fp8_fp16.py,True,True,1.621917744954257,0.09471999853849411,0.058400001376867294,8,37660,,gemm,torch_compile,int8,run_20260317_121922,/data/kernelbench-v3/solutions/GPT-5.4_B200_gemm_mixed_fp8_fp16.py.txt,/data/kernelbench-v3/references/gemm_mixed_fp8_fp16.py
GPT-5.4,B200,1,gemv_bf16.py,True,True,0.038744989838122815,0.04315200075507164,1.1137440204620361,4,15342,,gemv,pytorch_eager,bf16,run_20260317_121922,/data/kernelbench-v3/solutions/GPT-5.4_B200_gemv_bf16.py.txt,/data/kernelbench-v3/references/gemv_bf16.py
GPT-5.4,B200,1,gemm_fp8.py,True,True,0.48235444182734816,0.4259999990463257,0.8831679821014404,8,50154,,gemm,torch_compile,int8,run_20260317_121922,/data/kernelbench-v3/solutions/GPT-5.4_B200_gemm_fp8.py.txt,/data/kernelbench-v3/references/gemm_fp8.py
GPT-5.4,B200,1,gemv_fp8.py,True,True,0.5362586366648266,0.2600639909505844,0.48496000468730927,4,16259,,gemv,torch_compile,int8,run_20260317_121922,/data/kernelbench-v3/solutions/GPT-5.4_B200_gemv_fp8.py.txt,/data/kernelbench-v3/references/gemv_fp8.py
GPT-5.4,B200,1,moe_grouped_gemm.py,True,True,1.0844820158003612,1.9222400188446045,1.772495985031128,4,18107,,moe_grouped_gemm,pytorch_eager,fp32,run_20260317_121922,/data/kernelbench-v3/solutions/GPT-5.4_B200_moe_grouped_gemm.py.txt,/data/kernelbench-v3/references/moe_grouped_gemm.py
GPT-5.4,B200,1,gemv_fp16.py,True,True,1.0347992329855222,0.043295999988913536,0.041840000078082085,7,31509,,gemv,pytorch_eager,fp16,run_20260317_121922,/data/kernelbench-v3/solutions/GPT-5.4_B200_gemv_fp16.py.txt,/data/kernelbench-v3/references/gemv_fp16.py
GPT-5.4,B200,1,gemv_fp4.py,True,True,0.4470665708159525,0.2712799906730652,0.606799989938736,4,17464,,gemv,torch_compile,int8,run_20260317_121922,/data/kernelbench-v3/solutions/GPT-5.4_B200_gemv_fp4.py.txt,/data/kernelbench-v3/references/gemv_fp4.py
GPT-5.4,B200,1,warp_specialized_gemm.py,True,True,0.6161616067931297,0.06929599866271019,0.11246399953961372,4,18512,,gemm,pytorch_eager,fp16,run_20260317_121922,/data/kernelbench-v3/solutions/GPT-5.4_B200_warp_specialized_gemm.py.txt,/data/kernelbench-v3/references/warp_specialized_gemm.py
GPT-5.4,B200,1,persistent_gemm.py,True,True,1.039515395296324,0.05766399949789047,0.0554720014333725,6,28979,,gemm,pytorch_eager,fp16,run_20260317_121922,/data/kernelbench-v3/solutions/GPT-5.4_B200_persistent_gemm.py.txt,/data/kernelbench-v3/references/persistent_gemm.py
GPT-5.4,B200,1,stream_k_gemm.py,False,False,,,,10,55333,,,,,run_20260317_121922,,/data/kernelbench-v3/references/stream_k_gemm.py
GPT-5.3,B200,1,26_GELU_.py,True,True,0.8983375683995827,0.02247999981045723,0.02502400055527687,3,11070,,elementwise,pytorch_eager,fp32,run_20260317_123832,/data/kernelbench-v3/solutions/GPT-5.3_B200_26_GELU_.py.txt,/data/kernelbench-v3/references/26_GELU_.py
GPT-5.3,B200,1,23_Softmax.py,True,True,1.9905073688422297,0.09729599952697754,0.04887999966740608,3,11450,,softmax,torch_compile,fp32,run_20260317_123832,/data/kernelbench-v3/solutions/GPT-5.3_B200_23_Softmax.py.txt,/data/kernelbench-v3/references/23_Softmax.py
GPT-5.3,B200,1,1_Square_matrix_multiplication_.py,True,True,1.4705627486298605,0.3261120021343231,0.22176000475883484,10,40549,,gemm,pytorch_eager,fp32,run_20260317_123832,/data/kernelbench-v3/solutions/GPT-5.3_B200_1_Square_matrix_multiplication_.py.txt,/data/kernelbench-v3/references/1_Square_matrix_multiplication_.py
GPT-5.3,B200,1,2_Standard_matrix_multiplication_.py,True,True,0.31864549272985543,0.3253600001335144,1.0210720300674438,7,27752,,gemm,pytorch_eager,fp32,run_20260317_123832,/data/kernelbench-v3/solutions/GPT-5.3_B200_2_Standard_matrix_multiplication_.py.txt,/data/kernelbench-v3/references/2_Standard_matrix_multiplication_.py
GPT-5.3,B200,1,3_Batched_matrix_multiplication.py,True,True,0.2170513222278589,0.1101439967751503,0.5074560046195984,3,11296,,gemm,pytorch_eager,fp32,run_20260317_123832,/data/kernelbench-v3/solutions/GPT-5.3_B200_3_Batched_matrix_multiplication.py.txt,/data/kernelbench-v3/references/3_Batched_matrix_multiplication.py
GPT-5.3,B200,1,36_RMSNorm_.py,True,True,1.8242881913886566,0.3054880052804947,0.1674560010433197,3,11257,,layernorm,torch_compile,fp32,run_20260317_123832,/data/kernelbench-v3/solutions/GPT-5.3_B200_36_RMSNorm_.py.txt,/data/kernelbench-v3/references/36_RMSNorm_.py
GPT-5.3,B200,1,42_Max_Pooling_2D.py,True,True,0.9182729896608256,0.31783999502658844,0.3461280018091202,3,11993,,reduction,pytorch_eager,fp32,run_20260317_123832,/data/kernelbench-v3/solutions/GPT-5.3_B200_42_Max_Pooling_2D.py.txt,/data/kernelbench-v3/references/42_Max_Pooling_2D.py
GPT-5.3,B200,1,40_LayerNorm.py,True,True,0.024132929517164878,0.37083199620246887,15.366223812103271,3,12322,,layernorm,torch_compile,fp32,run_20260317_123832,/data/kernelbench-v3/solutions/GPT-5.3_B200_40_LayerNorm.py.txt,/data/kernelbench-v3/references/40_LayerNorm.py
GPT-5.3,B200,1,47_Sum_reduction_over_a_dimension.py,True,True,0.9625396930050357,0.02425600029528141,0.025200000032782555,3,10595,,reduction,pytorch_eager,fp32,run_20260317_123832,/data/kernelbench-v3/solutions/GPT-5.3_B200_47_Sum_reduction_over_a_dimension.py.txt,/data/kernelbench-v3/references/47_Sum_reduction_over_a_dimension.py
GPT-5.3,B200,1,63_conv_standard_2D__square_input__square_kernel.py,True,True,0.2529453819326212,0.2998879998922348,1.185584008693695,5,21631,,conv,torch_compile,fp32,run_20260317_123832,/data/kernelbench-v3/solutions/GPT-5.3_B200_63_conv_standard_2D__square_input__square_kernel.py.txt,/data/kernelbench-v3/references/63_conv_standard_2D__square_input__square_kernel.py
GPT-5.3,B200,1,82_conv_depthwise_2D_square_input_square_kernel.py,True,True,0.7879574528436368,0.048576001077890396,0.06164800003170967,5,22838,,conv,pytorch_eager,fp32,run_20260317_123832,/data/kernelbench-v3/solutions/GPT-5.3_B200_82_conv_depthwise_2D_square_input_square_kernel.py.txt,/data/kernelbench-v3/references/82_conv_depthwise_2D_square_input_square_kernel.py
GPT-5.3,B200,1,4_Matrix_vector_multiplication_.py,True,True,0.7826402568252707,0.051791999489068985,0.06617599725723267,3,11253,,gemm,pytorch_eager,fp32,run_20260317_123832,/data/kernelbench-v3/solutions/GPT-5.3_B200_4_Matrix_vector_multiplication_.py.txt,/data/kernelbench-v3/references/4_Matrix_vector_multiplication_.py
GPT-5.3,B200,1,8_Matmul_with_irregular_shapes_.py,True,True,2.131394283438739,4.549247980117798,2.1344000101089478,10,45116,,gemm,pytorch_eager,fp32,run_20260317_123832,/data/kernelbench-v3/solutions/GPT-5.3_B200_8_Matmul_with_irregular_shapes_.py.txt,/data/kernelbench-v3/references/8_Matmul_with_irregular_shapes_.py
GPT-5.3,B200,1,9_Tall_skinny_matrix_multiplication_.py,True,True,0.17469489902576832,0.3632480055093765,2.0793280601501465,3,11275,,gemm,pytorch_eager,fp32,run_20260317_123832,/data/kernelbench-v3/solutions/GPT-5.3_B200_9_Tall_skinny_matrix_multiplication_.py.txt,/data/kernelbench-v3/references/9_Tall_skinny_matrix_multiplication_.py
GPT-5.3,B200,1,95_CrossEntropyLoss.py,True,False,,,,5,22004,,,,fp32,run_20260317_123832,/data/kernelbench-v3/solutions/GPT-5.3_B200_95_CrossEntropyLoss.py.txt,/data/kernelbench-v3/references/95_CrossEntropyLoss.py
GPT-5.3,B200,2,40_Matmul_Scaling_ResidualAdd.py,True,True,2.0504507130534915,0.20744000375270844,0.10116800293326378,5,22075,,fused,torch_compile,fp32,run_20260317_123832,/data/kernelbench-v3/solutions/GPT-5.3_B200_40_Matmul_Scaling_ResidualAdd.py.txt,/data/kernelbench-v3/references/40_Matmul_Scaling_ResidualAdd.py
GPT-5.3,B200,2,46_Conv2d_Subtract_Tanh_Subtract_AvgPool.py,True,True,0.7967007059994794,0.19086399674415588,0.23956800252199173,3,12581,,fused,torch_compile,fp32,run_20260317_123832,/data/kernelbench-v3/solutions/GPT-5.3_B200_46_Conv2d_Subtract_Tanh_Subtract_AvgPool.py.txt,/data/kernelbench-v3/references/46_Conv2d_Subtract_Tanh_Subtract_AvgPool.py
GPT-5.3,B200,2,52_Conv2d_Activation_BatchNorm.py,True,True,0.5550040404330953,0.20931199938058853,0.3771359920501709,3,12704,,fused,torch_compile,fp32,run_20260317_123832,/data/kernelbench-v3/solutions/GPT-5.3_B200_52_Conv2d_Activation_BatchNorm.py.txt,/data/kernelbench-v3/references/52_Conv2d_Activation_BatchNorm.py
GPT-5.3,B200,2,17_Conv2d_InstanceNorm_Divide.py,True,True,0.6878205257546423,0.2295999974012375,0.3338080048561096,12,73970,,fused,torch_compile,fp32,run_20260317_123832,/data/kernelbench-v3/solutions/GPT-5.3_B200_17_Conv2d_InstanceNorm_Divide.py.txt,/data/kernelbench-v3/references/17_Conv2d_InstanceNorm_Divide.py
GPT-5.3,B200,2,37_Matmul_Swish_Sum_GroupNorm.py,True,True,0.02361946592199118,0.21318400651216507,9.025775909423828,12,65299,,fused,torch_compile,fp32,run_20260317_123832,/data/kernelbench-v3/solutions/GPT-5.3_B200_37_Matmul_Swish_Sum_GroupNorm.py.txt,/data/kernelbench-v3/references/37_Matmul_Swish_Sum_GroupNorm.py
GPT-5.3,B200,2,55_Matmul_MaxPool_Sum_Scale.py,True,True,0.023154457520745537,0.20715200155973434,8.94652795791626,7,35810,,fused,torch_compile,fp32,run_20260317_123832,/data/kernelbench-v3/solutions/GPT-5.3_B200_55_Matmul_MaxPool_Sum_Scale.py.txt,/data/kernelbench-v3/references/55_Matmul_MaxPool_Sum_Scale.py
GPT-5.3,B200,2,59_Matmul_Swish_Scaling.py,True,True,1.2046146324812304,0.19630400091409683,0.1629600003361702,12,57310,,fused,torch_compile,fp32,run_20260317_123832,/data/kernelbench-v3/solutions/GPT-5.3_B200_59_Matmul_Swish_Scaling.py.txt,/data/kernelbench-v3/references/59_Matmul_Swish_Scaling.py
GPT-5.3,B200,2,6_Conv3d_Softmax_MaxPool_MaxPool.py,True,True,0.7328282708055995,1.3449919819831848,1.8353440165519714,3,11838,,fused,torch_compile,fp32,run_20260317_123832,/data/kernelbench-v3/solutions/GPT-5.3_B200_6_Conv3d_Softmax_MaxPool_MaxPool.py.txt,/data/kernelbench-v3/references/6_Conv3d_Softmax_MaxPool_MaxPool.py
GPT-5.3,B200,2,66_Matmul_Dropout_Mean_Softmax.py,True,True,0.0022674893403985016,0.16555200517177582,73.01115036010742,5,22086,,fused,pytorch_eager,fp32,run_20260317_123832,/data/kernelbench-v3/solutions/GPT-5.3_B200_66_Matmul_Dropout_Mean_Softmax.py.txt,/data/kernelbench-v3/references/66_Matmul_Dropout_Mean_Softmax.py
GPT-5.3,B200,2,73_Conv2d_BatchNorm_Scaling.py,True,True,0.452462970873105,0.17444799840450287,0.38555198907852173,3,12272,,fused,torch_compile,fp32,run_20260317_123832,/data/kernelbench-v3/solutions/GPT-5.3_B200_73_Conv2d_BatchNorm_Scaling.py.txt,/data/kernelbench-v3/references/73_Conv2d_BatchNorm_Scaling.py
GPT-5.3,B200,2,85_Conv2d_GroupNorm_Scale_MaxPool_Clamp.py,True,True,0.6175061522657895,0.23715200275182724,0.3840479999780655,8,35984,,fused,torch_compile,fp32,run_20260317_123832,/data/kernelbench-v3/solutions/GPT-5.3_B200_85_Conv2d_GroupNorm_Scale_MaxPool_Clamp.py.txt,/data/kernelbench-v3/references/85_Conv2d_GroupNorm_Scale_MaxPool_Clamp.py
GPT-5.3,B200,2,86_Matmul_Divide_GELU.py,True,False,,,,12,63793,,,,fp32,run_20260317_123832,/data/kernelbench-v3/solutions/GPT-5.3_B200_86_Matmul_Divide_GELU.py.txt,/data/kernelbench-v3/references/86_Matmul_Divide_GELU.py
GPT-5.3,B200,2,98_Matmul_AvgPool_GELU_Scale_Max.py,True,True,1.1662592093891049,0.19843200594186783,0.1701439991593361,9,55538,,fused,torch_compile,fp32,run_20260317_123832,/data/kernelbench-v3/solutions/GPT-5.3_B200_98_Matmul_AvgPool_GELU_Scale_Max.py.txt,/data/kernelbench-v3/references/98_Matmul_AvgPool_GELU_Scale_Max.py
GPT-5.3,B200,2,99_Matmul_GELU_Softmax.py,True,True,1.3101756517681558,0.2136320024728775,0.16305600106716156,11,68782,,fused,torch_compile,fp32,run_20260317_123832,/data/kernelbench-v3/solutions/GPT-5.3_B200_99_Matmul_GELU_Softmax.py.txt,/data/kernelbench-v3/references/99_Matmul_GELU_Softmax.py
GPT-5.3,B200,2,82_Conv2d_Tanh_Scaling_BiasAdd_Max.py,False,False,,,,12,59260,,,,,run_20260317_123832,,/data/kernelbench-v3/references/82_Conv2d_Tanh_Scaling_BiasAdd_Max.py
GPT-5.3,B200,3,43_MinGPTCausalAttention.py,True,True,0.7463808923433243,4.46123194694519,5.977151870727539,3,12352,,attention,torch_compile,fp32,run_20260317_123832,/data/kernelbench-v3/solutions/GPT-5.3_B200_43_MinGPTCausalAttention.py.txt,/data/kernelbench-v3/references/43_MinGPTCausalAttention.py
GPT-5.3,B200,3,31_VisionAttention.py,False,False,,,,15,71586,,,,,run_20260317_123832,,/data/kernelbench-v3/references/31_VisionAttention.py
GPT-5.3,B200,3,44_MiniGPTBlock.py,True,True,0.8510785823446352,18.78444766998291,22.071343421936035,5,32990,,model,torch_compile,fp32,run_20260317_123832,/data/kernelbench-v3/solutions/GPT-5.3_B200_44_MiniGPTBlock.py.txt,/data/kernelbench-v3/references/44_MiniGPTBlock.py
GPT-5.3,B200,4,4_FP8_Matmul.py,True,True,0.810501662349296,0.45344001054763794,0.5594559907913208,3,14376,,gemm,torch_compile,fp16,run_20260317_123832,/data/kernelbench-v3/solutions/GPT-5.3_B200_4_FP8_Matmul.py.txt,/data/kernelbench-v3/references/4_FP8_Matmul.py
GPT-5.3,B200,4,1_DeepSeek_MLA.py,False,False,,,,13,115927,,,,,run_20260317_123832,,/data/kernelbench-v3/references/1_DeepSeek_MLA.py
GPT-5.3,B200,4,3_GroupedQueryAttention.py,True,True,1.1929889993211669,17.27199935913086,14.477920055389404,9,71270,,attention,torch_compile,fp32,run_20260317_123832,/data/kernelbench-v3/solutions/GPT-5.3_B200_3_GroupedQueryAttention.py.txt,/data/kernelbench-v3/references/3_GroupedQueryAttention.py
GPT-5.3,B200,4,6_INT4_Quantized_GEMM.py,True,True,0.5282836559100833,0.5945599973201752,1.1254559755325317,15,103549,,gemm,torch_compile,fp16,run_20260317_123832,/data/kernelbench-v3/solutions/GPT-5.3_B200_6_INT4_Quantized_GEMM.py.txt,/data/kernelbench-v3/references/6_INT4_Quantized_GEMM.py
GPT-5.3,B200,4,5_MoE_GatedGEMM.py,True,True,1.0039590038350636,100.61170959472656,100.21495819091797,9,57916,,fused,pytorch_eager,fp32,run_20260317_123832,/data/kernelbench-v3/solutions/GPT-5.3_B200_5_MoE_GatedGEMM.py.txt,/data/kernelbench-v3/references/5_MoE_GatedGEMM.py
GPT-5.3,B200,4,7_GatedDeltaNet.py,True,True,0.997987029888515,10.026432037353516,10.046655654907227,9,59899,,model,pytorch_eager,fp32,run_20260317_123832,/data/kernelbench-v3/solutions/GPT-5.3_B200_7_GatedDeltaNet.py.txt,/data/kernelbench-v3/references/7_GatedDeltaNet.py
GPT-5.3,B200,1,gemm_bf16.py,True,True,0.6642793245201385,0.03561599925160408,0.0536159984767437,3,10666,,gemm,pytorch_eager,bf16,run_20260317_123832,/data/kernelbench-v3/solutions/GPT-5.3_B200_gemm_bf16.py.txt,/data/kernelbench-v3/references/gemm_bf16.py
GPT-5.3,B200,4,8_KimiDeltaAttention.py,True,True,0.9997704541096135,9.89401626586914,9.89628791809082,14,123450,,attention,pytorch_eager,fp32,run_20260317_123832,/data/kernelbench-v3/solutions/GPT-5.3_B200_8_KimiDeltaAttention.py.txt,/data/kernelbench-v3/references/8_KimiDeltaAttention.py
GPT-5.3,B200,1,gemm_bias_relu.py,True,True,0.8959687772507117,0.07716799899935722,0.08612800016999245,3,11182,,gemm_epilogue,pytorch_eager,fp16,run_20260317_123832,/data/kernelbench-v3/solutions/GPT-5.3_B200_gemm_bias_relu.py.txt,/data/kernelbench-v3/references/gemm_bias_relu.py
GPT-5.3,B200,1,gemm_bias_gelu.py,True,True,1.2204538060991381,0.11532799899578094,0.0944959968328476,9,47944,,gemm_epilogue,torch_compile,fp16,run_20260317_123832,/data/kernelbench-v3/solutions/GPT-5.3_B200_gemm_bias_gelu.py.txt,/data/kernelbench-v3/references/gemm_bias_gelu.py
GPT-5.3,B200,4,9_FP4_BlockScaled_Matmul.py,True,True,0.0006612938543758734,0.5089119970798492,769.5701293945312,3,15415,,gemm,torch_compile,fp16,run_20260317_123832,/data/kernelbench-v3/solutions/GPT-5.3_B200_9_FP4_BlockScaled_Matmul.py.txt,/data/kernelbench-v3/references/9_FP4_BlockScaled_Matmul.py
GPT-5.3,B200,1,23_Softmax.py,True,True,0.6052969172664467,0.022672000341117382,0.03745599836111069,3,9562,,softmax,pytorch_eager,fp32,run_20260317_130201,/data/kernelbench-v3/solutions/GPT-5.3_B200_23_Softmax.py.txt,/data/kernelbench-v3/references/23_Softmax.py
GPT-5.3,B200,1,1_Square_matrix_multiplication_.py,True,True,1.0982383944062584,0.39798401296138763,0.36238399147987366,7,27049,,gemm,torch_compile,fp32,run_20260317_130201,/data/kernelbench-v3/solutions/GPT-5.3_B200_1_Square_matrix_multiplication_.py.txt,/data/kernelbench-v3/references/1_Square_matrix_multiplication_.py
GPT-5.3,B200,1,2_Standard_matrix_multiplication_.py,True,True,1.516715007353815,0.3259359896183014,0.21489600092172623,10,44814,,gemm,pytorch_eager,fp32,run_20260317_130201,/data/kernelbench-v3/solutions/GPT-5.3_B200_2_Standard_matrix_multiplication_.py.txt,/data/kernelbench-v3/references/2_Standard_matrix_multiplication_.py
GPT-5.3,B200,1,26_GELU_.py,True,True,0.8830083567717804,0.020287999883294106,0.022975999861955643,3,11037,,elementwise,pytorch_eager,fp32,run_20260317_130201,/data/kernelbench-v3/solutions/GPT-5.3_B200_26_GELU_.py.txt,/data/kernelbench-v3/references/26_GELU_.py
GPT-5.3,B200,1,36_RMSNorm_.py,True,True,2.3124694927218026,0.3038399964570999,0.1313920021057129,3,11422,,layernorm,torch_compile,fp32,run_20260317_130201,/data/kernelbench-v3/solutions/GPT-5.3_B200_36_RMSNorm_.py.txt,/data/kernelbench-v3/references/36_RMSNorm_.py
GPT-5.3,B200,1,3_Batched_matrix_multiplication.py,True,True,0.9191090759583231,0.11289600282907486,0.12283199653029442,10,53529,,gemm,pytorch_eager,fp32,run_20260317_130201,/data/kernelbench-v3/solutions/GPT-5.3_B200_3_Batched_matrix_multiplication.py.txt,/data/kernelbench-v3/references/3_Batched_matrix_multiplication.py
GPT-5.3,B200,1,40_LayerNorm.py,True,True,0.024856046449067234,0.37489598989486694,15.082687854766846,3,11692,,layernorm,torch_compile,fp32,run_20260317_130201,/data/kernelbench-v3/solutions/GPT-5.3_B200_40_LayerNorm.py.txt,/data/kernelbench-v3/references/40_LayerNorm.py
GPT-5.3,B200,1,42_Max_Pooling_2D.py,True,True,1.1412306434153845,0.4041599929332733,0.35414400696754456,3,12047,,reduction,torch_compile,fp32,run_20260317_130201,/data/kernelbench-v3/solutions/GPT-5.3_B200_42_Max_Pooling_2D.py.txt,/data/kernelbench-v3/references/42_Max_Pooling_2D.py
GPT-5.3,B200,1,47_Sum_reduction_over_a_dimension.py,True,True,0.8671329046115156,0.02380800060927868,0.02745599951595068,3,11032,,reduction,pytorch_eager,fp32,run_20260317_130201,/data/kernelbench-v3/solutions/GPT-5.3_B200_47_Sum_reduction_over_a_dimension.py.txt,/data/kernelbench-v3/references/47_Sum_reduction_over_a_dimension.py
GPT-5.3,B200,1,4_Matrix_vector_multiplication_.py,True,True,0.6011493893994263,0.05020799860358238,0.08352000266313553,3,10923,,gemm,pytorch_eager,fp32,run_20260317_130201,/data/kernelbench-v3/solutions/GPT-5.3_B200_4_Matrix_vector_multiplication_.py.txt,/data/kernelbench-v3/references/4_Matrix_vector_multiplication_.py
GPT-5.3,B200,1,8_Matmul_with_irregular_shapes_.py,True,True,0.5512530197291183,4.551136016845703,8.255983829498291,7,27488,,gemm,pytorch_eager,fp32,run_20260317_130201,/data/kernelbench-v3/solutions/GPT-5.3_B200_8_Matmul_with_irregular_shapes_.py.txt,/data/kernelbench-v3/references/8_Matmul_with_irregular_shapes_.py
GPT-5.3,B200,1,63_conv_standard_2D__square_input__square_kernel.py,True,True,0.25706540075200673,0.32017599046230316,1.2455040216445923,8,37096,,conv,torch_compile,fp32,run_20260317_130201,/data/kernelbench-v3/solutions/GPT-5.3_B200_63_conv_standard_2D__square_input__square_kernel.py.txt,/data/kernelbench-v3/references/63_conv_standard_2D__square_input__square_kernel.py
GPT-5.3,B200,1,9_Tall_skinny_matrix_multiplication_.py,True,True,0.756150004032426,0.3659040033817291,0.48390398919582367,5,19503,,gemm,pytorch_eager,fp32,run_20260317_130201,/data/kernelbench-v3/solutions/GPT-5.3_B200_9_Tall_skinny_matrix_multiplication_.py.txt,/data/kernelbench-v3/references/9_Tall_skinny_matrix_multiplication_.py
GPT-5.3,B200,1,95_CrossEntropyLoss.py,True,True,0.9835240084891012,0.034383999183773994,0.03495999984443188,5,21555,,reduction,pytorch_eager,fp32,run_20260317_130201,/data/kernelbench-v3/solutions/GPT-5.3_B200_95_CrossEntropyLoss.py.txt,/data/kernelbench-v3/references/95_CrossEntropyLoss.py
GPT-5.3,B200,1,82_conv_depthwise_2D_square_input_square_kernel.py,True,False,,,,10,55994,,,,fp32,run_20260317_130201,/data/kernelbench-v3/solutions/GPT-5.3_B200_82_conv_depthwise_2D_square_input_square_kernel.py.txt,/data/kernelbench-v3/references/82_conv_depthwise_2D_square_input_square_kernel.py
GPT-5.3,B200,2,17_Conv2d_InstanceNorm_Divide.py,True,True,0.0283352991560452,0.21492800116539001,7.58516788482666,5,23829,,fused,torch_compile,fp32,run_20260317_130201,/data/kernelbench-v3/solutions/GPT-5.3_B200_17_Conv2d_InstanceNorm_Divide.py.txt,/data/kernelbench-v3/references/17_Conv2d_InstanceNorm_Divide.py
GPT-5.3,B200,2,46_Conv2d_Subtract_Tanh_Subtract_AvgPool.py,True,True,0.7438059166643991,0.18492799997329712,0.24862399697303772,5,22056,,fused,torch_compile,fp32,run_20260317_130201,/data/kernelbench-v3/solutions/GPT-5.3_B200_46_Conv2d_Subtract_Tanh_Subtract_AvgPool.py.txt,/data/kernelbench-v3/references/46_Conv2d_Subtract_Tanh_Subtract_AvgPool.py
GPT-5.3,B200,2,37_Matmul_Swish_Sum_GroupNorm.py,True,True,1.1760840840741087,0.20047999918460846,0.17046400159597397,12,66742,,fused,torch_compile,fp32,run_20260317_130201,/data/kernelbench-v3/solutions/GPT-5.3_B200_37_Matmul_Swish_Sum_GroupNorm.py.txt,/data/kernelbench-v3/references/37_Matmul_Swish_Sum_GroupNorm.py
GPT-5.3,B200,2,40_Matmul_Scaling_ResidualAdd.py,True,True,2.2892624904809233,0.19171199947595596,0.08374400064349174,12,78761,,fused,torch_compile,fp32,run_20260317_130201,/data/kernelbench-v3/solutions/GPT-5.3_B200_40_Matmul_Scaling_ResidualAdd.py.txt,/data/kernelbench-v3/references/40_Matmul_Scaling_ResidualAdd.py
GPT-5.3,B200,2,52_Conv2d_Activation_BatchNorm.py,True,True,0.5381136799169314,0.1979999989271164,0.36795198917388916,3,12473,,fused,torch_compile,fp32,run_20260317_130201,/data/kernelbench-v3/solutions/GPT-5.3_B200_52_Conv2d_Activation_BatchNorm.py.txt,/data/kernelbench-v3/references/52_Conv2d_Activation_BatchNorm.py
GPT-5.3,B200,2,55_Matmul_MaxPool_Sum_Scale.py,True,True,0.023222179290545205,0.2014080062508583,8.673088073730469,5,21259,,fused,torch_compile,fp32,run_20260317_130201,/data/kernelbench-v3/solutions/GPT-5.3_B200_55_Matmul_MaxPool_Sum_Scale.py.txt,/data/kernelbench-v3/references/55_Matmul_MaxPool_Sum_Scale.py
GPT-5.3,B200,2,66_Matmul_Dropout_Mean_Softmax.py,True,True,0.0022547353412883295,0.15929600596427917,70.6495361328125,3,11770,,fused,pytorch_eager,fp32,run_20260317_130201,/data/kernelbench-v3/solutions/GPT-5.3_B200_66_Matmul_Dropout_Mean_Softmax.py.txt,/data/kernelbench-v3/references/66_Matmul_Dropout_Mean_Softmax.py
GPT-5.3,B200,2,59_Matmul_Swish_Scaling.py,True,True,0.04812075186863783,0.20556800067424774,4.2719199657440186,5,19320,,fused,torch_compile,fp32,run_20260317_130201,/data/kernelbench-v3/solutions/GPT-5.3_B200_59_Matmul_Swish_Scaling.py.txt,/data/kernelbench-v3/references/59_Matmul_Swish_Scaling.py
GPT-5.3,B200,2,73_Conv2d_BatchNorm_Scaling.py,True,True,0.4625014294442445,0.19448000192642212,0.42049600183963776,3,12213,,fused,torch_compile,fp32,run_20260317_130201,/data/kernelbench-v3/solutions/GPT-5.3_B200_73_Conv2d_BatchNorm_Scaling.py.txt,/data/kernelbench-v3/references/73_Conv2d_BatchNorm_Scaling.py
GPT-5.3,B200,2,85_Conv2d_GroupNorm_Scale_MaxPool_Clamp.py,True,True,0.023422480279108673,0.23761600255966187,10.144783973693848,3,14912,,fused,torch_compile,fp32,run_20260317_130201,/data/kernelbench-v3/solutions/GPT-5.3_B200_85_Conv2d_GroupNorm_Scale_MaxPool_Clamp.py.txt,/data/kernelbench-v3/references/85_Conv2d_GroupNorm_Scale_MaxPool_Clamp.py
GPT-5.3,B200,2,6_Conv3d_Softmax_MaxPool_MaxPool.py,True,True,0.028160920142559154,1.3453119993209839,47.77230262756348,7,36668,,fused,torch_compile,fp32,run_20260317_130201,/data/kernelbench-v3/solutions/GPT-5.3_B200_6_Conv3d_Softmax_MaxPool_MaxPool.py.txt,/data/kernelbench-v3/references/6_Conv3d_Softmax_MaxPool_MaxPool.py
GPT-5.3,B200,2,82_Conv2d_Tanh_Scaling_BiasAdd_Max.py,True,False,,,,12,59782,,,,fp32,run_20260317_130201,/data/kernelbench-v3/solutions/GPT-5.3_B200_82_Conv2d_Tanh_Scaling_BiasAdd_Max.py.txt,/data/kernelbench-v3/references/82_Conv2d_Tanh_Scaling_BiasAdd_Max.py
GPT-5.3,B200,2,98_Matmul_AvgPool_GELU_Scale_Max.py,True,False,,,,12,77869,,,,fp32,run_20260317_130201,/data/kernelbench-v3/solutions/GPT-5.3_B200_98_Matmul_AvgPool_GELU_Scale_Max.py.txt,/data/kernelbench-v3/references/98_Matmul_AvgPool_GELU_Scale_Max.py
GPT-5.3,B200,2,86_Matmul_Divide_GELU.py,True,False,,,,12,64038,,,,fp32,run_20260317_130201,/data/kernelbench-v3/solutions/GPT-5.3_B200_86_Matmul_Divide_GELU.py.txt,/data/kernelbench-v3/references/86_Matmul_Divide_GELU.py
GPT-5.3,B200,2,99_Matmul_GELU_Softmax.py,True,False,,,,11,56889,,,,fp32,run_20260317_130201,/data/kernelbench-v3/solutions/GPT-5.3_B200_99_Matmul_GELU_Softmax.py.txt,/data/kernelbench-v3/references/99_Matmul_GELU_Softmax.py
GPT-5.3,B200,3,31_VisionAttention.py,True,True,0.6132991939004386,9.6178560256958,15.682159900665283,8,34023,,attention,torch_compile,fp32,run_20260317_130201,/data/kernelbench-v3/solutions/GPT-5.3_B200_31_VisionAttention.py.txt,/data/kernelbench-v3/references/31_VisionAttention.py
GPT-5.3,B200,3,43_MinGPTCausalAttention.py,True,True,1.0022205221653293,4.477391958236694,4.4674718379974365,10,54205,,attention,torch_compile,fp32,run_20260317_130201,/data/kernelbench-v3/solutions/GPT-5.3_B200_43_MinGPTCausalAttention.py.txt,/data/kernelbench-v3/references/43_MinGPTCausalAttention.py
GPT-5.3,B200,3,44_MiniGPTBlock.py,True,False,,,,15,90359,,,,fp32,run_20260317_130201,/data/kernelbench-v3/solutions/GPT-5.3_B200_44_MiniGPTBlock.py.txt,/data/kernelbench-v3/references/44_MiniGPTBlock.py
GPT-5.3,B200,4,1_DeepSeek_MLA.py,False,False,,,,13,124112,,,,,run_20260317_130201,,/data/kernelbench-v3/references/1_DeepSeek_MLA.py
GPT-5.3,B200,4,3_GroupedQueryAttention.py,True,True,1.1427552000540664,17.25441551208496,15.098960399627686,11,85238,,attention,torch_compile,fp32,run_20260317_130201,/data/kernelbench-v3/solutions/GPT-5.3_B200_3_GroupedQueryAttention.py.txt,/data/kernelbench-v3/references/3_GroupedQueryAttention.py
GPT-5.3,B200,4,4_FP8_Matmul.py,True,True,0.8032020865955403,0.451104000210762,0.5616320073604584,3,14493,,gemm,torch_compile,fp16,run_20260317_130201,/data/kernelbench-v3/solutions/GPT-5.3_B200_4_FP8_Matmul.py.txt,/data/kernelbench-v3/references/4_FP8_Matmul.py
GPT-5.3,B200,4,5_MoE_GatedGEMM.py,False,False,,,,7,47572,,,,,run_20260317_130201,,/data/kernelbench-v3/references/5_MoE_GatedGEMM.py
GPT-5.3,B200,4,6_INT4_Quantized_GEMM.py,True,True,0.015778614764031834,0.6042239964008331,38.29385566711426,11,72292,,gemm,torch_compile,fp16,run_20260317_130201,/data/kernelbench-v3/solutions/GPT-5.3_B200_6_INT4_Quantized_GEMM.py.txt,/data/kernelbench-v3/references/6_INT4_Quantized_GEMM.py
GPT-5.3,B200,4,9_FP4_BlockScaled_Matmul.py,True,True,0.014964299728147131,0.5083039999008179,33.967777252197266,9,60469,,gemm,torch_compile,fp16,run_20260317_130201,/data/kernelbench-v3/solutions/GPT-5.3_B200_9_FP4_BlockScaled_Matmul.py.txt,/data/kernelbench-v3/references/9_FP4_BlockScaled_Matmul.py
GPT-5.3,B200,4,8_KimiDeltaAttention.py,True,True,0.9999773113440673,9.877552032470703,9.877776145935059,5,34339,,attention,pytorch_eager,fp32,run_20260317_130201,/data/kernelbench-v3/solutions/GPT-5.3_B200_8_KimiDeltaAttention.py.txt,/data/kernelbench-v3/references/8_KimiDeltaAttention.py
GPT-5.3,B200,1,gemm_bf16.py,True,True,0.6545292952541043,0.03537599928677082,0.054047999903559685,3,10783,,gemm,pytorch_eager,bf16,run_20260317_130201,/data/kernelbench-v3/solutions/GPT-5.3_B200_gemm_bf16.py.txt,/data/kernelbench-v3/references/gemm_bf16.py
GPT-5.3,B200,4,7_GatedDeltaNet.py,True,True,0.999749071581523,10.00822401046753,10.010735988616943,15,104797,,model,pytorch_eager,fp32,run_20260317_130201,/data/kernelbench-v3/solutions/GPT-5.3_B200_7_GatedDeltaNet.py.txt,/data/kernelbench-v3/references/7_GatedDeltaNet.py
GPT-5.3,B200,1,gemm_bias_gelu.py,True,True,0.999592277414637,0.11768000200390816,0.11772800236940384,3,11186,,gemm_epilogue,torch_compile,fp16,run_20260317_130201,/data/kernelbench-v3/solutions/GPT-5.3_B200_gemm_bias_gelu.py.txt,/data/kernelbench-v3/references/gemm_bias_gelu.py
GPT-5.3,B200,1,gemm_bias_relu.py,True,True,1.38654326836863,0.11507199704647064,0.08299199864268303,3,11128,,gemm_epilogue,torch_compile,fp16,run_20260317_130201,/data/kernelbench-v3/solutions/GPT-5.3_B200_gemm_bias_relu.py.txt,/data/kernelbench-v3/references/gemm_bias_relu.py
GPT-5.3,B200,1,gemm_bias_silu.py,True,True,1.217065592002467,0.08056000247597694,0.06619199737906456,3,11176,,gemm_epilogue,torch_compile,fp16,run_20260317_130201,/data/kernelbench-v3/solutions/GPT-5.3_B200_gemm_bias_silu.py.txt,/data/kernelbench-v3/references/gemm_bias_silu.py
GPT-5.3,B200,1,gemm_fp8.py,True,True,2.4140972674301424,0.424687996506691,0.1759200021624565,3,11670,,gemm,torch_compile,int8,run_20260317_130201,/data/kernelbench-v3/solutions/GPT-5.3_B200_gemm_fp8.py.txt,/data/kernelbench-v3/references/gemm_fp8.py
GPT-5.3,B200,1,gemm_fp4.py,True,True,0.1909720153037896,0.42022399604320526,2.2004480361938477,3,11856,,gemm,torch_compile,int8,run_20260317_130201,/data/kernelbench-v3/solutions/GPT-5.3_B200_gemm_fp4.py.txt,/data/kernelbench-v3/references/gemm_fp4.py
GPT-5.3,B200,1,gemm_mixed_fp8_fp16.py,True,True,0.042260582466695375,0.06878400221467018,1.627616047859192,3,11489,,gemm,pytorch_eager,int8,run_20260317_130201,/data/kernelbench-v3/solutions/GPT-5.3_B200_gemm_mixed_fp8_fp16.py.txt,/data/kernelbench-v3/references/gemm_mixed_fp8_fp16.py
GPT-5.3,B200,1,gemv_bf16.py,True,True,0.011357139292362374,0.047040000557899475,4.14188814163208,3,10305,,gemv,pytorch_eager,bf16,run_20260317_130201,/data/kernelbench-v3/solutions/GPT-5.3_B200_gemv_bf16.py.txt,/data/kernelbench-v3/references/gemv_bf16.py
GPT-5.3,B200,1,gemm_residual_add.py,True,True,0.7428458797591225,0.06022400036454201,0.08107199892401695,3,11332,,gemm_epilogue,pytorch_eager,fp16,run_20260317_130201,/data/kernelbench-v3/solutions/GPT-5.3_B200_gemm_residual_add.py.txt,/data/kernelbench-v3/references/gemm_residual_add.py
GPT-5.3,B200,1,gemv_fp16.py,True,True,0.02141774220337751,0.03367999941110611,1.5725280046463013,3,11486,,gemv,pytorch_eager,fp16,run_20260317_130201,/data/kernelbench-v3/solutions/GPT-5.3_B200_gemv_fp16.py.txt,/data/kernelbench-v3/references/gemv_fp16.py
GPT-5.3,B200,4,2_DeepSeek_MoE.py,False,False,,,,5,33399,,,,,run_20260317_130201,,/data/kernelbench-v3/references/2_DeepSeek_MoE.py
GPT-5.3,B200,1,gemv_fp8.py,True,True,0.03688475951814166,0.2744479924440384,7.440688133239746,3,10984,,gemv,torch_compile,int8,run_20260317_130201,/data/kernelbench-v3/solutions/GPT-5.3_B200_gemv_fp8.py.txt,/data/kernelbench-v3/references/gemv_fp8.py
GPT-5.3,B200,1,gemv_fp4.py,True,True,0.03595356392733435,0.2666880041360855,7.41756796836853,3,11272,,gemv,torch_compile,int8,run_20260317_130201,/data/kernelbench-v3/solutions/GPT-5.3_B200_gemv_fp4.py.txt,/data/kernelbench-v3/references/gemv_fp4.py
GPT-5.3,B200,1,warp_specialized_gemm.py,True,True,0.6350312175860358,0.07001600041985512,0.11025599762797356,3,11209,,gemm,pytorch_eager,fp16,run_20260317_130201,/data/kernelbench-v3/solutions/GPT-5.3_B200_warp_specialized_gemm.py.txt,/data/kernelbench-v3/references/warp_specialized_gemm.py
GPT-5.3,B200,1,persistent_gemm.py,True,True,0.7238236525531226,0.05464000068604946,0.07548800110816956,5,20944,,gemm,pytorch_eager,fp16,run_20260317_130201,/data/kernelbench-v3/solutions/GPT-5.3_B200_persistent_gemm.py.txt,/data/kernelbench-v3/references/persistent_gemm.py
GPT-5.3,B200,1,moe_grouped_gemm.py,True,True,0.0010254757587952344,1.8744640350341797,1827.89697265625,3,13313,,moe_grouped_gemm,pytorch_eager,fp32,run_20260317_130201,/data/kernelbench-v3/solutions/GPT-5.3_B200_moe_grouped_gemm.py.txt,/data/kernelbench-v3/references/moe_grouped_gemm.py
GPT-5.3,B200,1,stream_k_gemm.py,True,True,0.5745293971177315,0.10206399857997894,0.17764800041913986,3,11438,,gemm,pytorch_eager,fp16,run_20260317_130201,/data/kernelbench-v3/solutions/GPT-5.3_B200_stream_k_gemm.py.txt,/data/kernelbench-v3/references/stream_k_gemm.py
Claude Opus 4.6,B200,1,1_Square_matrix_multiplication_.py,True,True,4.5885036579212315,0.3218560069799423,0.07014400139451027,10,66773,0.444405,gemm,pytorch_eager,fp32,run_20260317_132246,/data/kernelbench-v3/solutions/Claude Opus 4.6_B200_1_Square_matrix_multiplication_.py.txt,/data/kernelbench-v3/references/1_Square_matrix_multiplication_.py
Claude Opus 4.6,B200,1,2_Standard_matrix_multiplication_.py,True,True,2.296077342446987,0.32310400903224945,0.14072000235319138,10,79570,0.52725,gemm,pytorch_eager,fp32,run_20260317_132246,/data/kernelbench-v3/solutions/Claude Opus 4.6_B200_2_Standard_matrix_multiplication_.py.txt,/data/kernelbench-v3/references/2_Standard_matrix_multiplication_.py
Claude Opus 4.6,B200,1,23_Softmax.py,True,True,0.980191264652109,0.02295999974012375,0.023423999547958374,10,72322,0.48237,softmax,pytorch_eager,fp32,run_20260317_132246,/data/kernelbench-v3/solutions/Claude Opus 4.6_B200_23_Softmax.py.txt,/data/kernelbench-v3/references/23_Softmax.py
Claude Opus 4.6,B200,1,26_GELU_.py,True,True,0.9279340835210002,0.021631999872624874,0.023312000557780266,10,65658,0.42603,elementwise,pytorch_eager,fp32,run_20260317_132246,/data/kernelbench-v3/solutions/Claude Opus 4.6_B200_26_GELU_.py.txt,/data/kernelbench-v3/references/26_GELU_.py
Claude Opus 4.6,B200,1,36_RMSNorm_.py,True,True,0.47340960036019364,0.3019520044326782,0.6378239989280701,10,76231,0.492735,layernorm,torch_compile,fp32,run_20260317_132246,/data/kernelbench-v3/solutions/Claude Opus 4.6_B200_36_RMSNorm_.py.txt,/data/kernelbench-v3/references/36_RMSNorm_.py
Claude Opus 4.6,B200,1,3_Batched_matrix_multiplication.py,True,True,1.0127944128769768,0.111455999314785,0.11004799976944923,10,92000,0.6232,gemm,pytorch_eager,fp32,run_20260317_132246,/data/kernelbench-v3/solutions/Claude Opus 4.6_B200_3_Batched_matrix_multiplication.py.txt,/data/kernelbench-v3/references/3_Batched_matrix_multiplication.py
Claude Opus 4.6,B200,1,40_LayerNorm.py,True,True,2.1156580048094846,0.37140800058841705,0.17555200308561325,6,48628,0.34316,layernorm,torch_compile,fp32,run_20260317_132246,/data/kernelbench-v3/solutions/Claude Opus 4.6_B200_40_LayerNorm.py.txt,/data/kernelbench-v3/references/40_LayerNorm.py
Claude Opus 4.6,B200,1,42_Max_Pooling_2D.py,True,True,2.3337241874133845,0.3184319883584976,0.1364479959011078,10,83646,0.57067,reduction,pytorch_eager,fp32,run_20260317_132246,/data/kernelbench-v3/solutions/Claude Opus 4.6_B200_42_Max_Pooling_2D.py.txt,/data/kernelbench-v3/references/42_Max_Pooling_2D.py
Claude Opus 4.6,B200,1,4_Matrix_vector_multiplication_.py,True,False,,,,10,69716,0.45202,,,fp32,run_20260317_132246,/data/kernelbench-v3/solutions/Claude Opus 4.6_B200_4_Matrix_vector_multiplication_.py.txt,/data/kernelbench-v3/references/4_Matrix_vector_multiplication_.py
Claude Opus 4.6,B200,1,47_Sum_reduction_over_a_dimension.py,True,True,0.799384596383431,0.02078399993479252,0.026000000536441803,10,87017,0.583505,reduction,pytorch_eager,fp32,run_20260317_132246,/data/kernelbench-v3/solutions/Claude Opus 4.6_B200_47_Sum_reduction_over_a_dimension.py.txt,/data/kernelbench-v3/references/47_Sum_reduction_over_a_dimension.py
Claude Opus 4.6,B200,1,82_conv_depthwise_2D_square_input_square_kernel.py,False,False,,,,10,86693,0.609645,,,,run_20260317_132246,,/data/kernelbench-v3/references/82_conv_depthwise_2D_square_input_square_kernel.py
Claude Opus 4.6,B200,1,63_conv_standard_2D__square_input__square_kernel.py,True,True,1.9562678992733222,0.30561599135398865,0.15622399747371674,10,111122,0.77645,conv,torch_compile,fp32,run_20260317_132246,/data/kernelbench-v3/solutions/Claude Opus 4.6_B200_63_conv_standard_2D__square_input__square_kernel.py.txt,/data/kernelbench-v3/references/63_conv_standard_2D__square_input__square_kernel.py
Claude Opus 4.6,B200,1,8_Matmul_with_irregular_shapes_.py,True,True,0.2702299895196941,4.554080009460449,16.85260772705078,10,72491,0.441075,gemm,pytorch_eager,fp32,run_20260317_132246,/data/kernelbench-v3/solutions/Claude Opus 4.6_B200_8_Matmul_with_irregular_shapes_.py.txt,/data/kernelbench-v3/references/8_Matmul_with_irregular_shapes_.py
Claude Opus 4.6,B200,2,17_Conv2d_InstanceNorm_Divide.py,False,False,,,,6,0,,,,,run_20260317_132246,,/data/kernelbench-v3/references/17_Conv2d_InstanceNorm_Divide.py
Claude Opus 4.6,B200,2,40_Matmul_Scaling_ResidualAdd.py,False,False,,,,1,0,,,,,run_20260317_132246,,/data/kernelbench-v3/references/40_Matmul_Scaling_ResidualAdd.py
Claude Opus 4.6,B200,1,9_Tall_skinny_matrix_multiplication_.py,False,False,,,,8,0,,,,,run_20260317_132246,,/data/kernelbench-v3/references/9_Tall_skinny_matrix_multiplication_.py
Claude Opus 4.6,B200,1,95_CrossEntropyLoss.py,True,False,,,,10,75397,0.497765,,,fp32,run_20260317_132246,/data/kernelbench-v3/solutions/Claude Opus 4.6_B200_95_CrossEntropyLoss.py.txt,/data/kernelbench-v3/references/95_CrossEntropyLoss.py
Claude Opus 4.6,B200,2,37_Matmul_Swish_Sum_GroupNorm.py,False,False,,,,4,0,,,,,run_20260317_132246,,/data/kernelbench-v3/references/37_Matmul_Swish_Sum_GroupNorm.py
Claude Opus 4.6,B200,2,46_Conv2d_Subtract_Tanh_Subtract_AvgPool.py,False,False,,,,1,0,,,,,run_20260317_132246,,/data/kernelbench-v3/references/46_Conv2d_Subtract_Tanh_Subtract_AvgPool.py
Claude Opus 4.6,B200,2,52_Conv2d_Activation_BatchNorm.py,False,False,,,,1,0,,,,,run_20260317_132246,,/data/kernelbench-v3/references/52_Conv2d_Activation_BatchNorm.py
Claude Opus 4.6,B200,2,55_Matmul_MaxPool_Sum_Scale.py,False,False,,,,1,0,,,,,run_20260317_132246,,/data/kernelbench-v3/references/55_Matmul_MaxPool_Sum_Scale.py
Claude Opus 4.6,B200,2,59_Matmul_Swish_Scaling.py,False,False,,,,1,0,,,,,run_20260317_132246,,/data/kernelbench-v3/references/59_Matmul_Swish_Scaling.py
Claude Opus 4.6,B200,2,6_Conv3d_Softmax_MaxPool_MaxPool.py,False,False,,,,1,0,,,,,run_20260317_132246,,/data/kernelbench-v3/references/6_Conv3d_Softmax_MaxPool_MaxPool.py
Claude Opus 4.6,B200,2,66_Matmul_Dropout_Mean_Softmax.py,False,False,,,,1,0,,,,,run_20260317_132246,,/data/kernelbench-v3/references/66_Matmul_Dropout_Mean_Softmax.py
Claude Opus 4.6,B200,2,73_Conv2d_BatchNorm_Scaling.py,False,False,,,,1,0,,,,,run_20260317_132246,,/data/kernelbench-v3/references/73_Conv2d_BatchNorm_Scaling.py
Claude Opus 4.6,B200,2,86_Matmul_Divide_GELU.py,False,False,,,,1,0,,,,,run_20260317_132246,,/data/kernelbench-v3/references/86_Matmul_Divide_GELU.py
Claude Opus 4.6,B200,2,85_Conv2d_GroupNorm_Scale_MaxPool_Clamp.py,False,False,,,,1,0,,,,,run_20260317_132246,,/data/kernelbench-v3/references/85_Conv2d_GroupNorm_Scale_MaxPool_Clamp.py
Claude Opus 4.6,B200,2,82_Conv2d_Tanh_Scaling_BiasAdd_Max.py,False,False,,,,1,0,,,,,run_20260317_132246,,/data/kernelbench-v3/references/82_Conv2d_Tanh_Scaling_BiasAdd_Max.py
Claude Opus 4.6,B200,2,98_Matmul_AvgPool_GELU_Scale_Max.py,False,False,,,,1,0,,,,,run_20260317_132246,,/data/kernelbench-v3/references/98_Matmul_AvgPool_GELU_Scale_Max.py
Claude Opus 4.6,B200,2,99_Matmul_GELU_Softmax.py,False,False,,,,1,0,,,,,run_20260317_132246,,/data/kernelbench-v3/references/99_Matmul_GELU_Softmax.py
Claude Opus 4.6,B200,3,31_VisionAttention.py,False,False,,,,1,0,,,,,run_20260317_132246,,/data/kernelbench-v3/references/31_VisionAttention.py
Claude Opus 4.6,B200,3,43_MinGPTCausalAttention.py,False,False,,,,1,0,,,,,run_20260317_132246,,/data/kernelbench-v3/references/43_MinGPTCausalAttention.py
Claude Opus 4.6,B200,3,44_MiniGPTBlock.py,False,False,,,,1,0,,,,,run_20260317_132246,,/data/kernelbench-v3/references/44_MiniGPTBlock.py
Claude Opus 4.6,B200,4,2_DeepSeek_MoE.py,False,False,,,,1,0,,,,,run_20260317_132246,,/data/kernelbench-v3/references/2_DeepSeek_MoE.py
Claude Opus 4.6,B200,4,1_DeepSeek_MLA.py,False,False,,,,1,0,,,,,run_20260317_132246,,/data/kernelbench-v3/references/1_DeepSeek_MLA.py
Claude Opus 4.6,B200,4,3_GroupedQueryAttention.py,False,False,,,,3,0,,,,,run_20260317_132246,,/data/kernelbench-v3/references/3_GroupedQueryAttention.py
Claude Opus 4.6,B200,4,4_FP8_Matmul.py,False,False,,,,2,0,,,,,run_20260317_132246,,/data/kernelbench-v3/references/4_FP8_Matmul.py
Claude Opus 4.6,B200,4,6_INT4_Quantized_GEMM.py,False,False,,,,2,0,,,,,run_20260317_132246,,/data/kernelbench-v3/references/6_INT4_Quantized_GEMM.py
Claude Opus 4.6,B200,4,7_GatedDeltaNet.py,False,False,,,,1,0,,,,,run_20260317_132246,,/data/kernelbench-v3/references/7_GatedDeltaNet.py
Claude Opus 4.6,B200,4,5_MoE_GatedGEMM.py,False,False,,,,2,0,,,,,run_20260317_132246,,/data/kernelbench-v3/references/5_MoE_GatedGEMM.py
Claude Opus 4.6,B200,4,8_KimiDeltaAttention.py,False,False,,,,1,0,,,,,run_20260317_132246,,/data/kernelbench-v3/references/8_KimiDeltaAttention.py
Claude Opus 4.6,B200,4,9_FP4_BlockScaled_Matmul.py,False,False,,,,1,0,,,,,run_20260317_132246,,/data/kernelbench-v3/references/9_FP4_BlockScaled_Matmul.py
Claude Opus 4.6,B200,1,gemm_bias_relu.py,False,False,,,,1,0,,,,,run_20260317_132246,,/data/kernelbench-v3/references/gemm_bias_relu.py
Claude Opus 4.6,B200,1,gemm_bf16.py,False,False,,,,1,0,,,,,run_20260317_132246,,/data/kernelbench-v3/references/gemm_bf16.py
Claude Opus 4.6,B200,1,gemm_bias_gelu.py,False,False,,,,1,0,,,,,run_20260317_132246,,/data/kernelbench-v3/references/gemm_bias_gelu.py
Claude Opus 4.6,B200,1,gemm_bias_silu.py,False,False,,,,1,0,,,,,run_20260317_132246,,/data/kernelbench-v3/references/gemm_bias_silu.py
Claude Opus 4.6,B200,1,gemm_fp8.py,False,False,,,,1,0,,,,,run_20260317_132246,,/data/kernelbench-v3/references/gemm_fp8.py
Claude Opus 4.6,B200,1,gemm_fp4.py,False,False,,,,1,0,,,,,run_20260317_132246,,/data/kernelbench-v3/references/gemm_fp4.py
Claude Opus 4.6,B200,1,gemm_mixed_fp8_fp16.py,False,False,,,,1,0,,,,,run_20260317_132246,,/data/kernelbench-v3/references/gemm_mixed_fp8_fp16.py
Claude Opus 4.6,B200,1,gemv_bf16.py,False,False,,,,1,0,,,,,run_20260317_132246,,/data/kernelbench-v3/references/gemv_bf16.py
Claude Opus 4.6,B200,1,gemm_residual_add.py,False,False,,,,1,0,,,,,run_20260317_132246,,/data/kernelbench-v3/references/gemm_residual_add.py
Claude Opus 4.6,B200,1,gemv_fp4.py,False,False,,,,1,0,,,,,run_20260317_132246,,/data/kernelbench-v3/references/gemv_fp4.py
Claude Opus 4.6,B200,1,gemv_fp16.py,False,False,,,,1,0,,,,,run_20260317_132246,,/data/kernelbench-v3/references/gemv_fp16.py
Claude Opus 4.6,B200,1,gemv_fp8.py,False,False,,,,1,0,,,,,run_20260317_132246,,/data/kernelbench-v3/references/gemv_fp8.py
Claude Opus 4.6,B200,1,moe_grouped_gemm.py,False,False,,,,1,0,,,,,run_20260317_132246,,/data/kernelbench-v3/references/moe_grouped_gemm.py
Claude Opus 4.6,B200,1,persistent_gemm.py,False,False,,,,1,0,,,,,run_20260317_132246,,/data/kernelbench-v3/references/persistent_gemm.py
Claude Opus 4.6,B200,1,stream_k_gemm.py,False,False,,,,1,0,,,,,run_20260317_132246,,/data/kernelbench-v3/references/stream_k_gemm.py
Claude Opus 4.6,B200,1,warp_specialized_gemm.py,False,False,,,,1,0,,,,,run_20260317_132246,,/data/kernelbench-v3/references/warp_specialized_gemm.py
Claude Sonnet 4.6,B200,1,26_GELU_.py,True,True,0.5849526780687562,0.018783999606966972,0.0321119986474514,10,90738,0.356789,elementwise,pytorch_eager,fp32,run_20260317_134109,/data/kernelbench-v3/solutions/Claude Sonnet 4.6_B200_26_GELU_.py.txt,/data/kernelbench-v3/references/26_GELU_.py
Claude Sonnet 4.6,B200,1,2_Standard_matrix_multiplication_.py,False,False,,,,10,166203,0.562205,,,,run_20260317_134109,,/data/kernelbench-v3/references/2_Standard_matrix_multiplication_.py
Claude Sonnet 4.6,B200,1,1_Square_matrix_multiplication_.py,True,True,7.989019954921738,0.46566399931907654,0.05828800052404404,10,126409,0.464947,gemm,torch_compile,fp32,run_20260317_134109,/data/kernelbench-v3/solutions/Claude Sonnet 4.6_B200_1_Square_matrix_multiplication_.py.txt,/data/kernelbench-v3/references/1_Square_matrix_multiplication_.py
Claude Sonnet 4.6,B200,1,23_Softmax.py,True,True,1.0701613075092857,0.021232000552117825,0.019840000197291374,10,104900,0.459827,softmax,pytorch_eager,fp32,run_20260317_134109,/data/kernelbench-v3/solutions/Claude Sonnet 4.6_B200_23_Softmax.py.txt,/data/kernelbench-v3/references/23_Softmax.py
Claude Sonnet 4.6,B200,1,3_Batched_matrix_multiplication.py,True,True,0.7878604193778228,0.12460799887776375,0.1581599935889244,10,75128,0.264302,gemm,pytorch_eager,fp32,run_20260317_134109,/data/kernelbench-v3/solutions/Claude Sonnet 4.6_B200_3_Batched_matrix_multiplication.py.txt,/data/kernelbench-v3/references/3_Batched_matrix_multiplication.py
Claude Sonnet 4.6,B200,1,36_RMSNorm_.py,True,False,,,,10,84346,0.323737,,,fp32,run_20260317_134109,/data/kernelbench-v3/solutions/Claude Sonnet 4.6_B200_36_RMSNorm_.py.txt,/data/kernelbench-v3/references/36_RMSNorm_.py
Claude Sonnet 4.6,B200,1,40_LayerNorm.py,True,True,1.864976821277758,0.36022400856018066,0.19315200299024582,10,97470,0.41029,layernorm,torch_compile,fp32,run_20260317_134109,/data/kernelbench-v3/solutions/Claude Sonnet 4.6_B200_40_LayerNorm.py.txt,/data/kernelbench-v3/references/40_LayerNorm.py
Claude Sonnet 4.6,B200,1,42_Max_Pooling_2D.py,True,True,1.0577456552786184,0.3232640027999878,0.30561600625514984,10,107628,0.470434,reduction,pytorch_eager,fp32,run_20260317_134109,/data/kernelbench-v3/solutions/Claude Sonnet 4.6_B200_42_Max_Pooling_2D.py.txt,/data/kernelbench-v3/references/42_Max_Pooling_2D.py
Claude Sonnet 4.6,B200,1,47_Sum_reduction_over_a_dimension.py,True,True,0.40036452282007273,0.021088000386953354,0.0526720006018877,10,116391,0.490413,reduction,pytorch_eager,fp32,run_20260317_134109,/data/kernelbench-v3/solutions/Claude Sonnet 4.6_B200_47_Sum_reduction_over_a_dimension.py.txt,/data/kernelbench-v3/references/47_Sum_reduction_over_a_dimension.py
Claude Sonnet 4.6,B200,1,4_Matrix_vector_multiplication_.py,True,True,0.2025525476690029,0.05104000121355057,0.25198400020599365,10,91059,0.397805,gemm,pytorch_eager,fp32,run_20260317_134109,/data/kernelbench-v3/solutions/Claude Sonnet 4.6_B200_4_Matrix_vector_multiplication_.py.txt,/data/kernelbench-v3/references/4_Matrix_vector_multiplication_.py
Claude Sonnet 4.6,B200,1,63_conv_standard_2D__square_input__square_kernel.py,False,False,,,,10,125555,0.446651,,,,run_20260317_134109,,/data/kernelbench-v3/references/63_conv_standard_2D__square_input__square_kernel.py
Claude Sonnet 4.6,B200,1,8_Matmul_with_irregular_shapes_.py,True,False,,,,10,118174,0.429292,,,fp32,run_20260317_134109,/data/kernelbench-v3/solutions/Claude Sonnet 4.6_B200_8_Matmul_with_irregular_shapes_.py.txt,/data/kernelbench-v3/references/8_Matmul_with_irregular_shapes_.py
Claude Sonnet 4.6,B200,1,95_CrossEntropyLoss.py,True,False,,,,10,93785,0.383215,,,fp32,run_20260317_134109,/data/kernelbench-v3/solutions/Claude Sonnet 4.6_B200_95_CrossEntropyLoss.py.txt,/data/kernelbench-v3/references/95_CrossEntropyLoss.py
Claude Sonnet 4.6,B200,1,82_conv_depthwise_2D_square_input_square_kernel.py,True,True,1.2683040444669866,0.04379200004041195,0.03452799841761589,10,288809,1.087474,conv,pytorch_eager,fp32,run_20260317_134109,/data/kernelbench-v3/solutions/Claude Sonnet 4.6_B200_82_conv_depthwise_2D_square_input_square_kernel.py.txt,/data/kernelbench-v3/references/82_conv_depthwise_2D_square_input_square_kernel.py
Claude Sonnet 4.6,B200,2,37_Matmul_Swish_Sum_GroupNorm.py,False,False,,,,12,97629,0.322769,,,,run_20260317_134109,,/data/kernelbench-v3/references/37_Matmul_Swish_Sum_GroupNorm.py
Claude Sonnet 4.6,B200,1,9_Tall_skinny_matrix_multiplication_.py,False,False,,,,10,111868,0.500551,,,,run_20260317_134109,,/data/kernelbench-v3/references/9_Tall_skinny_matrix_multiplication_.py
Claude Sonnet 4.6,B200,2,17_Conv2d_InstanceNorm_Divide.py,False,False,,,,12,100908,0.42598,,,,run_20260317_134109,,/data/kernelbench-v3/references/17_Conv2d_InstanceNorm_Divide.py
Claude Sonnet 4.6,B200,2,40_Matmul_Scaling_ResidualAdd.py,False,False,,,,12,179339,0.643216,,,,run_20260317_134109,,/data/kernelbench-v3/references/40_Matmul_Scaling_ResidualAdd.py
Claude Sonnet 4.6,B200,2,52_Conv2d_Activation_BatchNorm.py,True,True,0.4022062886605291,0.2117599993944168,0.5264959931373596,12,107567,0.431397,fused,torch_compile,fp32,run_20260317_134109,/data/kernelbench-v3/solutions/Claude Sonnet 4.6_B200_52_Conv2d_Activation_BatchNorm.py.txt,/data/kernelbench-v3/references/52_Conv2d_Activation_BatchNorm.py
Claude Sonnet 4.6,B200,2,46_Conv2d_Subtract_Tanh_Subtract_AvgPool.py,True,True,1.0767898469957409,0.19900799542665482,0.18481600284576416,12,97434,0.371985,fused,torch_compile,fp32,run_20260317_134109,/data/kernelbench-v3/solutions/Claude Sonnet 4.6_B200_46_Conv2d_Subtract_Tanh_Subtract_AvgPool.py.txt,/data/kernelbench-v3/references/46_Conv2d_Subtract_Tanh_Subtract_AvgPool.py
Claude Sonnet 4.6,B200,2,59_Matmul_Swish_Scaling.py,False,False,,,,12,121207,0.392713,,,,run_20260317_134109,,/data/kernelbench-v3/references/59_Matmul_Swish_Scaling.py
Claude Sonnet 4.6,B200,2,55_Matmul_MaxPool_Sum_Scale.py,True,True,1.2183832559688599,0.20932799577713013,0.17180800437927246,12,111405,0.442207,fused,torch_compile,fp32,run_20260317_134109,/data/kernelbench-v3/solutions/Claude Sonnet 4.6_B200_55_Matmul_MaxPool_Sum_Scale.py.txt,/data/kernelbench-v3/references/55_Matmul_MaxPool_Sum_Scale.py
Claude Sonnet 4.6,B200,2,6_Conv3d_Softmax_MaxPool_MaxPool.py,True,True,0.7271045607367567,1.339408040046692,1.8421120047569275,12,122664,0.470482,fused,torch_compile,fp32,run_20260317_134109,/data/kernelbench-v3/solutions/Claude Sonnet 4.6_B200_6_Conv3d_Softmax_MaxPool_MaxPool.py.txt,/data/kernelbench-v3/references/6_Conv3d_Softmax_MaxPool_MaxPool.py
Claude Sonnet 4.6,B200,2,73_Conv2d_BatchNorm_Scaling.py,True,False,,,,12,113696,0.43938,,,fp32,run_20260317_134109,/data/kernelbench-v3/solutions/Claude Sonnet 4.6_B200_73_Conv2d_BatchNorm_Scaling.py.txt,/data/kernelbench-v3/references/73_Conv2d_BatchNorm_Scaling.py
Claude Sonnet 4.6,B200,2,86_Matmul_Divide_GELU.py,False,False,,,,12,76178,0.258922,,,,run_20260317_134109,,/data/kernelbench-v3/references/86_Matmul_Divide_GELU.py
Claude Sonnet 4.6,B200,2,66_Matmul_Dropout_Mean_Softmax.py,False,False,,,,12,142212,0.580858,,,,run_20260317_134109,,/data/kernelbench-v3/references/66_Matmul_Dropout_Mean_Softmax.py
Claude Sonnet 4.6,B200,2,82_Conv2d_Tanh_Scaling_BiasAdd_Max.py,True,True,1.0615343029060578,0.18907199800014496,0.1781120002269745,12,109016,0.432284,fused,torch_compile,fp32,run_20260317_134109,/data/kernelbench-v3/solutions/Claude Sonnet 4.6_B200_82_Conv2d_Tanh_Scaling_BiasAdd_Max.py.txt,/data/kernelbench-v3/references/82_Conv2d_Tanh_Scaling_BiasAdd_Max.py
Claude Sonnet 4.6,B200,2,99_Matmul_GELU_Softmax.py,False,False,,,,12,102778,0.339205,,,,run_20260317_134109,,/data/kernelbench-v3/references/99_Matmul_GELU_Softmax.py
Claude Sonnet 4.6,B200,2,98_Matmul_AvgPool_GELU_Scale_Max.py,True,True,1.2974839542127459,0.21040000021457672,0.1621600016951561,12,138269,0.497078,fused,torch_compile,fp32,run_20260317_134109,/data/kernelbench-v3/solutions/Claude Sonnet 4.6_B200_98_Matmul_AvgPool_GELU_Scale_Max.py.txt,/data/kernelbench-v3/references/98_Matmul_AvgPool_GELU_Scale_Max.py
Claude Sonnet 4.6,B200,2,85_Conv2d_GroupNorm_Scale_MaxPool_Clamp.py,False,False,,,,12,167553,0.696323,,,,run_20260317_134109,,/data/kernelbench-v3/references/85_Conv2d_GroupNorm_Scale_MaxPool_Clamp.py
Claude Sonnet 4.6,B200,3,31_VisionAttention.py,False,False,,,,15,170133,0.67076,,,,run_20260317_134109,,/data/kernelbench-v3/references/31_VisionAttention.py
Claude Sonnet 4.6,B200,3,43_MinGPTCausalAttention.py,False,False,,,,15,151754,0.566984,,,,run_20260317_134109,,/data/kernelbench-v3/references/43_MinGPTCausalAttention.py
Claude Sonnet 4.6,B200,3,44_MiniGPTBlock.py,False,False,,,,15,196227,0.71323,,,,run_20260317_134109,,/data/kernelbench-v3/references/44_MiniGPTBlock.py
Claude Sonnet 4.6,B200,4,2_DeepSeek_MoE.py,False,False,,,,7,0,,,,,run_20260317_134109,,/data/kernelbench-v3/references/2_DeepSeek_MoE.py
Claude Sonnet 4.6,B200,4,3_GroupedQueryAttention.py,False,False,,,,15,182895,0.637639,,,,run_20260317_134109,,/data/kernelbench-v3/references/3_GroupedQueryAttention.py
Claude Sonnet 4.6,B200,4,1_DeepSeek_MLA.py,False,False,,,,15,206079,0.714267,,,,run_20260317_134109,,/data/kernelbench-v3/references/1_DeepSeek_MLA.py
Claude Sonnet 4.6,B200,4,4_FP8_Matmul.py,False,False,,,,15,280677,0.884166,,,,run_20260317_134109,,/data/kernelbench-v3/references/4_FP8_Matmul.py
Claude Sonnet 4.6,B200,4,6_INT4_Quantized_GEMM.py,False,False,,,,15,278086,0.872597,,,,run_20260317_134109,,/data/kernelbench-v3/references/6_INT4_Quantized_GEMM.py
Claude Sonnet 4.6,B200,4,9_FP4_BlockScaled_Matmul.py,False,False,,,,15,347977,1.107527,,,,run_20260317_134109,,/data/kernelbench-v3/references/9_FP4_BlockScaled_Matmul.py
Claude Sonnet 4.6,B200,4,5_MoE_GatedGEMM.py,False,False,,,,15,244175,0.962431,,,,run_20260317_134109,,/data/kernelbench-v3/references/5_MoE_GatedGEMM.py
Claude Sonnet 4.6,B200,4,7_GatedDeltaNet.py,False,False,,,,15,179121,0.610696,,,,run_20260317_134109,,/data/kernelbench-v3/references/7_GatedDeltaNet.py
Claude Sonnet 4.6,B200,1,gemm_bias_relu.py,False,False,,,,10,94849,0.30868,,,,run_20260317_134109,,/data/kernelbench-v3/references/gemm_bias_relu.py
Claude Sonnet 4.6,B200,4,8_KimiDeltaAttention.py,False,False,,,,15,271144,0.921334,,,,run_20260317_134109,,/data/kernelbench-v3/references/8_KimiDeltaAttention.py
Claude Sonnet 4.6,B200,1,gemm_bias_silu.py,False,False,,,,10,105876,0.345592,,,,run_20260317_134109,,/data/kernelbench-v3/references/gemm_bias_silu.py
Claude Sonnet 4.6,B200,1,gemm_bias_gelu.py,False,False,,,,10,131986,0.455866,,,,run_20260317_134109,,/data/kernelbench-v3/references/gemm_bias_gelu.py
Claude Sonnet 4.6,B200,1,gemm_mixed_fp8_fp16.py,False,False,,,,10,111989,0.360415,,,,run_20260317_134109,,/data/kernelbench-v3/references/gemm_mixed_fp8_fp16.py
Claude Sonnet 4.6,B200,1,gemm_bf16.py,True,True,0.8509248831940952,0.03753599897027016,0.04411200061440468,10,128741,0.484666,gemm,pytorch_eager,bf16,run_20260317_134109,/data/kernelbench-v3/solutions/Claude Sonnet 4.6_B200_gemm_bf16.py.txt,/data/kernelbench-v3/references/gemm_bf16.py
Claude Sonnet 4.6,B200,1,gemm_fp8.py,False,False,,,,10,148692,0.509959,,,,run_20260317_134109,,/data/kernelbench-v3/references/gemm_fp8.py
Claude Sonnet 4.6,B200,1,gemm_fp4.py,False,False,,,,10,88204,0.360091,,,,run_20260317_134109,,/data/kernelbench-v3/references/gemm_fp4.py
Claude Sonnet 4.6,B200,1,gemv_bf16.py,False,False,,,,4,0,,,,,run_20260317_134109,,/data/kernelbench-v3/references/gemv_bf16.py
Claude Sonnet 4.6,B200,1,gemm_residual_add.py,True,False,,,,10,170710,0.578362,,,fp16,run_20260317_134109,/data/kernelbench-v3/solutions/Claude Sonnet 4.6_B200_gemm_residual_add.py.txt,/data/kernelbench-v3/references/gemm_residual_add.py
Claude Sonnet 4.6,B200,1,gemv_fp8.py,False,False,,,,10,70992,0.237007,,,,run_20260317_134109,,/data/kernelbench-v3/references/gemv_fp8.py
Claude Sonnet 4.6,B200,1,gemv_fp16.py,True,True,0.5580219569010539,0.04062400013208389,0.07280000299215317,10,82589,0.338038,gemv,pytorch_eager,fp16,run_20260317_134109,/data/kernelbench-v3/solutions/Claude Sonnet 4.6_B200_gemv_fp16.py.txt,/data/kernelbench-v3/references/gemv_fp16.py
Claude Sonnet 4.6,B200,1,moe_grouped_gemm.py,False,False,,,,10,89426,0.368844,,,,run_20260317_134109,,/data/kernelbench-v3/references/moe_grouped_gemm.py
Claude Sonnet 4.6,B200,1,persistent_gemm.py,False,False,,,,10,108446,0.403854,,,,run_20260317_134109,,/data/kernelbench-v3/references/persistent_gemm.py
Claude Sonnet 4.6,B200,1,gemv_fp4.py,True,True,2.2182076426860045,0.22494400292634964,0.10140800103545189,10,140465,0.593338,gemv,torch_compile,int8,run_20260317_134109,/data/kernelbench-v3/solutions/Claude Sonnet 4.6_B200_gemv_fp4.py.txt,/data/kernelbench-v3/references/gemv_fp4.py
Claude Sonnet 4.6,B200,1,stream_k_gemm.py,False,False,,,,10,219255,0.754442,,,,run_20260317_134109,,/data/kernelbench-v3/references/stream_k_gemm.py
Claude Sonnet 4.6,B200,1,warp_specialized_gemm.py,False,False,,,,10,204242,0.685418,,,,run_20260317_134109,,/data/kernelbench-v3/references/warp_specialized_gemm.py
Gemini 3.1 Pro Preview,B200,1,2_Standard_matrix_multiplication_.py,False,False,,,,10,66046,0.198942,,,,run_20260317_142816,,/data/kernelbench-v3/references/2_Standard_matrix_multiplication_.py
Gemini 3.1 Pro Preview,B200,1,23_Softmax.py,True,True,1.0652008751184012,0.02247999981045723,0.021104000508785248,10,63753,0.210706,softmax,pytorch_eager,fp32,run_20260317_142816,/data/kernelbench-v3/solutions/Gemini 3.1 Pro Preview_B200_23_Softmax.py.txt,/data/kernelbench-v3/references/23_Softmax.py
Gemini 3.1 Pro Preview,B200,1,1_Square_matrix_multiplication_.py,True,True,0.9001280749611981,0.3147999942302704,0.3497280031442642,10,99795,0.339979,gemm,pytorch_eager,fp32,run_20260317_142816,/data/kernelbench-v3/solutions/Gemini 3.1 Pro Preview_B200_1_Square_matrix_multiplication_.py.txt,/data/kernelbench-v3/references/1_Square_matrix_multiplication_.py
Gemini 3.1 Pro Preview,B200,1,3_Batched_matrix_multiplication.py,True,True,0.8311426942263899,0.11230399832129478,0.1351199969649315,10,62507,0.222594,gemm,pytorch_eager,fp32,run_20260317_142816,/data/kernelbench-v3/solutions/Gemini 3.1 Pro Preview_B200_3_Batched_matrix_multiplication.py.txt,/data/kernelbench-v3/references/3_Batched_matrix_multiplication.py
Gemini 3.1 Pro Preview,B200,1,36_RMSNorm_.py,True,True,2.3211871109430753,0.29659199714660645,0.12777599692344666,10,98374,0.334503,layernorm,torch_compile,fp32,run_20260317_142816,/data/kernelbench-v3/solutions/Gemini 3.1 Pro Preview_B200_36_RMSNorm_.py.txt,/data/kernelbench-v3/references/36_RMSNorm_.py
Gemini 3.1 Pro Preview,B200,1,40_LayerNorm.py,False,False,,,,10,58922,0.225724,,,,run_20260317_142816,,/data/kernelbench-v3/references/40_LayerNorm.py
Gemini 3.1 Pro Preview,B200,1,26_GELU_.py,True,True,0.9859044930342933,0.02014400064945221,0.020432000048458576,10,134045,0.506336,elementwise,pytorch_eager,fp32,run_20260317_142816,/data/kernelbench-v3/solutions/Gemini 3.1 Pro Preview_B200_26_GELU_.py.txt,/data/kernelbench-v3/references/26_GELU_.py
Gemini 3.1 Pro Preview,B200,1,4_Matrix_vector_multiplication_.py,False,False,,,,10,65546,0.230062,,,,run_20260317_142816,,/data/kernelbench-v3/references/4_Matrix_vector_multiplication_.py
Gemini 3.1 Pro Preview,B200,1,42_Max_Pooling_2D.py,False,False,,,,10,98212,0.324475,,,,run_20260317_142816,,/data/kernelbench-v3/references/42_Max_Pooling_2D.py
Gemini 3.1 Pro Preview,B200,1,47_Sum_reduction_over_a_dimension.py,False,False,,,,10,77455,0.284386,,,,run_20260317_142816,,/data/kernelbench-v3/references/47_Sum_reduction_over_a_dimension.py
Gemini 3.1 Pro Preview,B200,1,63_conv_standard_2D__square_input__square_kernel.py,False,False,,,,10,140453,0.429599,,,,run_20260317_142816,,/data/kernelbench-v3/references/63_conv_standard_2D__square_input__square_kernel.py
Gemini 3.1 Pro Preview,B200,1,8_Matmul_with_irregular_shapes_.py,True,True,0.6719069459785402,4.548207998275757,6.76910400390625,10,74432,0.239113,gemm,pytorch_eager,fp32,run_20260317_142816,/data/kernelbench-v3/solutions/Gemini 3.1 Pro Preview_B200_8_Matmul_with_irregular_shapes_.py.txt,/data/kernelbench-v3/references/8_Matmul_with_irregular_shapes_.py
Gemini 3.1 Pro Preview,B200,1,9_Tall_skinny_matrix_multiplication_.py,True,True,0.07030269531786688,0.35574400424957275,5.060175895690918,10,83115,0.305707,gemm,pytorch_eager,fp32,run_20260317_142816,/data/kernelbench-v3/solutions/Gemini 3.1 Pro Preview_B200_9_Tall_skinny_matrix_multiplication_.py.txt,/data/kernelbench-v3/references/9_Tall_skinny_matrix_multiplication_.py
Gemini 3.1 Pro Preview,B200,1,82_conv_depthwise_2D_square_input_square_kernel.py,True,True,1.0314581591627472,0.0445920005440712,0.04323200136423111,10,122432,0.457144,conv,pytorch_eager,fp32,run_20260317_142816,/data/kernelbench-v3/solutions/Gemini 3.1 Pro Preview_B200_82_conv_depthwise_2D_square_input_square_kernel.py.txt,/data/kernelbench-v3/references/82_conv_depthwise_2D_square_input_square_kernel.py
Gemini 3.1 Pro Preview,B200,1,95_CrossEntropyLoss.py,False,False,,,,10,124213,0.43473,,,,run_20260317_142816,,/data/kernelbench-v3/references/95_CrossEntropyLoss.py
Gemini 3.1 Pro Preview,B200,2,40_Matmul_Scaling_ResidualAdd.py,True,True,2.562042030538008,0.16782400012016296,0.06550399959087372,12,95431,0.317921,fused,torch_compile,fp32,run_20260317_142816,/data/kernelbench-v3/solutions/Gemini 3.1 Pro Preview_B200_40_Matmul_Scaling_ResidualAdd.py.txt,/data/kernelbench-v3/references/40_Matmul_Scaling_ResidualAdd.py
Gemini 3.1 Pro Preview,B200,2,17_Conv2d_InstanceNorm_Divide.py,False,False,,,,12,152979,0.531946,,,,run_20260317_142816,,/data/kernelbench-v3/references/17_Conv2d_InstanceNorm_Divide.py
Gemini 3.1 Pro Preview,B200,2,46_Conv2d_Subtract_Tanh_Subtract_AvgPool.py,False,False,,,,12,96005,0.371549,,,,run_20260317_142816,,/data/kernelbench-v3/references/46_Conv2d_Subtract_Tanh_Subtract_AvgPool.py
Gemini 3.1 Pro Preview,B200,2,37_Matmul_Swish_Sum_GroupNorm.py,False,False,,,,12,201933,0.6965,,,,run_20260317_142816,,/data/kernelbench-v3/references/37_Matmul_Swish_Sum_GroupNorm.py
Gemini 3.1 Pro Preview,B200,2,52_Conv2d_Activation_BatchNorm.py,False,False,,,,12,106221,0.469165,,,,run_20260317_142816,,/data/kernelbench-v3/references/52_Conv2d_Activation_BatchNorm.py
Gemini 3.1 Pro Preview,B200,2,59_Matmul_Swish_Scaling.py,False,False,,,,12,120532,0.414267,,,,run_20260317_142816,,/data/kernelbench-v3/references/59_Matmul_Swish_Scaling.py
Gemini 3.1 Pro Preview,B200,2,55_Matmul_MaxPool_Sum_Scale.py,False,False,,,,12,135679,0.504883,,,,run_20260317_142816,,/data/kernelbench-v3/references/55_Matmul_MaxPool_Sum_Scale.py
Gemini 3.1 Pro Preview,B200,2,73_Conv2d_BatchNorm_Scaling.py,False,False,,,,1,19021,0.116652,,,,run_20260317_142816,,/data/kernelbench-v3/references/73_Conv2d_BatchNorm_Scaling.py
Gemini 3.1 Pro Preview,B200,2,66_Matmul_Dropout_Mean_Softmax.py,True,True,1.846722099137529,0.1599999964237213,0.08663999661803246,12,115804,0.456991,fused,pytorch_eager,fp32,run_20260317_142816,/data/kernelbench-v3/solutions/Gemini 3.1 Pro Preview_B200_66_Matmul_Dropout_Mean_Softmax.py.txt,/data/kernelbench-v3/references/66_Matmul_Dropout_Mean_Softmax.py
Gemini 3.1 Pro Preview,B200,2,6_Conv3d_Softmax_MaxPool_MaxPool.py,False,False,,,,12,94463,0.440296,,,,run_20260317_142816,,/data/kernelbench-v3/references/6_Conv3d_Softmax_MaxPool_MaxPool.py
Gemini 3.1 Pro Preview,B200,2,85_Conv2d_GroupNorm_Scale_MaxPool_Clamp.py,False,False,,,,12,104690,0.360107,,,,run_20260317_142816,,/data/kernelbench-v3/references/85_Conv2d_GroupNorm_Scale_MaxPool_Clamp.py
Gemini 3.1 Pro Preview,B200,2,86_Matmul_Divide_GELU.py,True,True,2.199551606242335,0.20404800027608871,0.09276799857616425,12,130246,0.460765,fused,torch_compile,fp32,run_20260317_142816,/data/kernelbench-v3/solutions/Gemini 3.1 Pro Preview_B200_86_Matmul_Divide_GELU.py.txt,/data/kernelbench-v3/references/86_Matmul_Divide_GELU.py
Gemini 3.1 Pro Preview,B200,2,98_Matmul_AvgPool_GELU_Scale_Max.py,False,False,,,,12,129956,0.464114,,,,run_20260317_142816,,/data/kernelbench-v3/references/98_Matmul_AvgPool_GELU_Scale_Max.py
Gemini 3.1 Pro Preview,B200,2,99_Matmul_GELU_Softmax.py,True,True,1.5635926212813334,0.15598399937152863,0.09975999966263771,12,159512,0.503338,fused,pytorch_eager,fp32,run_20260317_142816,/data/kernelbench-v3/solutions/Gemini 3.1 Pro Preview_B200_99_Matmul_GELU_Softmax.py.txt,/data/kernelbench-v3/references/99_Matmul_GELU_Softmax.py
Gemini 3.1 Pro Preview,B200,3,31_VisionAttention.py,False,False,,,,15,143215,0.432721,,,fp32,run_20260317_142816,,/data/kernelbench-v3/references/31_VisionAttention.py
Gemini 3.1 Pro Preview,B200,2,82_Conv2d_Tanh_Scaling_BiasAdd_Max.py,False,False,,,,12,227606,0.806382,,,,run_20260317_142816,,/data/kernelbench-v3/references/82_Conv2d_Tanh_Scaling_BiasAdd_Max.py
Gemini 3.1 Pro Preview,B200,3,44_MiniGPTBlock.py,True,True,0.7682484659705067,18.790976524353027,24.45950412750244,15,124320,0.39107,model,torch_compile,fp32,run_20260317_142816,/data/kernelbench-v3/solutions/Gemini 3.1 Pro Preview_B200_44_MiniGPTBlock.py.txt,/data/kernelbench-v3/references/44_MiniGPTBlock.py
Gemini 3.1 Pro Preview,B200,3,43_MinGPTCausalAttention.py,False,False,,,,15,212934,0.686966,,,,run_20260317_142816,,/data/kernelbench-v3/references/43_MinGPTCausalAttention.py
Gemini 3.1 Pro Preview,B200,4,1_DeepSeek_MLA.py,True,False,,,,15,150532,0.428392,,,fp32,run_20260317_142816,/data/kernelbench-v3/solutions/Gemini 3.1 Pro Preview_B200_1_DeepSeek_MLA.py.txt,/data/kernelbench-v3/references/1_DeepSeek_MLA.py
Gemini 3.1 Pro Preview,B200,4,3_GroupedQueryAttention.py,True,False,,,,15,152239,0.488937,,,fp32,run_20260317_142816,/data/kernelbench-v3/solutions/Gemini 3.1 Pro Preview_B200_3_GroupedQueryAttention.py.txt,/data/kernelbench-v3/references/3_GroupedQueryAttention.py
Gemini 3.1 Pro Preview,B200,4,4_FP8_Matmul.py,True,True,1.390810586191511,0.773936003446579,0.5564639866352081,15,171899,0.470708,gemm,pytorch_eager,fp16,run_20260317_142816,/data/kernelbench-v3/solutions/Gemini 3.1 Pro Preview_B200_4_FP8_Matmul.py.txt,/data/kernelbench-v3/references/4_FP8_Matmul.py
Gemini 3.1 Pro Preview,B200,4,5_MoE_GatedGEMM.py,False,False,,,,15,197749,0.544757,,,,run_20260317_142816,,/data/kernelbench-v3/references/5_MoE_GatedGEMM.py
Gemini 3.1 Pro Preview,B200,4,2_DeepSeek_MoE.py,False,False,,,,15,187509,0.606015,,,,run_20260317_142816,,/data/kernelbench-v3/references/2_DeepSeek_MoE.py
Gemini 3.1 Pro Preview,B200,4,7_GatedDeltaNet.py,False,False,,,,15,192835,0.456108,,,,run_20260317_142816,,/data/kernelbench-v3/references/7_GatedDeltaNet.py
Gemini 3.1 Pro Preview,B200,4,9_FP4_BlockScaled_Matmul.py,False,False,,,,15,205550,0.508409,,,,run_20260317_142816,,/data/kernelbench-v3/references/9_FP4_BlockScaled_Matmul.py
Gemini 3.1 Pro Preview,B200,4,6_INT4_Quantized_GEMM.py,False,False,,,,15,146390,0.481886,,,,run_20260317_142816,,/data/kernelbench-v3/references/6_INT4_Quantized_GEMM.py
Gemini 3.1 Pro Preview,B200,1,gemm_bf16.py,True,True,0.529737541612241,0.03519999980926514,0.06644799932837486,10,103571,0.303914,gemm,pytorch_eager,bf16,run_20260317_142816,/data/kernelbench-v3/solutions/Gemini 3.1 Pro Preview_B200_gemm_bf16.py.txt,/data/kernelbench-v3/references/gemm_bf16.py
Gemini 3.1 Pro Preview,B200,4,8_KimiDeltaAttention.py,True,True,0.9998786966029507,9.89299201965332,9.894192218780518,15,143773,0.434646,attention,pytorch_eager,fp32,run_20260317_142816,/data/kernelbench-v3/solutions/Gemini 3.1 Pro Preview_B200_8_KimiDeltaAttention.py.txt,/data/kernelbench-v3/references/8_KimiDeltaAttention.py
Gemini 3.1 Pro Preview,B200,1,gemm_bias_relu.py,True,True,0.8732521900011352,0.07694399729371071,0.0881120003759861,10,78839,0.274815,gemm_epilogue,pytorch_eager,fp16,run_20260317_142816,/data/kernelbench-v3/solutions/Gemini 3.1 Pro Preview_B200_gemm_bias_relu.py.txt,/data/kernelbench-v3/references/gemm_bias_relu.py
Gemini 3.1 Pro Preview,B200,1,gemm_bias_gelu.py,False,False,,,,10,121438,0.40153,,,,run_20260317_142816,,/data/kernelbench-v3/references/gemm_bias_gelu.py
Gemini 3.1 Pro Preview,B200,1,gemm_bias_silu.py,True,True,0.9184680988135624,0.08633600175380707,0.09400000050663948,10,96888,0.336235,gemm_epilogue,pytorch_eager,fp16,run_20260317_142816,/data/kernelbench-v3/solutions/Gemini 3.1 Pro Preview_B200_gemm_bias_silu.py.txt,/data/kernelbench-v3/references/gemm_bias_silu.py
Gemini 3.1 Pro Preview,B200,1,gemm_mixed_fp8_fp16.py,False,False,,,,10,89685,0.298581,,,,run_20260317_142816,,/data/kernelbench-v3/references/gemm_mixed_fp8_fp16.py
Gemini 3.1 Pro Preview,B200,1,gemm_fp4.py,False,False,,,,10,111004,0.370664,,,,run_20260317_142816,,/data/kernelbench-v3/references/gemm_fp4.py
Gemini 3.1 Pro Preview,B200,1,gemv_fp16.py,False,False,,,,10,76452,0.249075,,,,run_20260317_142816,,/data/kernelbench-v3/references/gemv_fp16.py
Gemini 3.1 Pro Preview,B200,1,gemm_residual_add.py,True,True,0.6530011494471254,0.05326399952173233,0.08156800270080566,9,87796,0.320836,gemm_epilogue,pytorch_eager,fp16,run_20260317_142816,/data/kernelbench-v3/solutions/Gemini 3.1 Pro Preview_B200_gemm_residual_add.py.txt,/data/kernelbench-v3/references/gemm_residual_add.py
Gemini 3.1 Pro Preview,B200,1,gemv_fp8.py,True,True,2.9029689015653526,0.2800319939851761,0.09646400064229965,10,80786,0.226719,gemv,torch_compile,int8,run_20260317_142816,/data/kernelbench-v3/solutions/Gemini 3.1 Pro Preview_B200_gemv_fp8.py.txt,/data/kernelbench-v3/references/gemv_fp8.py
Gemini 3.1 Pro Preview,B200,1,gemv_bf16.py,True,False,,,,10,105673,0.373234,,,bf16,run_20260317_142816,/data/kernelbench-v3/solutions/Gemini 3.1 Pro Preview_B200_gemv_bf16.py.txt,/data/kernelbench-v3/references/gemv_bf16.py
Gemini 3.1 Pro Preview,B200,1,gemm_fp8.py,True,True,4.634683756579286,0.41734400391578674,0.09004800021648407,10,942089,2.123068,gemm,torch_compile,int8,run_20260317_142816,/data/kernelbench-v3/solutions/Gemini 3.1 Pro Preview_B200_gemm_fp8.py.txt,/data/kernelbench-v3/references/gemm_fp8.py
Gemini 3.1 Pro Preview,B200,1,gemv_fp4.py,False,False,,,,10,213312,0.562934,,,,run_20260317_142816,,/data/kernelbench-v3/references/gemv_fp4.py
Gemini 3.1 Pro Preview,B200,1,persistent_gemm.py,False,False,,,,10,105259,0.327581,,,,run_20260317_142816,,/data/kernelbench-v3/references/persistent_gemm.py
Gemini 3.1 Pro Preview,B200,1,stream_k_gemm.py,False,False,,,,10,89619,0.266038,,,,run_20260317_142816,,/data/kernelbench-v3/references/stream_k_gemm.py
Gemini 3.1 Pro Preview,B200,1,warp_specialized_gemm.py,True,True,0.5538343296821756,0.06921599805355072,0.12497599795460701,10,282858,0.672281,gemm,pytorch_eager,fp16,run_20260317_142816,/data/kernelbench-v3/solutions/Gemini 3.1 Pro Preview_B200_warp_specialized_gemm.py.txt,/data/kernelbench-v3/references/warp_specialized_gemm.py
Gemini 3.1 Pro Preview,B200,1,moe_grouped_gemm.py,False,False,,,,10,125734,0.548952,,,,run_20260317_142816,,/data/kernelbench-v3/references/moe_grouped_gemm.py
MiniMax M2.7,RTX3090,1,26_GELU_.py,False,False,,,,10,103463,0.04006,,,,run_20260318_095508,,/data/kernelbench-v3/references/26_GELU_.py
MiniMax M2.7,RTX3090,1,2_Standard_matrix_multiplication_.py,False,False,,,,10,134373,0.053783,,,,run_20260318_095508,,/data/kernelbench-v3/references/2_Standard_matrix_multiplication_.py
MiniMax M2.7,RTX3090,1,23_Softmax.py,True,True,1.1704986681065226,0.06272000074386597,0.05358400009572506,10,204816,0.077721,softmax,pytorch_eager,fp32,run_20260318_095508,/data/kernelbench-v3/solutions/MiniMax M2.7_RTX3090_23_Softmax.py.txt,/data/kernelbench-v3/references/23_Softmax.py
MiniMax M2.7,RTX3090,1,1_Square_matrix_multiplication_.py,False,False,,,,10,153143,0.063647,,,,run_20260318_095508,,/data/kernelbench-v3/references/1_Square_matrix_multiplication_.py
MiniMax M2.7,RTX3090,1,36_RMSNorm_.py,True,False,,,,10,84899,0.034069,,,fp32,run_20260318_095508,/data/kernelbench-v3/solutions/MiniMax M2.7_RTX3090_36_RMSNorm_.py.txt,/data/kernelbench-v3/references/36_RMSNorm_.py
MiniMax M2.7,RTX3090,1,40_LayerNorm.py,False,False,,,,10,85881,0.036099,,,,run_20260318_095508,,/data/kernelbench-v3/references/40_LayerNorm.py
MiniMax M2.7,RTX3090,1,47_Sum_reduction_over_a_dimension.py,False,False,,,,10,76283,0.030997,,,,run_20260318_095508,,/data/kernelbench-v3/references/47_Sum_reduction_over_a_dimension.py
MiniMax M2.7,RTX3090,1,42_Max_Pooling_2D.py,True,True,1.4681317851120212,1.1351360082626343,0.7731840014457703,10,94692,0.040706,reduction,pytorch_eager,fp32,run_20260318_095508,/data/kernelbench-v3/solutions/MiniMax M2.7_RTX3090_42_Max_Pooling_2D.py.txt,/data/kernelbench-v3/references/42_Max_Pooling_2D.py
MiniMax M2.7,RTX3090,1,3_Batched_matrix_multiplication.py,True,False,,,,10,131157,0.057699,,,fp32,run_20260318_095508,/data/kernelbench-v3/solutions/MiniMax M2.7_RTX3090_3_Batched_matrix_multiplication.py.txt,/data/kernelbench-v3/references/3_Batched_matrix_multiplication.py
MiniMax M2.7,RTX3090,1,63_conv_standard_2D__square_input__square_kernel.py,True,False,,,,10,101059,0.040407,,,fp32,run_20260318_095508,/data/kernelbench-v3/solutions/MiniMax M2.7_RTX3090_63_conv_standard_2D__square_input__square_kernel.py.txt,/data/kernelbench-v3/references/63_conv_standard_2D__square_input__square_kernel.py
MiniMax M2.7,RTX3090,1,82_conv_depthwise_2D_square_input_square_kernel.py,True,True,1.2240064614622195,0.07195199653506279,0.05878400057554245,10,123141,0.049512,conv,pytorch_eager,fp32,run_20260318_095508,/data/kernelbench-v3/solutions/MiniMax M2.7_RTX3090_82_conv_depthwise_2D_square_input_square_kernel.py.txt,/data/kernelbench-v3/references/82_conv_depthwise_2D_square_input_square_kernel.py
MiniMax M2.7,RTX3090,1,4_Matrix_vector_multiplication_.py,False,False,,,,10,121925,0.051098,,,,run_20260318_095508,,/data/kernelbench-v3/references/4_Matrix_vector_multiplication_.py
MiniMax M2.7,RTX3090,1,95_CrossEntropyLoss.py,False,False,,,,10,85890,0.035431,,,,run_20260318_095508,,/data/kernelbench-v3/references/95_CrossEntropyLoss.py
MiniMax M2.7,RTX3090,1,8_Matmul_with_irregular_shapes_.py,True,False,,,,10,114083,0.048443,,,fp32,run_20260318_095508,/data/kernelbench-v3/solutions/MiniMax M2.7_RTX3090_8_Matmul_with_irregular_shapes_.py.txt,/data/kernelbench-v3/references/8_Matmul_with_irregular_shapes_.py
MiniMax M2.7,RTX3090,2,17_Conv2d_InstanceNorm_Divide.py,True,True,0.5964117258348177,0.5052800178527832,0.8472000062465668,12,109393,0.044989,fused,torch_compile,fp32,run_20260318_095508,/data/kernelbench-v3/solutions/MiniMax M2.7_RTX3090_17_Conv2d_InstanceNorm_Divide.py.txt,/data/kernelbench-v3/references/17_Conv2d_InstanceNorm_Divide.py
MiniMax M2.7,RTX3090,1,9_Tall_skinny_matrix_multiplication_.py,True,True,0.388264617652897,1.5009440183639526,3.865775942802429,10,136405,0.058089,gemm,pytorch_eager,fp32,run_20260318_095508,/data/kernelbench-v3/solutions/MiniMax M2.7_RTX3090_9_Tall_skinny_matrix_multiplication_.py.txt,/data/kernelbench-v3/references/9_Tall_skinny_matrix_multiplication_.py
MiniMax M2.7,RTX3090,2,37_Matmul_Swish_Sum_GroupNorm.py,False,False,,,,12,176694,0.069789,,,,run_20260318_095508,,/data/kernelbench-v3/references/37_Matmul_Swish_Sum_GroupNorm.py
MiniMax M2.7,RTX3090,2,46_Conv2d_Subtract_Tanh_Subtract_AvgPool.py,True,False,,,,12,116992,0.049146,,,fp32,run_20260318_095508,/data/kernelbench-v3/solutions/MiniMax M2.7_RTX3090_46_Conv2d_Subtract_Tanh_Subtract_AvgPool.py.txt,/data/kernelbench-v3/references/46_Conv2d_Subtract_Tanh_Subtract_AvgPool.py
MiniMax M2.7,RTX3090,2,40_Matmul_Scaling_ResidualAdd.py,False,False,,,,12,176935,0.072371,,,,run_20260318_095508,,/data/kernelbench-v3/references/40_Matmul_Scaling_ResidualAdd.py
MiniMax M2.7,RTX3090,2,52_Conv2d_Activation_BatchNorm.py,True,True,0.7677108301068679,0.38232000172138214,0.49800001084804535,12,155936,0.063715,fused,torch_compile,fp32,run_20260318_095508,/data/kernelbench-v3/solutions/MiniMax M2.7_RTX3090_52_Conv2d_Activation_BatchNorm.py.txt,/data/kernelbench-v3/references/52_Conv2d_Activation_BatchNorm.py
MiniMax M2.7,RTX3090,2,55_Matmul_MaxPool_Sum_Scale.py,True,False,,,,12,109472,0.044102,,,fp32,run_20260318_095508,/data/kernelbench-v3/solutions/MiniMax M2.7_RTX3090_55_Matmul_MaxPool_Sum_Scale.py.txt,/data/kernelbench-v3/references/55_Matmul_MaxPool_Sum_Scale.py
MiniMax M2.7,RTX3090,2,6_Conv3d_Softmax_MaxPool_MaxPool.py,True,False,,,,12,70824,0.02887,,,fp32,run_20260318_095508,/data/kernelbench-v3/solutions/MiniMax M2.7_RTX3090_6_Conv3d_Softmax_MaxPool_MaxPool.py.txt,/data/kernelbench-v3/references/6_Conv3d_Softmax_MaxPool_MaxPool.py
MiniMax M2.7,RTX3090,2,66_Matmul_Dropout_Mean_Softmax.py,False,False,,,,12,131174,0.052318,,,,run_20260318_095508,,/data/kernelbench-v3/references/66_Matmul_Dropout_Mean_Softmax.py
MiniMax M2.7,RTX3090,2,59_Matmul_Swish_Scaling.py,True,False,,,,12,208096,0.081929,,,fp32,run_20260318_095508,/data/kernelbench-v3/solutions/MiniMax M2.7_RTX3090_59_Matmul_Swish_Scaling.py.txt,/data/kernelbench-v3/references/59_Matmul_Swish_Scaling.py
MiniMax M2.7,RTX3090,2,73_Conv2d_BatchNorm_Scaling.py,False,False,,,,12,153717,0.0612,,,,run_20260318_095508,,/data/kernelbench-v3/references/73_Conv2d_BatchNorm_Scaling.py
MiniMax M2.7,RTX3090,2,82_Conv2d_Tanh_Scaling_BiasAdd_Max.py,False,False,,,,12,135482,0.053084,,,,run_20260318_095508,,/data/kernelbench-v3/references/82_Conv2d_Tanh_Scaling_BiasAdd_Max.py
MiniMax M2.7,RTX3090,2,99_Matmul_GELU_Softmax.py,True,False,,,,12,106719,0.042752,,,fp32,run_20260318_095508,/data/kernelbench-v3/solutions/MiniMax M2.7_RTX3090_99_Matmul_GELU_Softmax.py.txt,/data/kernelbench-v3/references/99_Matmul_GELU_Softmax.py
MiniMax M2.7,RTX3090,2,85_Conv2d_GroupNorm_Scale_MaxPool_Clamp.py,True,True,0.2175655937683659,0.6738719940185547,3.097327947616577,12,130347,0.05653,fused,torch_compile,fp32,run_20260318_095508,/data/kernelbench-v3/solutions/MiniMax M2.7_RTX3090_85_Conv2d_GroupNorm_Scale_MaxPool_Clamp.py.txt,/data/kernelbench-v3/references/85_Conv2d_GroupNorm_Scale_MaxPool_Clamp.py
MiniMax M2.7,RTX3090,2,86_Matmul_Divide_GELU.py,True,False,,,,12,257374,0.112795,,,fp32,run_20260318_095508,/data/kernelbench-v3/solutions/MiniMax M2.7_RTX3090_86_Matmul_Divide_GELU.py.txt,/data/kernelbench-v3/references/86_Matmul_Divide_GELU.py
MiniMax M2.7,RTX3090,2,98_Matmul_AvgPool_GELU_Scale_Max.py,True,False,,,,12,254905,0.108461,,,fp32,run_20260318_095508,/data/kernelbench-v3/solutions/MiniMax M2.7_RTX3090_98_Matmul_AvgPool_GELU_Scale_Max.py.txt,/data/kernelbench-v3/references/98_Matmul_AvgPool_GELU_Scale_Max.py
MiniMax M2.7,RTX3090,3,44_MiniGPTBlock.py,True,True,0.857523749626885,59.00361633300781,68.80697631835938,15,117894,0.045479,model,torch_compile,fp32,run_20260318_095508,/data/kernelbench-v3/solutions/MiniMax M2.7_RTX3090_44_MiniGPTBlock.py.txt,/data/kernelbench-v3/references/44_MiniGPTBlock.py
MiniMax M2.7,RTX3090,3,31_VisionAttention.py,False,False,,,,15,306716,0.121409,,,,run_20260318_095508,,/data/kernelbench-v3/references/31_VisionAttention.py
MiniMax M2.7,RTX3090,3,43_MinGPTCausalAttention.py,True,False,,,,15,294280,0.115914,,,fp32,run_20260318_095508,/data/kernelbench-v3/solutions/MiniMax M2.7_RTX3090_43_MinGPTCausalAttention.py.txt,/data/kernelbench-v3/references/43_MinGPTCausalAttention.py
MiniMax M2.7,RTX3090,4,4_FP8_Matmul.py,False,False,,,,6,0,,,,,run_20260318_095508,,/data/kernelbench-v3/references/4_FP8_Matmul.py
MiniMax M2.7,RTX3090,4,1_DeepSeek_MLA.py,False,False,,,,15,278267,0.1089,,,,run_20260318_095508,,/data/kernelbench-v3/references/1_DeepSeek_MLA.py
MiniMax M2.7,RTX3090,4,2_DeepSeek_MoE.py,False,False,,,,15,253322,0.093946,,,,run_20260318_095508,,/data/kernelbench-v3/references/2_DeepSeek_MoE.py
MiniMax M2.7,RTX3090,4,5_MoE_GatedGEMM.py,False,False,,,,2,0,,,,,run_20260318_095508,,/data/kernelbench-v3/references/5_MoE_GatedGEMM.py
MiniMax M2.7,RTX3090,4,3_GroupedQueryAttention.py,True,True,2.064966826143474,70.13641738891602,33.96491241455078,15,219584,0.086953,attention,torch_compile,fp32,run_20260318_095508,/data/kernelbench-v3/solutions/MiniMax M2.7_RTX3090_3_GroupedQueryAttention.py.txt,/data/kernelbench-v3/references/3_GroupedQueryAttention.py
MiniMax M2.7,RTX3090,1,bloom.py,True,False,,,,10,126692,0.05166,,,fp32,run_20260318_095508,/data/kernelbench-v3/solutions/MiniMax M2.7_RTX3090_bloom.py.txt,/data/kernelbench-v3/references/bloom.py
MiniMax M2.7,RTX3090,4,8_KimiDeltaAttention.py,True,False,,,,15,173249,0.066272,,,fp32,run_20260318_095508,/data/kernelbench-v3/solutions/MiniMax M2.7_RTX3090_8_KimiDeltaAttention.py.txt,/data/kernelbench-v3/references/8_KimiDeltaAttention.py
MiniMax M2.7,RTX3090,4,6_INT4_Quantized_GEMM.py,True,False,,,,15,340636,0.133904,,,fp16,run_20260318_095508,/data/kernelbench-v3/solutions/MiniMax M2.7_RTX3090_6_INT4_Quantized_GEMM.py.txt,/data/kernelbench-v3/references/6_INT4_Quantized_GEMM.py
MiniMax M2.7,RTX3090,4,7_GatedDeltaNet.py,True,False,,,,15,278832,0.108638,,,fp32,run_20260318_095508,/data/kernelbench-v3/solutions/MiniMax M2.7_RTX3090_7_GatedDeltaNet.py.txt,/data/kernelbench-v3/references/7_GatedDeltaNet.py
MiniMax M2.7,RTX3090,1,particles.py,False,False,,,,10,177264,0.065929,,,,run_20260318_095508,,/data/kernelbench-v3/references/particles.py
MiniMax M2.7,H100,1,1_Square_matrix_multiplication_.py,False,False,,,,10,60421,0.020645,,,,run_20260318_095510,,/data/kernelbench-v3/references/1_Square_matrix_multiplication_.py
MiniMax M2.7,H100,1,26_GELU_.py,False,False,,,,10,57349,0.021544,,,,run_20260318_095510,,/data/kernelbench-v3/references/26_GELU_.py
MiniMax M2.7,H100,1,23_Softmax.py,True,True,0.14190913717844997,0.026688000187277794,0.18806400150060654,10,124399,0.052663,softmax,pytorch_eager,fp32,run_20260318_095510,/data/kernelbench-v3/solutions/MiniMax M2.7_H100_23_Softmax.py.txt,/data/kernelbench-v3/references/23_Softmax.py
MiniMax M2.7,H100,1,2_Standard_matrix_multiplication_.py,False,False,,,,10,151579,0.064604,,,,run_20260318_095510,,/data/kernelbench-v3/references/2_Standard_matrix_multiplication_.py
MiniMax M2.7,H100,1,36_RMSNorm_.py,False,False,,,,10,115541,0.050071,,,,run_20260318_095510,,/data/kernelbench-v3/references/36_RMSNorm_.py
MiniMax M2.7,H100,1,3_Batched_matrix_multiplication.py,True,True,1.5576577320175815,0.1106560006737709,0.07103999704122543,10,71290,0.029304,gemm,pytorch_eager,fp32,run_20260318_095510,/data/kernelbench-v3/solutions/MiniMax M2.7_H100_3_Batched_matrix_multiplication.py.txt,/data/kernelbench-v3/references/3_Batched_matrix_multiplication.py
MiniMax M2.7,H100,1,40_LayerNorm.py,True,True,0.109592197691631,0.7215199768543243,6.583680152893066,10,102165,0.042752,layernorm,torch_compile,fp32,run_20260318_095510,/data/kernelbench-v3/solutions/MiniMax M2.7_H100_40_LayerNorm.py.txt,/data/kernelbench-v3/references/40_LayerNorm.py
MiniMax M2.7,H100,1,4_Matrix_vector_multiplication_.py,False,False,,,,10,66246,0.026045,,,,run_20260318_095510,,/data/kernelbench-v3/references/4_Matrix_vector_multiplication_.py
MiniMax M2.7,H100,1,42_Max_Pooling_2D.py,True,True,2.823574244284387,0.7098239958286285,0.2513920068740845,10,121966,0.050295,reduction,torch_compile,fp32,run_20260318_095510,/data/kernelbench-v3/solutions/MiniMax M2.7_H100_42_Max_Pooling_2D.py.txt,/data/kernelbench-v3/references/42_Max_Pooling_2D.py
MiniMax M2.7,H100,1,63_conv_standard_2D__square_input__square_kernel.py,False,False,,,,10,69684,0.024463,,,,run_20260318_095510,,/data/kernelbench-v3/references/63_conv_standard_2D__square_input__square_kernel.py
MiniMax M2.7,H100,1,8_Matmul_with_irregular_shapes_.py,True,True,1.220383002562514,6.375808000564575,5.224431991577148,10,64960,0.026584,gemm,pytorch_eager,fp32,run_20260318_095510,/data/kernelbench-v3/solutions/MiniMax M2.7_H100_8_Matmul_with_irregular_shapes_.py.txt,/data/kernelbench-v3/references/8_Matmul_with_irregular_shapes_.py
MiniMax M2.7,H100,1,95_CrossEntropyLoss.py,False,False,,,,10,69420,0.026977,,,,run_20260318_095510,,/data/kernelbench-v3/references/95_CrossEntropyLoss.py
MiniMax M2.7,H100,1,47_Sum_reduction_over_a_dimension.py,True,True,0.6110256354000486,0.038127999752759933,0.06240000016987324,10,122304,0.053464,reduction,pytorch_eager,fp32,run_20260318_095510,/data/kernelbench-v3/solutions/MiniMax M2.7_H100_47_Sum_reduction_over_a_dimension.py.txt,/data/kernelbench-v3/references/47_Sum_reduction_over_a_dimension.py
MiniMax M2.7,H100,1,82_conv_depthwise_2D_square_input_square_kernel.py,True,True,1.2535091965629404,0.04715200141072273,0.037615999579429626,10,92092,0.037314,conv,pytorch_eager,fp32,run_20260318_095510,/data/kernelbench-v3/solutions/MiniMax M2.7_H100_82_conv_depthwise_2D_square_input_square_kernel.py.txt,/data/kernelbench-v3/references/82_conv_depthwise_2D_square_input_square_kernel.py
MiniMax M2.7,H100,2,37_Matmul_Swish_Sum_GroupNorm.py,False,False,,,,12,86897,0.03601,,,,run_20260318_095510,,/data/kernelbench-v3/references/37_Matmul_Swish_Sum_GroupNorm.py
MiniMax M2.7,H100,2,17_Conv2d_InstanceNorm_Divide.py,True,True,0.41327461633747703,0.2792479991912842,0.6756959855556488,12,157376,0.061099,fused,torch_compile,fp32,run_20260318_095510,/data/kernelbench-v3/solutions/MiniMax M2.7_H100_17_Conv2d_InstanceNorm_Divide.py.txt,/data/kernelbench-v3/references/17_Conv2d_InstanceNorm_Divide.py
MiniMax M2.7,H100,1,9_Tall_skinny_matrix_multiplication_.py,True,True,0.30869254678962926,0.5534240007400513,1.7928000092506409,10,99746,0.042855,gemm,torch_compile,fp32,run_20260318_095510,/data/kernelbench-v3/solutions/MiniMax M2.7_H100_9_Tall_skinny_matrix_multiplication_.py.txt,/data/kernelbench-v3/references/9_Tall_skinny_matrix_multiplication_.py
MiniMax M2.7,H100,2,40_Matmul_Scaling_ResidualAdd.py,True,False,,,,12,179699,0.075069,,,fp32,run_20260318_095510,/data/kernelbench-v3/solutions/MiniMax M2.7_H100_40_Matmul_Scaling_ResidualAdd.py.txt,/data/kernelbench-v3/references/40_Matmul_Scaling_ResidualAdd.py
MiniMax M2.7,H100,2,46_Conv2d_Subtract_Tanh_Subtract_AvgPool.py,True,True,0.8328807303408061,0.2699199914932251,0.3240800052881241,12,72089,0.02975,fused,torch_compile,fp32,run_20260318_095510,/data/kernelbench-v3/solutions/MiniMax M2.7_H100_46_Conv2d_Subtract_Tanh_Subtract_AvgPool.py.txt,/data/kernelbench-v3/references/46_Conv2d_Subtract_Tanh_Subtract_AvgPool.py
MiniMax M2.7,H100,2,55_Matmul_MaxPool_Sum_Scale.py,False,False,,,,12,111444,0.044883,,,,run_20260318_095510,,/data/kernelbench-v3/references/55_Matmul_MaxPool_Sum_Scale.py
MiniMax M2.7,H100,2,59_Matmul_Swish_Scaling.py,True,False,,,,12,141929,0.058573,,,fp32,run_20260318_095510,/data/kernelbench-v3/solutions/MiniMax M2.7_H100_59_Matmul_Swish_Scaling.py.txt,/data/kernelbench-v3/references/59_Matmul_Swish_Scaling.py
MiniMax M2.7,H100,2,52_Conv2d_Activation_BatchNorm.py,False,False,,,,12,122931,0.051736,,,,run_20260318_095510,,/data/kernelbench-v3/references/52_Conv2d_Activation_BatchNorm.py
MiniMax M2.7,H100,2,6_Conv3d_Softmax_MaxPool_MaxPool.py,False,False,,,,12,115142,0.047985,,,,run_20260318_095510,,/data/kernelbench-v3/references/6_Conv3d_Softmax_MaxPool_MaxPool.py
MiniMax M2.7,H100,2,66_Matmul_Dropout_Mean_Softmax.py,True,False,,,,12,216428,0.089314,,,fp32,run_20260318_095510,/data/kernelbench-v3/solutions/MiniMax M2.7_H100_66_Matmul_Dropout_Mean_Softmax.py.txt,/data/kernelbench-v3/references/66_Matmul_Dropout_Mean_Softmax.py
MiniMax M2.7,H100,2,73_Conv2d_BatchNorm_Scaling.py,True,True,0.44080975262922234,0.2449280023574829,0.5556319952011108,12,101814,0.041423,fused,torch_compile,fp32,run_20260318_095510,/data/kernelbench-v3/solutions/MiniMax M2.7_H100_73_Conv2d_BatchNorm_Scaling.py.txt,/data/kernelbench-v3/references/73_Conv2d_BatchNorm_Scaling.py
MiniMax M2.7,H100,2,85_Conv2d_GroupNorm_Scale_MaxPool_Clamp.py,False,False,,,,12,92809,0.038587,,,,run_20260318_095510,,/data/kernelbench-v3/references/85_Conv2d_GroupNorm_Scale_MaxPool_Clamp.py
MiniMax M2.7,H100,2,86_Matmul_Divide_GELU.py,True,False,,,,12,94496,0.036943,,,fp32,run_20260318_095510,/data/kernelbench-v3/solutions/MiniMax M2.7_H100_86_Matmul_Divide_GELU.py.txt,/data/kernelbench-v3/references/86_Matmul_Divide_GELU.py
MiniMax M2.7,H100,2,82_Conv2d_Tanh_Scaling_BiasAdd_Max.py,True,False,,,,12,143415,0.059088,,,fp32,run_20260318_095510,/data/kernelbench-v3/solutions/MiniMax M2.7_H100_82_Conv2d_Tanh_Scaling_BiasAdd_Max.py.txt,/data/kernelbench-v3/references/82_Conv2d_Tanh_Scaling_BiasAdd_Max.py
MiniMax M2.7,H100,2,98_Matmul_AvgPool_GELU_Scale_Max.py,True,False,,,,12,105418,0.043289,,,fp32,run_20260318_095510,/data/kernelbench-v3/solutions/MiniMax M2.7_H100_98_Matmul_AvgPool_GELU_Scale_Max.py.txt,/data/kernelbench-v3/references/98_Matmul_AvgPool_GELU_Scale_Max.py
MiniMax M2.7,H100,3,31_VisionAttention.py,True,False,,,,15,110660,0.04234,,,fp32,run_20260318_095510,/data/kernelbench-v3/solutions/MiniMax M2.7_H100_31_VisionAttention.py.txt,/data/kernelbench-v3/references/31_VisionAttention.py
MiniMax M2.7,H100,3,44_MiniGPTBlock.py,False,False,,,,15,135435,0.051742,,,,run_20260318_095510,,/data/kernelbench-v3/references/44_MiniGPTBlock.py
MiniMax M2.7,H100,3,43_MinGPTCausalAttention.py,False,False,,,,15,210066,0.080594,,,,run_20260318_095510,,/data/kernelbench-v3/references/43_MinGPTCausalAttention.py
MiniMax M2.7,H100,2,99_Matmul_GELU_Softmax.py,False,False,,,,12,174696,0.072125,,,,run_20260318_095510,,/data/kernelbench-v3/references/99_Matmul_GELU_Softmax.py
MiniMax M2.7,H100,4,1_DeepSeek_MLA.py,False,False,,,,8,0,,,,,run_20260318_095510,,/data/kernelbench-v3/references/1_DeepSeek_MLA.py
MiniMax M2.7,H100,4,4_FP8_Matmul.py,False,False,,,,15,240642,0.087398,,,,run_20260318_095510,,/data/kernelbench-v3/references/4_FP8_Matmul.py
MiniMax M2.7,H100,4,2_DeepSeek_MoE.py,False,False,,,,15,243636,0.097167,,,,run_20260318_095510,,/data/kernelbench-v3/references/2_DeepSeek_MoE.py
MiniMax M2.7,H100,4,3_GroupedQueryAttention.py,False,False,,,,15,208016,0.083844,,,,run_20260318_095510,,/data/kernelbench-v3/references/3_GroupedQueryAttention.py
MiniMax M2.7,H100,4,5_MoE_GatedGEMM.py,False,False,,,,15,199258,0.078534,,,,run_20260318_095510,,/data/kernelbench-v3/references/5_MoE_GatedGEMM.py
MiniMax M2.7,H100,1,gemm_bf16.py,False,False,,,,10,87426,0.0318,,,,run_20260318_095510,,/data/kernelbench-v3/references/gemm_bf16.py
MiniMax M2.7,H100,1,gemm_bias_gelu.py,False,False,,,,10,69531,0.026759,,,,run_20260318_095510,,/data/kernelbench-v3/references/gemm_bias_gelu.py
MiniMax M2.7,H100,4,7_GatedDeltaNet.py,False,False,,,,15,166310,0.067487,,,,run_20260318_095510,,/data/kernelbench-v3/references/7_GatedDeltaNet.py
MiniMax M2.7,H100,4,8_KimiDeltaAttention.py,True,True,1.0005427876143282,11.207792282104492,11.201712131500244,15,199965,0.080679,attention,pytorch_eager,fp32,run_20260318_095510,/data/kernelbench-v3/solutions/MiniMax M2.7_H100_8_KimiDeltaAttention.py.txt,/data/kernelbench-v3/references/8_KimiDeltaAttention.py
MiniMax M2.7,H100,1,gemm_bias_relu.py,False,False,,,,10,94464,0.034752,,,,run_20260318_095510,,/data/kernelbench-v3/references/gemm_bias_relu.py
MiniMax M2.7,H100,4,6_INT4_Quantized_GEMM.py,False,False,,,,15,696581,0.249709,,,,run_20260318_095510,,/data/kernelbench-v3/references/6_INT4_Quantized_GEMM.py
MiniMax M2.7,H100,1,gemm_mixed_fp8_fp16.py,False,False,,,,10,105336,0.039674,,,,run_20260318_095510,,/data/kernelbench-v3/references/gemm_mixed_fp8_fp16.py
MiniMax M2.7,H100,1,gemm_fp8.py,False,False,,,,10,115459,0.044879,,,,run_20260318_095510,,/data/kernelbench-v3/references/gemm_fp8.py
MiniMax M2.7,H100,1,gemm_bias_silu.py,False,False,,,,10,105403,0.045928,,,,run_20260318_095510,,/data/kernelbench-v3/references/gemm_bias_silu.py
MiniMax M2.7,H100,1,gemm_residual_add.py,False,False,,,,2,0,,,,,run_20260318_095510,,/data/kernelbench-v3/references/gemm_residual_add.py
MiniMax M2.7,H100,1,gemm_fp4.py,False,False,,,,10,102815,0.044352,,,,run_20260318_095510,,/data/kernelbench-v3/references/gemm_fp4.py
MiniMax M2.7,H100,1,gemv_fp8.py,False,False,,,,3,0,,,,,run_20260318_095510,,/data/kernelbench-v3/references/gemv_fp8.py
MiniMax M2.7,H100,1,gemv_bf16.py,True,True,0.030450351785359955,0.12326399981975555,4.04803204536438,10,107277,0.042087,gemv,torch_compile,bf16,run_20260318_095510,/data/kernelbench-v3/solutions/MiniMax M2.7_H100_gemv_bf16.py.txt,/data/kernelbench-v3/references/gemv_bf16.py
MiniMax M2.7,H100,1,gemv_fp4.py,True,True,0.04830092456004243,0.3776800036430359,7.81931209564209,10,90660,0.039195,gemv,torch_compile,int8,run_20260318_095510,/data/kernelbench-v3/solutions/MiniMax M2.7_H100_gemv_fp4.py.txt,/data/kernelbench-v3/references/gemv_fp4.py
MiniMax M2.7,H100,1,gemv_fp16.py,True,False,,,,10,161708,0.070828,,,fp16,run_20260318_095510,/data/kernelbench-v3/solutions/MiniMax M2.7_H100_gemv_fp16.py.txt,/data/kernelbench-v3/references/gemv_fp16.py
MiniMax M2.7,H100,1,moe_grouped_gemm.py,True,False,,,,10,163546,0.070291,,,fp32,run_20260318_095510,/data/kernelbench-v3/solutions/MiniMax M2.7_H100_moe_grouped_gemm.py.txt,/data/kernelbench-v3/references/moe_grouped_gemm.py
MiniMax M2.7,B200,1,2_Standard_matrix_multiplication_.py,False,False,,,,10,116775,0.042097,,,,run_20260318_111835,,/data/kernelbench-v3/references/2_Standard_matrix_multiplication_.py
MiniMax M2.7,B200,1,26_GELU_.py,True,True,0.08820441118321651,0.04838399961590767,0.5485439896583557,10,76382,0.029262,elementwise,torch_compile,fp32,run_20260318_111835,/data/kernelbench-v3/solutions/MiniMax M2.7_B200_26_GELU_.py.txt,/data/kernelbench-v3/references/26_GELU_.py
MiniMax M2.7,B200,1,23_Softmax.py,True,False,,,,10,82522,0.033769,,,fp32,run_20260318_111835,/data/kernelbench-v3/solutions/MiniMax M2.7_B200_23_Softmax.py.txt,/data/kernelbench-v3/references/23_Softmax.py
MiniMax M2.7,B200,1,1_Square_matrix_multiplication_.py,False,False,,,,10,202417,0.079236,,,,run_20260318_111835,,/data/kernelbench-v3/references/1_Square_matrix_multiplication_.py
MiniMax M2.7,B200,1,3_Batched_matrix_multiplication.py,False,False,,,,10,117901,0.045068,,,,run_20260318_111835,,/data/kernelbench-v3/references/3_Batched_matrix_multiplication.py
MiniMax M2.7,B200,1,36_RMSNorm_.py,False,False,,,,10,98642,0.039329,,,,run_20260318_111835,,/data/kernelbench-v3/references/36_RMSNorm_.py
MiniMax M2.7,B200,1,40_LayerNorm.py,True,False,,,,10,124527,0.04824,,,fp32,run_20260318_111835,/data/kernelbench-v3/solutions/MiniMax M2.7_B200_40_LayerNorm.py.txt,/data/kernelbench-v3/references/40_LayerNorm.py
MiniMax M2.7,B200,1,47_Sum_reduction_over_a_dimension.py,True,False,,,,10,60987,0.024169,,,fp32,run_20260318_111835,/data/kernelbench-v3/solutions/MiniMax M2.7_B200_47_Sum_reduction_over_a_dimension.py.txt,/data/kernelbench-v3/references/47_Sum_reduction_over_a_dimension.py
MiniMax M2.7,B200,1,42_Max_Pooling_2D.py,True,True,1.9292360979390923,0.3184320032596588,0.1650560051202774,10,78686,0.033501,reduction,pytorch_eager,fp32,run_20260318_111835,/data/kernelbench-v3/solutions/MiniMax M2.7_B200_42_Max_Pooling_2D.py.txt,/data/kernelbench-v3/references/42_Max_Pooling_2D.py
MiniMax M2.7,B200,1,4_Matrix_vector_multiplication_.py,False,False,,,,10,119535,0.048538,,,,run_20260318_111835,,/data/kernelbench-v3/references/4_Matrix_vector_multiplication_.py
MiniMax M2.7,B200,1,8_Matmul_with_irregular_shapes_.py,True,False,,,,10,68124,0.028201,,,fp32,run_20260318_111835,/data/kernelbench-v3/solutions/MiniMax M2.7_B200_8_Matmul_with_irregular_shapes_.py.txt,/data/kernelbench-v3/references/8_Matmul_with_irregular_shapes_.py
MiniMax M2.7,B200,1,63_conv_standard_2D__square_input__square_kernel.py,False,False,,,,10,138518,0.057322,,,,run_20260318_111835,,/data/kernelbench-v3/references/63_conv_standard_2D__square_input__square_kernel.py
MiniMax M2.7,B200,1,82_conv_depthwise_2D_square_input_square_kernel.py,True,True,1.0530704694847117,0.04444799944758415,0.042208001017570496,10,128268,0.055961,conv,pytorch_eager,fp32,run_20260318_111835,/data/kernelbench-v3/solutions/MiniMax M2.7_B200_82_conv_depthwise_2D_square_input_square_kernel.py.txt,/data/kernelbench-v3/references/82_conv_depthwise_2D_square_input_square_kernel.py
MiniMax M2.7,B200,1,95_CrossEntropyLoss.py,True,False,,,,10,80152,0.033235,,,fp32,run_20260318_111835,/data/kernelbench-v3/solutions/MiniMax M2.7_B200_95_CrossEntropyLoss.py.txt,/data/kernelbench-v3/references/95_CrossEntropyLoss.py
MiniMax M2.7,B200,1,9_Tall_skinny_matrix_multiplication_.py,False,False,,,,10,75575,0.031812,,,,run_20260318_111835,,/data/kernelbench-v3/references/9_Tall_skinny_matrix_multiplication_.py
MiniMax M2.7,B200,2,17_Conv2d_InstanceNorm_Divide.py,True,False,,,,12,94225,0.037177,,,fp32,run_20260318_111835,/data/kernelbench-v3/solutions/MiniMax M2.7_B200_17_Conv2d_InstanceNorm_Divide.py.txt,/data/kernelbench-v3/references/17_Conv2d_InstanceNorm_Divide.py
MiniMax M2.7,B200,2,40_Matmul_Scaling_ResidualAdd.py,True,False,,,,12,103525,0.042794,,,fp32,run_20260318_111835,/data/kernelbench-v3/solutions/MiniMax M2.7_B200_40_Matmul_Scaling_ResidualAdd.py.txt,/data/kernelbench-v3/references/40_Matmul_Scaling_ResidualAdd.py
MiniMax M2.7,B200,2,46_Conv2d_Subtract_Tanh_Subtract_AvgPool.py,True,False,,,,12,108635,0.043754,,,fp32,run_20260318_111835,/data/kernelbench-v3/solutions/MiniMax M2.7_B200_46_Conv2d_Subtract_Tanh_Subtract_AvgPool.py.txt,/data/kernelbench-v3/references/46_Conv2d_Subtract_Tanh_Subtract_AvgPool.py
MiniMax M2.7,B200,2,55_Matmul_MaxPool_Sum_Scale.py,False,False,,,,3,0,,,,,run_20260318_111835,,/data/kernelbench-v3/references/55_Matmul_MaxPool_Sum_Scale.py
MiniMax M2.7,B200,2,52_Conv2d_Activation_BatchNorm.py,True,True,0.8257754778169447,0.20103999972343445,0.24345600605010986,12,135115,0.056753,fused,torch_compile,fp32,run_20260318_111835,/data/kernelbench-v3/solutions/MiniMax M2.7_B200_52_Conv2d_Activation_BatchNorm.py.txt,/data/kernelbench-v3/references/52_Conv2d_Activation_BatchNorm.py
MiniMax M2.7,B200,2,66_Matmul_Dropout_Mean_Softmax.py,True,True,1.0029037737308562,0.16025599837303162,0.159791998565197,12,88608,0.039416,fused,pytorch_eager,fp32,run_20260318_111835,/data/kernelbench-v3/solutions/MiniMax M2.7_B200_66_Matmul_Dropout_Mean_Softmax.py.txt,/data/kernelbench-v3/references/66_Matmul_Dropout_Mean_Softmax.py
MiniMax M2.7,B200,2,59_Matmul_Swish_Scaling.py,True,True,1.2829051553464552,0.19415999948978424,0.15134400129318237,12,165676,0.065374,fused,torch_compile,fp32,run_20260318_111835,/data/kernelbench-v3/solutions/MiniMax M2.7_B200_59_Matmul_Swish_Scaling.py.txt,/data/kernelbench-v3/references/59_Matmul_Swish_Scaling.py
MiniMax M2.7,B200,2,82_Conv2d_Tanh_Scaling_BiasAdd_Max.py,False,False,,,,12,109263,0.042923,,,,run_20260318_111835,,/data/kernelbench-v3/references/82_Conv2d_Tanh_Scaling_BiasAdd_Max.py
MiniMax M2.7,B200,2,6_Conv3d_Softmax_MaxPool_MaxPool.py,True,False,,,,12,146567,0.061934,,,fp32,run_20260318_111835,/data/kernelbench-v3/solutions/MiniMax M2.7_B200_6_Conv3d_Softmax_MaxPool_MaxPool.py.txt,/data/kernelbench-v3/references/6_Conv3d_Softmax_MaxPool_MaxPool.py
MiniMax M2.7,B200,2,85_Conv2d_GroupNorm_Scale_MaxPool_Clamp.py,False,False,,,,6,0,,,,,run_20260318_111835,,/data/kernelbench-v3/references/85_Conv2d_GroupNorm_Scale_MaxPool_Clamp.py
MiniMax M2.7,B200,2,86_Matmul_Divide_GELU.py,True,False,,,,12,84589,0.030888,,,fp32,run_20260318_111835,/data/kernelbench-v3/solutions/MiniMax M2.7_B200_86_Matmul_Divide_GELU.py.txt,/data/kernelbench-v3/references/86_Matmul_Divide_GELU.py
MiniMax M2.7,B200,2,73_Conv2d_BatchNorm_Scaling.py,True,False,,,,12,257894,0.10606,,,fp32,run_20260318_111835,/data/kernelbench-v3/solutions/MiniMax M2.7_B200_73_Conv2d_BatchNorm_Scaling.py.txt,/data/kernelbench-v3/references/73_Conv2d_BatchNorm_Scaling.py
MiniMax M2.7,B200,2,99_Matmul_GELU_Softmax.py,True,False,,,,12,145054,0.059778,,,fp32,run_20260318_111835,/data/kernelbench-v3/solutions/MiniMax M2.7_B200_99_Matmul_GELU_Softmax.py.txt,/data/kernelbench-v3/references/99_Matmul_GELU_Softmax.py
MiniMax M2.7,B200,2,98_Matmul_AvgPool_GELU_Scale_Max.py,True,False,,,,12,168296,0.071938,,,fp32,run_20260318_111835,/data/kernelbench-v3/solutions/MiniMax M2.7_B200_98_Matmul_AvgPool_GELU_Scale_Max.py.txt,/data/kernelbench-v3/references/98_Matmul_AvgPool_GELU_Scale_Max.py
MiniMax M2.7,B200,3,31_VisionAttention.py,True,True,0.6069770321376966,9.630559921264648,15.866432189941406,15,104739,0.041233,attention,torch_compile,fp32,run_20260318_111835,/data/kernelbench-v3/solutions/MiniMax M2.7_B200_31_VisionAttention.py.txt,/data/kernelbench-v3/references/31_VisionAttention.py
MiniMax M2.7,B200,3,44_MiniGPTBlock.py,False,False,,,,3,0,,,,,run_20260318_111835,,/data/kernelbench-v3/references/44_MiniGPTBlock.py
MiniMax M2.7,B200,3,43_MinGPTCausalAttention.py,False,False,,,,15,274803,0.107664,,,,run_20260318_111835,,/data/kernelbench-v3/references/43_MinGPTCausalAttention.py
MiniMax M2.7,B200,4,1_DeepSeek_MLA.py,False,False,,,,15,350373,0.13863,,,,run_20260318_111835,,/data/kernelbench-v3/references/1_DeepSeek_MLA.py
MiniMax M2.7,B200,4,2_DeepSeek_MoE.py,False,False,,,,15,226116,0.088984,,,,run_20260318_111835,,/data/kernelbench-v3/references/2_DeepSeek_MoE.py
MiniMax M2.7,B200,4,4_FP8_Matmul.py,False,False,,,,15,155643,0.057759,,,,run_20260318_111835,,/data/kernelbench-v3/references/4_FP8_Matmul.py
MiniMax M2.7,B200,4,3_GroupedQueryAttention.py,False,False,,,,15,271400,0.106264,,,,run_20260318_111835,,/data/kernelbench-v3/references/3_GroupedQueryAttention.py
MiniMax M2.7,B200,4,5_MoE_GatedGEMM.py,False,False,,,,15,397589,0.146152,,,,run_20260318_111835,,/data/kernelbench-v3/references/5_MoE_GatedGEMM.py
MiniMax M2.7,B200,4,7_GatedDeltaNet.py,False,False,,,,15,206842,0.078095,,,,run_20260318_111835,,/data/kernelbench-v3/references/7_GatedDeltaNet.py
MiniMax M2.7,B200,4,6_INT4_Quantized_GEMM.py,True,False,,,,15,222185,0.085411,,,fp16,run_20260318_111835,/data/kernelbench-v3/solutions/MiniMax M2.7_B200_6_INT4_Quantized_GEMM.py.txt,/data/kernelbench-v3/references/6_INT4_Quantized_GEMM.py
MiniMax M2.7,B200,1,gemm_bf16.py,False,False,,,,10,115311,0.041979,,,,run_20260318_111835,,/data/kernelbench-v3/references/gemm_bf16.py
MiniMax M2.7,B200,4,8_KimiDeltaAttention.py,True,False,,,,15,267422,0.104827,,,fp32,run_20260318_111835,/data/kernelbench-v3/solutions/MiniMax M2.7_B200_8_KimiDeltaAttention.py.txt,/data/kernelbench-v3/references/8_KimiDeltaAttention.py
MiniMax M2.7,B200,4,9_FP4_BlockScaled_Matmul.py,False,False,,,,15,631895,0.217072,,,,run_20260318_111835,,/data/kernelbench-v3/references/9_FP4_BlockScaled_Matmul.py
MiniMax M2.7,B200,1,gemm_bias_relu.py,False,False,,,,10,66694,0.022472,,,,run_20260318_111835,,/data/kernelbench-v3/references/gemm_bias_relu.py
MiniMax M2.7,B200,1,gemm_fp4.py,False,False,,,,10,122378,0.041011,,,,run_20260318_111835,,/data/kernelbench-v3/references/gemm_fp4.py
MiniMax M2.7,B200,1,gemm_bias_silu.py,False,False,,,,10,112636,0.040984,,,,run_20260318_111835,,/data/kernelbench-v3/references/gemm_bias_silu.py
MiniMax M2.7,B200,1,gemm_bias_gelu.py,True,False,,,,10,83500,0.034161,,,fp16,run_20260318_111835,/data/kernelbench-v3/solutions/MiniMax M2.7_B200_gemm_bias_gelu.py.txt,/data/kernelbench-v3/references/gemm_bias_gelu.py
MiniMax M2.7,B200,1,gemm_fp8.py,True,False,,,,10,99032,0.037015,,,int8,run_20260318_111835,/data/kernelbench-v3/solutions/MiniMax M2.7_B200_gemm_fp8.py.txt,/data/kernelbench-v3/references/gemm_fp8.py
MiniMax M2.7,B200,1,gemm_mixed_fp8_fp16.py,False,False,,,,10,139712,0.047975,,,,run_20260318_111835,,/data/kernelbench-v3/references/gemm_mixed_fp8_fp16.py
MiniMax M2.7,B200,1,gemm_residual_add.py,False,False,,,,10,110955,0.042208,,,,run_20260318_111835,,/data/kernelbench-v3/references/gemm_residual_add.py
MiniMax M2.7,B200,1,gemv_bf16.py,False,False,,,,2,0,,,,,run_20260318_111835,,/data/kernelbench-v3/references/gemv_bf16.py
MiniMax M2.7,B200,1,gemv_fp4.py,False,False,,,,10,94528,0.039224,,,,run_20260318_111835,,/data/kernelbench-v3/references/gemv_fp4.py
MiniMax M2.7,B200,1,gemv_fp16.py,True,False,,,,10,90064,0.037164,,,fp16,run_20260318_111835,/data/kernelbench-v3/solutions/MiniMax M2.7_B200_gemv_fp16.py.txt,/data/kernelbench-v3/references/gemv_fp16.py
MiniMax M2.7,B200,2,37_Matmul_Swish_Sum_GroupNorm.py,False,False,,,,12,119349,0.04564,,,,run_20260318_111835,,/data/kernelbench-v3/references/37_Matmul_Swish_Sum_GroupNorm.py
MiniMax M2.7,B200,1,stream_k_gemm.py,False,False,,,,10,95067,0.034234,,,,run_20260318_111835,,/data/kernelbench-v3/references/stream_k_gemm.py
MiniMax M2.7,B200,1,persistent_gemm.py,False,False,,,,10,69272,0.027175,,,,run_20260318_111835,,/data/kernelbench-v3/references/persistent_gemm.py
MiniMax M2.7,B200,1,moe_grouped_gemm.py,False,False,,,,10,133801,0.050521,,,,run_20260318_111835,,/data/kernelbench-v3/references/moe_grouped_gemm.py
MiniMax M2.7,B200,1,warp_specialized_gemm.py,False,False,,,,10,77861,0.026508,,,,run_20260318_111835,,/data/kernelbench-v3/references/warp_specialized_gemm.py
MiniMax M2.7,B200,1,gemv_fp8.py,True,True,0.010334857046507618,0.284511998295784,27.529359817504883,10,123934,0.051229,gemv,torch_compile,int8,run_20260318_111835,/data/kernelbench-v3/solutions/MiniMax M2.7_B200_gemv_fp8.py.txt,/data/kernelbench-v3/references/gemv_fp8.py
Kerminal Default,H100,1,1_Square_matrix_multiplication_.py,True,True,0.6859605157025848,0.3591360002756119,0.5235520005226135,2,431042,,gemm,pytorch_eager,fp32,combined_run_20260516_110448_retry_20260517_085420,outputs/operator_review/kerminal_h100_run_20260516_110448_with_l1_retry_20260517_085420/operators/L1_1_Square_matrix_multiplication/solution.py,outputs/operator_review/kerminal_h100_run_20260516_110448_with_l1_retry_20260517_085420/operators/L1_1_Square_matrix_multiplication/baseline.py
Kerminal Default,H100,1,23_Softmax.py,True,True,0.778008300509003,0.024000000208616257,0.030848000198602676,1,85720,,softmax,pytorch_eager,fp32,combined_run_20260516_110448_retry_20260517_085420,outputs/operator_review/kerminal_h100_run_20260516_110448_with_l1_retry_20260517_085420/operators/L1_23_Softmax/solution.py,outputs/operator_review/kerminal_h100_run_20260516_110448_with_l1_retry_20260517_085420/operators/L1_23_Softmax/baseline.py
Kerminal Default,H100,1,26_GELU_.py,True,True,0.9463034556959525,0.01945599913597107,0.020560000091791153,1,54579,,elementwise,pytorch_eager,fp32,combined_run_20260516_110448_retry_20260517_085420,outputs/operator_review/kerminal_h100_run_20260516_110448_with_l1_retry_20260517_085420/operators/L1_26_GELU/solution.py,outputs/operator_review/kerminal_h100_run_20260516_110448_with_l1_retry_20260517_085420/operators/L1_26_GELU/baseline.py
Kerminal Default,H100,1,2_Standard_matrix_multiplication_.py,True,True,0.7628499314318231,0.40464000403881073,0.5304319858551025,1,377052,,gemm,pytorch_eager,fp32,combined_run_20260516_110448_retry_20260517_085420,outputs/operator_review/kerminal_h100_run_20260516_110448_with_l1_retry_20260517_085420/operators/L1_2_Standard_matrix_multiplication/solution.py,outputs/operator_review/kerminal_h100_run_20260516_110448_with_l1_retry_20260517_085420/operators/L1_2_Standard_matrix_multiplication/baseline.py
Kerminal Default,H100,1,36_RMSNorm_.py,True,True,1.8103430544047534,0.5421760082244873,0.29948799312114716,1,320549,,layernorm,torch_compile,fp32,combined_run_20260516_110448_retry_20260517_085420,outputs/operator_review/kerminal_h100_run_20260516_110448_with_l1_retry_20260517_085420/operators/L1_36_RMSNorm/solution.py,outputs/operator_review/kerminal_h100_run_20260516_110448_with_l1_retry_20260517_085420/operators/L1_36_RMSNorm/baseline.py
Kerminal Default,H100,1,3_Batched_matrix_multiplication.py,True,True,0.7022947341995377,0.11017599701881409,0.1568799987435341,1,220820,,gemm,pytorch_eager,fp32,combined_run_20260516_110448_retry_20260517_085420,outputs/operator_review/kerminal_h100_run_20260516_110448_with_l1_retry_20260517_085420/operators/L1_3_Batched_matrix_multiplication/solution.py,outputs/operator_review/kerminal_h100_run_20260516_110448_with_l1_retry_20260517_085420/operators/L1_3_Batched_matrix_multiplication/baseline.py
Kerminal Default,H100,1,40_LayerNorm.py,True,True,2.1836826610176456,0.6967520117759705,0.31907200813293457,1,156074,,layernorm,torch_compile,fp32,combined_run_20260516_110448_retry_20260517_085420,outputs/operator_review/kerminal_h100_run_20260516_110448_with_l1_retry_20260517_085420/operators/L1_40_LayerNorm/solution.py,outputs/operator_review/kerminal_h100_run_20260516_110448_with_l1_retry_20260517_085420/operators/L1_40_LayerNorm/baseline.py
Kerminal Default,H100,1,42_Max_Pooling_2D.py,True,True,1.728001079433832,0.41411200165748596,0.2396479994058609,1,70533,,reduction,pytorch_eager,fp32,combined_run_20260516_110448_retry_20260517_085420,outputs/operator_review/kerminal_h100_run_20260516_110448_with_l1_retry_20260517_085420/operators/L1_42_Max_Pooling_2D/solution.py,outputs/operator_review/kerminal_h100_run_20260516_110448_with_l1_retry_20260517_085420/operators/L1_42_Max_Pooling_2D/baseline.py
Kerminal Default,H100,1,47_Sum_reduction_over_a_dimension.py,True,True,1.2157068040489372,0.0185759998857975,0.015279999934136868,1,1387414,,reduction,pytorch_eager,fp32,combined_run_20260516_110448_retry_20260517_085420,outputs/operator_review/kerminal_h100_run_20260516_110448_with_l1_retry_20260517_085420/operators/L1_47_Sum_reduction_over_a_dimension/solution.py,outputs/operator_review/kerminal_h100_run_20260516_110448_with_l1_retry_20260517_085420/operators/L1_47_Sum_reduction_over_a_dimension/baseline.py
Kerminal Default,H100,1,4_Matrix_vector_multiplication_.py,True,False,,,,1,593830,,,,fp32,combined_run_20260516_110448_retry_20260517_085420,outputs/operator_review/kerminal_h100_run_20260516_110448_with_l1_retry_20260517_085420/operators/L1_4_Matrix_vector_multiplication/solution.py,outputs/operator_review/kerminal_h100_run_20260516_110448_with_l1_retry_20260517_085420/operators/L1_4_Matrix_vector_multiplication/baseline.py
Kerminal Default,H100,1,63_conv_standard_2D__square_input__square_kernel.py,True,True,0.4639858579051073,0.24756800383329391,0.5335679948329926,1,90588,,conv,pytorch_eager,fp32,combined_run_20260516_110448_retry_20260517_085420,outputs/operator_review/kerminal_h100_run_20260516_110448_with_l1_retry_20260517_085420/operators/L1_63_conv_standard_2D__square_input__square_kernel/solution.py,outputs/operator_review/kerminal_h100_run_20260516_110448_with_l1_retry_20260517_085420/operators/L1_63_conv_standard_2D__square_input__square_kernel/baseline.py
Kerminal Default,H100,1,82_conv_depthwise_2D_square_input_square_kernel.py,True,True,1.0597071142657248,0.045152001082897186,0.042608000338077545,1,121450,,conv,pytorch_eager,fp32,combined_run_20260516_110448_retry_20260517_085420,outputs/operator_review/kerminal_h100_run_20260516_110448_with_l1_retry_20260517_085420/operators/L1_82_conv_depthwise_2D_square_input_square_kernel/solution.py,outputs/operator_review/kerminal_h100_run_20260516_110448_with_l1_retry_20260517_085420/operators/L1_82_conv_depthwise_2D_square_input_square_kernel/baseline.py
Kerminal Default,H100,1,8_Matmul_with_irregular_shapes_.py,False,False,,,,0,0,,,,,combined_run_20260516_110448_retry_20260517_085420,outputs/operator_review/kerminal_h100_run_20260516_110448_with_l1_retry_20260517_085420/operators/L1_8_Matmul_with_irregular_shapes/solution.py,outputs/operator_review/kerminal_h100_run_20260516_110448_with_l1_retry_20260517_085420/operators/L1_8_Matmul_with_irregular_shapes/baseline.py
Kerminal Default,H100,1,95_CrossEntropyLoss.py,True,True,2.1236832191421495,0.08708800002932549,0.04100799933075905,1,97897,,reduction,torch_compile,fp32,combined_run_20260516_110448_retry_20260517_085420,outputs/operator_review/kerminal_h100_run_20260516_110448_with_l1_retry_20260517_085420/operators/L1_95_CrossEntropyLoss/solution.py,outputs/operator_review/kerminal_h100_run_20260516_110448_with_l1_retry_20260517_085420/operators/L1_95_CrossEntropyLoss/baseline.py
Kerminal Default,H100,1,9_Tall_skinny_matrix_multiplication_.py,True,True,1.3649835006568836,0.5423679947853088,0.3973439931869507,1,179894,,gemm,torch_compile,fp32,combined_run_20260516_110448_retry_20260517_085420,outputs/operator_review/kerminal_h100_run_20260516_110448_with_l1_retry_20260517_085420/operators/L1_9_Tall_skinny_matrix_multiplication/solution.py,outputs/operator_review/kerminal_h100_run_20260516_110448_with_l1_retry_20260517_085420/operators/L1_9_Tall_skinny_matrix_multiplication/baseline.py
Kerminal Default,H100,2,17_Conv2d_InstanceNorm_Divide.py,True,True,0.6422774365606392,0.2481760010123253,0.3863999992609024,1,248656,,fused,torch_compile,fp32,combined_run_20260516_110448_retry_20260517_085420,outputs/operator_review/kerminal_h100_run_20260516_110448_with_l1_retry_20260517_085420/operators/L2_17_Conv2d_InstanceNorm_Divide/solution.py,outputs/operator_review/kerminal_h100_run_20260516_110448_with_l1_retry_20260517_085420/operators/L2_17_Conv2d_InstanceNorm_Divide/baseline.py
Kerminal Default,H100,2,37_Matmul_Swish_Sum_GroupNorm.py,True,True,2.05029907939603,0.1754399985074997,0.08556800335645676,1,242808,,fused,torch_compile,fp32,combined_run_20260516_110448_retry_20260517_085420,outputs/operator_review/kerminal_h100_run_20260516_110448_with_l1_retry_20260517_085420/operators/L2_37_Matmul_Swish_Sum_GroupNorm/solution.py,outputs/operator_review/kerminal_h100_run_20260516_110448_with_l1_retry_20260517_085420/operators/L2_37_Matmul_Swish_Sum_GroupNorm/baseline.py
Kerminal Default,H100,2,40_Matmul_Scaling_ResidualAdd.py,True,True,1.5645982229820603,0.1722560003399849,0.11009599640965462,1,222734,,fused,torch_compile,fp32,combined_run_20260516_110448_retry_20260517_085420,outputs/operator_review/kerminal_h100_run_20260516_110448_with_l1_retry_20260517_085420/operators/L2_40_Matmul_Scaling_ResidualAdd/solution.py,outputs/operator_review/kerminal_h100_run_20260516_110448_with_l1_retry_20260517_085420/operators/L2_40_Matmul_Scaling_ResidualAdd/baseline.py
Kerminal Default,H100,2,46_Conv2d_Subtract_Tanh_Subtract_AvgPool.py,True,True,0.9530811178529873,0.24993599951267242,0.262240007519722,1,72263,,fused,torch_compile,fp32,combined_run_20260516_110448_retry_20260517_085420,outputs/operator_review/kerminal_h100_run_20260516_110448_with_l1_retry_20260517_085420/operators/L2_46_Conv2d_Subtract_Tanh_Subtract_AvgPool/solution.py,outputs/operator_review/kerminal_h100_run_20260516_110448_with_l1_retry_20260517_085420/operators/L2_46_Conv2d_Subtract_Tanh_Subtract_AvgPool/baseline.py
Kerminal Default,H100,2,52_Conv2d_Activation_BatchNorm.py,True,True,0.7002798327668589,0.20822400599718094,0.29734399914741516,1,109599,,fused,torch_compile,fp32,combined_run_20260516_110448_retry_20260517_085420,outputs/operator_review/kerminal_h100_run_20260516_110448_with_l1_retry_20260517_085420/operators/L2_52_Conv2d_Activation_BatchNorm/solution.py,outputs/operator_review/kerminal_h100_run_20260516_110448_with_l1_retry_20260517_085420/operators/L2_52_Conv2d_Activation_BatchNorm/baseline.py
Kerminal Default,H100,2,55_Matmul_MaxPool_Sum_Scale.py,True,True,2.790355079884494,0.22126399725675583,0.07929600030183792,2,362873,,fused,pytorch_eager,fp32,combined_run_20260516_110448_retry_20260517_085420,outputs/operator_review/kerminal_h100_run_20260516_110448_with_l1_retry_20260517_085420/operators/L2_55_Matmul_MaxPool_Sum_Scale/solution.py,outputs/operator_review/kerminal_h100_run_20260516_110448_with_l1_retry_20260517_085420/operators/L2_55_Matmul_MaxPool_Sum_Scale/baseline.py
Kerminal Default,H100,2,59_Matmul_Swish_Scaling.py,True,True,2.1089030192332827,0.16979199647903442,0.08051199838519096,1,229767,,fused,torch_compile,fp32,combined_run_20260516_110448_retry_20260517_085420,outputs/operator_review/kerminal_h100_run_20260516_110448_with_l1_retry_20260517_085420/operators/L2_59_Matmul_Swish_Scaling/solution.py,outputs/operator_review/kerminal_h100_run_20260516_110448_with_l1_retry_20260517_085420/operators/L2_59_Matmul_Swish_Scaling/baseline.py
Kerminal Default,H100,2,66_Matmul_Dropout_Mean_Softmax.py,True,True,2.4839309009862496,0.2139360010623932,0.08612800016999245,1,91877,,fused,pytorch_eager,fp32,combined_run_20260516_110448_retry_20260517_085420,outputs/operator_review/kerminal_h100_run_20260516_110448_with_l1_retry_20260517_085420/operators/L2_66_Matmul_Dropout_Mean_Softmax/solution.py,outputs/operator_review/kerminal_h100_run_20260516_110448_with_l1_retry_20260517_085420/operators/L2_66_Matmul_Dropout_Mean_Softmax/baseline.py
Kerminal Default,H100,2,6_Conv3d_Softmax_MaxPool_MaxPool.py,True,True,2.8925817372800595,2.0637760162353516,0.7134719789028168,1,1117730,,fused,pytorch_eager,fp32,combined_run_20260516_110448_retry_20260517_085420,outputs/operator_review/kerminal_h100_run_20260516_110448_with_l1_retry_20260517_085420/operators/L2_6_Conv3d_Softmax_MaxPool_MaxPool/solution.py,outputs/operator_review/kerminal_h100_run_20260516_110448_with_l1_retry_20260517_085420/operators/L2_6_Conv3d_Softmax_MaxPool_MaxPool/baseline.py
Kerminal Default,H100,2,73_Conv2d_BatchNorm_Scaling.py,True,True,1.0203118809763045,0.20414400100708008,0.2000799998641014,1,312875,,fused,torch_compile,fp32,combined_run_20260516_110448_retry_20260517_085420,outputs/operator_review/kerminal_h100_run_20260516_110448_with_l1_retry_20260517_085420/operators/L2_73_Conv2d_BatchNorm_Scaling/solution.py,outputs/operator_review/kerminal_h100_run_20260516_110448_with_l1_retry_20260517_085420/operators/L2_73_Conv2d_BatchNorm_Scaling/baseline.py
Kerminal Default,H100,2,82_Conv2d_Tanh_Scaling_BiasAdd_Max.py,True,True,0.9593561812976109,0.24510399997234344,0.25548800826072693,1,148789,,fused,torch_compile,fp32,combined_run_20260516_110448_retry_20260517_085420,outputs/operator_review/kerminal_h100_run_20260516_110448_with_l1_retry_20260517_085420/operators/L2_82_Conv2d_Tanh_Scaling_BiasAdd_Max/solution.py,outputs/operator_review/kerminal_h100_run_20260516_110448_with_l1_retry_20260517_085420/operators/L2_82_Conv2d_Tanh_Scaling_BiasAdd_Max/baseline.py
Kerminal Default,H100,2,85_Conv2d_GroupNorm_Scale_MaxPool_Clamp.py,True,True,0.7662251112807688,0.29336000978946686,0.38286399841308594,1,204993,,fused,torch_compile,fp32,combined_run_20260516_110448_retry_20260517_085420,outputs/operator_review/kerminal_h100_run_20260516_110448_with_l1_retry_20260517_085420/operators/L2_85_Conv2d_GroupNorm_Scale_MaxPool_Clamp/solution.py,outputs/operator_review/kerminal_h100_run_20260516_110448_with_l1_retry_20260517_085420/operators/L2_85_Conv2d_GroupNorm_Scale_MaxPool_Clamp/baseline.py
Kerminal Default,H100,2,86_Matmul_Divide_GELU.py,True,True,2.4910818632471283,0.17206399887800217,0.06907199695706367,1,558234,,fused,torch_compile,fp32,combined_run_20260516_110448_retry_20260517_085420,outputs/operator_review/kerminal_h100_run_20260516_110448_with_l1_retry_20260517_085420/operators/L2_86_Matmul_Divide_GELU/solution.py,outputs/operator_review/kerminal_h100_run_20260516_110448_with_l1_retry_20260517_085420/operators/L2_86_Matmul_Divide_GELU/baseline.py
Kerminal Default,H100,2,98_Matmul_AvgPool_GELU_Scale_Max.py,True,True,2.0365037533951083,0.22404800355434418,0.11001600325107574,1,579276,,fused,pytorch_eager,fp32,combined_run_20260516_110448_retry_20260517_085420,outputs/operator_review/kerminal_h100_run_20260516_110448_with_l1_retry_20260517_085420/operators/L2_98_Matmul_AvgPool_GELU_Scale_Max/solution.py,outputs/operator_review/kerminal_h100_run_20260516_110448_with_l1_retry_20260517_085420/operators/L2_98_Matmul_AvgPool_GELU_Scale_Max/baseline.py
Kerminal Default,H100,2,99_Matmul_GELU_Softmax.py,True,True,2.070752851646715,0.175135999917984,0.08457600325345993,1,391087,,fused,torch_compile,fp32,combined_run_20260516_110448_retry_20260517_085420,outputs/operator_review/kerminal_h100_run_20260516_110448_with_l1_retry_20260517_085420/operators/L2_99_Matmul_GELU_Softmax/solution.py,outputs/operator_review/kerminal_h100_run_20260516_110448_with_l1_retry_20260517_085420/operators/L2_99_Matmul_GELU_Softmax/baseline.py
Kerminal Default,H100,3,31_VisionAttention.py,True,True,10.024694583768449,14.51688003540039,1.4481119513511658,1,171050,,attention,torch_compile,fp32,combined_run_20260516_110448_retry_20260517_085420,outputs/operator_review/kerminal_h100_run_20260516_110448_with_l1_retry_20260517_085420/operators/L3_31_VisionAttention/solution.py,outputs/operator_review/kerminal_h100_run_20260516_110448_with_l1_retry_20260517_085420/operators/L3_31_VisionAttention/baseline.py
Kerminal Default,H100,3,43_MinGPTCausalAttention.py,True,True,1.230085669246647,5.2911200523376465,4.301424026489258,1,162108,,attention,torch_compile,fp32,combined_run_20260516_110448_retry_20260517_085420,outputs/operator_review/kerminal_h100_run_20260516_110448_with_l1_retry_20260517_085420/operators/L3_43_MinGPTCausalAttention/solution.py,outputs/operator_review/kerminal_h100_run_20260516_110448_with_l1_retry_20260517_085420/operators/L3_43_MinGPTCausalAttention/baseline.py
Kerminal Default,H100,3,44_MiniGPTBlock.py,True,True,8.022555580805696,24.34556770324707,3.0346399545669556,1,464890,,model,torch_compile,fp32,combined_run_20260516_110448_retry_20260517_085420,outputs/operator_review/kerminal_h100_run_20260516_110448_with_l1_retry_20260517_085420/operators/L3_44_MiniGPTBlock/solution.py,outputs/operator_review/kerminal_h100_run_20260516_110448_with_l1_retry_20260517_085420/operators/L3_44_MiniGPTBlock/baseline.py
Kerminal Default,H100,4,1_DeepSeek_MLA.py,False,False,,,,0,0,,,,,combined_run_20260516_110448_retry_20260517_085420,,outputs/operator_review/kerminal_h100_run_20260516_110448_with_l1_retry_20260517_085420/operators/L4_1_DeepSeek_MLA/baseline.py
Kerminal Default,H100,4,2_DeepSeek_MoE.py,False,False,,,,0,0,,,,,combined_run_20260516_110448_retry_20260517_085420,outputs/operator_review/kerminal_h100_run_20260516_110448_with_l1_retry_20260517_085420/operators/L4_2_DeepSeek_MoE/solution.py,outputs/operator_review/kerminal_h100_run_20260516_110448_with_l1_retry_20260517_085420/operators/L4_2_DeepSeek_MoE/baseline.py
Kerminal Default,H100,4,3_GroupedQueryAttention.py,True,False,,,,1,266989,,,,fp32,combined_run_20260516_110448_retry_20260517_085420,outputs/operator_review/kerminal_h100_run_20260516_110448_with_l1_retry_20260517_085420/operators/L4_3_GroupedQueryAttention/solution.py,outputs/operator_review/kerminal_h100_run_20260516_110448_with_l1_retry_20260517_085420/operators/L4_3_GroupedQueryAttention/baseline.py
Kerminal Default,H100,4,4_FP8_Matmul.py,True,True,1.1346041732737322,0.7799359858036041,0.6874080002307892,1,723378,,gemm,torch_compile,fp16,combined_run_20260516_110448_retry_20260517_085420,outputs/operator_review/kerminal_h100_run_20260516_110448_with_l1_retry_20260517_085420/operators/L4_4_FP8_Matmul/solution.py,outputs/operator_review/kerminal_h100_run_20260516_110448_with_l1_retry_20260517_085420/operators/L4_4_FP8_Matmul/baseline.py
Kerminal Default,H100,4,5_MoE_GatedGEMM.py,True,True,8.12062331700529,123.06486511230469,15.154608249664307,1,852429,,fused,pytorch_eager,fp32,combined_run_20260516_110448_retry_20260517_085420,outputs/operator_review/kerminal_h100_run_20260516_110448_with_l1_retry_20260517_085420/operators/L4_5_MoE_GatedGEMM/solution.py,outputs/operator_review/kerminal_h100_run_20260516_110448_with_l1_retry_20260517_085420/operators/L4_5_MoE_GatedGEMM/baseline.py
Kerminal Default,H100,4,6_INT4_Quantized_GEMM.py,True,True,1.0433182643128907,1.1568480134010315,1.1088160276412964,1,1219274,,gemm,torch_compile,fp16,combined_run_20260516_110448_retry_20260517_085420,outputs/operator_review/kerminal_h100_run_20260516_110448_with_l1_retry_20260517_085420/operators/L4_6_INT4_Quantized_GEMM/solution.py,outputs/operator_review/kerminal_h100_run_20260516_110448_with_l1_retry_20260517_085420/operators/L4_6_INT4_Quantized_GEMM/baseline.py
Kerminal Default,H100,4,7_GatedDeltaNet.py,False,False,,,,1,3018630,,,,,combined_run_20260516_110448_retry_20260517_085420,outputs/operator_review/kerminal_h100_run_20260516_110448_with_l1_retry_20260517_085420/operators/L4_7_GatedDeltaNet/solution.py,outputs/operator_review/kerminal_h100_run_20260516_110448_with_l1_retry_20260517_085420/operators/L4_7_GatedDeltaNet/baseline.py
Kerminal Default,H100,4,8_KimiDeltaAttention.py,False,False,,,,7,2127354,,,,,combined_run_20260516_110448_retry_20260517_085420,outputs/operator_review/kerminal_h100_run_20260516_110448_with_l1_retry_20260517_085420/operators/L4_8_KimiDeltaAttention/solution.py,outputs/operator_review/kerminal_h100_run_20260516_110448_with_l1_retry_20260517_085420/operators/L4_8_KimiDeltaAttention/baseline.py
Kerminal Default,H100,1,gemm_bf16.py,True,True,1.023809532058909,0.05504000000655651,0.05375999957323074,1,70137,,gemm,pytorch_eager,bf16,combined_run_20260516_110448_retry_20260517_085420,outputs/operator_review/kerminal_h100_run_20260516_110448_with_l1_retry_20260517_085420/operators/L1_gemm_bf16/solution.py,/data/kernelbench-v3/references/gemm_bf16.py
Kerminal Default,H100,1,gemm_bias_gelu.py,True,True,1.1583669696494268,0.1239359974861145,0.10699199885129929,1,377348,,gemm_epilogue,pytorch_eager,fp16,combined_run_20260516_110448_retry_20260517_085420,outputs/operator_review/kerminal_h100_run_20260516_110448_with_l1_retry_20260517_085420/operators/L1_gemm_bias_gelu/solution.py,/data/kernelbench-v3/references/gemm_bias_gelu.py
Kerminal Default,H100,1,gemm_bias_relu.py,True,True,1.3379111708361893,0.1340479999780655,0.10019200295209885,1,55923,,gemm_epilogue,torch_compile,fp16,combined_run_20260516_110448_retry_20260517_085420,outputs/operator_review/kerminal_h100_run_20260516_110448_with_l1_retry_20260517_085420/operators/L1_gemm_bias_relu/solution.py,/data/kernelbench-v3/references/gemm_bias_relu.py
Kerminal Default,H100,1,gemm_bias_silu.py,True,True,1.525680289070852,0.13545599579811096,0.08878399804234505,1,85366,,gemm_epilogue,torch_compile,fp16,combined_run_20260516_110448_retry_20260517_085420,outputs/operator_review/kerminal_h100_run_20260516_110448_with_l1_retry_20260517_085420/operators/L1_gemm_bias_silu/solution.py,/data/kernelbench-v3/references/gemm_bias_silu.py
Kerminal Default,H100,1,gemm_fp4.py,True,True,2.886732086188063,0.44732800126075745,0.154959999024868,1,119391,,gemm,torch_compile,int8,combined_run_20260516_110448_retry_20260517_085420,outputs/operator_review/kerminal_h100_run_20260516_110448_with_l1_retry_20260517_085420/operators/L1_gemm_fp4/solution.py,/data/kernelbench-v3/references/gemm_fp4.py
Kerminal Default,H100,1,gemm_fp8.py,True,True,3.4133054868035817,0.44411200284957886,0.13011199980974197,1,87937,,gemm,torch_compile,int8,combined_run_20260516_110448_retry_20260517_085420,outputs/operator_review/kerminal_h100_run_20260516_110448_with_l1_retry_20260517_085420/operators/L1_gemm_fp8/solution.py,/data/kernelbench-v3/references/gemm_fp8.py
Kerminal Default,H100,1,gemm_mixed_fp8_fp16.py,True,True,1.4338394327215427,0.10576000064611435,0.0737600028514862,1,119477,,gemm,torch_compile,int8,combined_run_20260516_110448_retry_20260517_085420,outputs/operator_review/kerminal_h100_run_20260516_110448_with_l1_retry_20260517_085420/operators/L1_gemm_mixed_fp8_fp16/solution.py,/data/kernelbench-v3/references/gemm_mixed_fp8_fp16.py
Kerminal Default,H100,1,gemm_residual_add.py,True,True,1.0947919069258119,0.09720000252127647,0.08878399804234505,1,165946,,gemm_epilogue,pytorch_eager,fp16,combined_run_20260516_110448_retry_20260517_085420,outputs/operator_review/kerminal_h100_run_20260516_110448_with_l1_retry_20260517_085420/operators/L1_gemm_residual_add/solution.py,/data/kernelbench-v3/references/gemm_residual_add.py
Kerminal Default,H100,1,gemv_bf16.py,True,True,0.9485444743292039,0.0740319974720478,0.07804799824953079,1,212515,,gemv,pytorch_eager,bf16,combined_run_20260516_110448_retry_20260517_085420,outputs/operator_review/kerminal_h100_run_20260516_110448_with_l1_retry_20260517_085420/operators/L1_gemv_bf16/solution.py,/data/kernelbench-v3/references/gemv_bf16.py
Kerminal Default,H100,1,gemv_fp16.py,True,True,1.0145641072899925,0.07579199969768524,0.07470400258898735,1,665537,,gemv,pytorch_eager,fp16,combined_run_20260516_110448_retry_20260517_085420,outputs/operator_review/kerminal_h100_run_20260516_110448_with_l1_retry_20260517_085420/operators/L1_gemv_fp16/solution.py,/data/kernelbench-v3/references/gemv_fp16.py
Kerminal Default,H100,1,gemv_fp4.py,True,True,4.496915178956184,0.3848639875650406,0.08558399975299835,1,157554,,gemv,torch_compile,int8,combined_run_20260516_110448_retry_20260517_085420,outputs/operator_review/kerminal_h100_run_20260516_110448_with_l1_retry_20260517_085420/operators/L1_gemv_fp4/solution.py,/data/kernelbench-v3/references/gemv_fp4.py
Kerminal Default,H100,1,gemv_fp8.py,True,True,4.5585721571420725,0.38415999710559845,0.08427200093865395,1,134879,,gemv,torch_compile,int8,combined_run_20260516_110448_retry_20260517_085420,outputs/operator_review/kerminal_h100_run_20260516_110448_with_l1_retry_20260517_085420/operators/L1_gemv_fp8/solution.py,/data/kernelbench-v3/references/gemv_fp8.py
Kerminal Default,H100,1,moe_grouped_gemm.py,True,True,4.144397105752028,1.9007200002670288,0.458624005317688,1,1221697,,moe_grouped_gemm,pytorch_eager,fp32,combined_run_20260516_110448_retry_20260517_085420,outputs/operator_review/kerminal_h100_run_20260516_110448_with_l1_retry_20260517_085420/operators/L1_moe_grouped_gemm/solution.py,/data/kernelbench-v3/references/moe_grouped_gemm.py
